Added Component: Designator=C1(C_0603)
Add component (AddParameter): Name = "Component Type"; Value = "Capacitor 0603"; VariantName = "[No Variations]"
Add component (AddParameter): Name = "ComponentLink1Description"; Value = "Datasheet"; VariantName = "[No Variations]"
Add component (AddParameter): Name = "ComponentLink1URL"; Value = "https://datasheet.lcsc.com/lcsc/2304140030_TDK-C1608X7S2A104KT000N_C343025.pdf"; VariantName = "[No Variations]"
Add component (AddParameter): Name = "Created from"; Value = "AGeiger"; VariantName = "[No Variations]"
Add component (AddParameter): Name = "Created On"; Value = "20.12.2020 13:54:13"; VariantName = "[No Variations]"
Add component (AddParameter): Name = "Device Package"; Value = "0603"; VariantName = "[No Variations]"
Add component (AddParameter): Name = "Last Updated"; Value = "14.12.2022 12:14:21"; VariantName = "[No Variations]"
Add component (AddParameter): Name = "LCSC Part Number"; Value = "C343025"; VariantName = "[No Variations]"
Add component (AddParameter): Name = "Live Cycle Status"; Value = "1"; VariantName = "[No Variations]"
Add component (AddParameter): Name = "Manufacturer"; Value = "TDK"; VariantName = "[No Variations]"
Add component (AddParameter): Name = "Manufacturer Part Number"; Value = "C1608X7S2A104KT000N"; VariantName = "[No Variations]"
Add component (AddParameter): Name = "Mounting Type"; Value = "SMD"; VariantName = "[No Variations]"
Add component (AddParameter): Name = "Operating Temperature"; Value = "-55 to 125°C"; VariantName = "[No Variations]"
Add component (AddParameter): Name = "PartID"; Value = "148"; VariantName = "[No Variations]"
Add component (AddParameter): Name = "Series"; Value = "X7R"; VariantName = "[No Variations]"
Add component (AddParameter): Name = "Stock number"; Value = "not stored"; VariantName = "[No Variations]"
Add component (AddParameter): Name = "Supplier 1"; Value = "LCSC"; VariantName = "[No Variations]"
Add component (AddParameter): Name = "Supplier Part Number 1"; Value = "C343025"; VariantName = "[No Variations]"
Add component (AddParameter): Name = "Tolerance"; Value = "10 %"; VariantName = "[No Variations]"
Add component (AddParameter): Name = "Type"; Value = "Capacitor"; VariantName = "[No Variations]"
Add component (AddParameter): Name = "Value"; Value = "100 nF"; VariantName = "[No Variations]"
Add component (AddParameter): Name = "Voltage Rating"; Value = "100 VDC"; VariantName = "[No Variations]"
Added Component: Designator=C2(C_0603)
Add component (AddParameter): Name = "Component Type"; Value = "Capacitor 0603"; VariantName = "[No Variations]"
Add component (AddParameter): Name = "ComponentLink1Description"; Value = "Datasheet"; VariantName = "[No Variations]"
Add component (AddParameter): Name = "ComponentLink1URL"; Value = "https://datasheet.lcsc.com/lcsc/2304140030_TDK-C1608X7S2A104KT000N_C343025.pdf"; VariantName = "[No Variations]"
Add component (AddParameter): Name = "Created from"; Value = "AGeiger"; VariantName = "[No Variations]"
Add component (AddParameter): Name = "Created On"; Value = "20.12.2020 13:54:13"; VariantName = "[No Variations]"
Add component (AddParameter): Name = "Device Package"; Value = "0603"; VariantName = "[No Variations]"
Add component (AddParameter): Name = "Last Updated"; Value = "14.12.2022 12:14:21"; VariantName = "[No Variations]"
Add component (AddParameter): Name = "LCSC Part Number"; Value = "C343025"; VariantName = "[No Variations]"
Add component (AddParameter): Name = "Live Cycle Status"; Value = "1"; VariantName = "[No Variations]"
Add component (AddParameter): Name = "Manufacturer"; Value = "TDK"; VariantName = "[No Variations]"
Add component (AddParameter): Name = "Manufacturer Part Number"; Value = "C1608X7S2A104KT000N"; VariantName = "[No Variations]"
Add component (AddParameter): Name = "Mounting Type"; Value = "SMD"; VariantName = "[No Variations]"
Add component (AddParameter): Name = "Operating Temperature"; Value = "-55 to 125°C"; VariantName = "[No Variations]"
Add component (AddParameter): Name = "PartID"; Value = "148"; VariantName = "[No Variations]"
Add component (AddParameter): Name = "Series"; Value = "X7R"; VariantName = "[No Variations]"
Add component (AddParameter): Name = "Stock number"; Value = "not stored"; VariantName = "[No Variations]"
Add component (AddParameter): Name = "Supplier 1"; Value = "LCSC"; VariantName = "[No Variations]"
Add component (AddParameter): Name = "Supplier Part Number 1"; Value = "C343025"; VariantName = "[No Variations]"
Add component (AddParameter): Name = "Tolerance"; Value = "10 %"; VariantName = "[No Variations]"
Add component (AddParameter): Name = "Type"; Value = "Capacitor"; VariantName = "[No Variations]"
Add component (AddParameter): Name = "Value"; Value = "100 nF"; VariantName = "[No Variations]"
Add component (AddParameter): Name = "Voltage Rating"; Value = "100 VDC"; VariantName = "[No Variations]"
Added Component: Designator=C3A(C_0603)
Add component (AddParameter): Name = "Component Type"; Value = "Capacitor 0603"; VariantName = "[No Variations]"
Add component (AddParameter): Name = "ComponentLink1Description"; Value = "Datasheet"; VariantName = "[No Variations]"
Add component (AddParameter): Name = "ComponentLink1URL"; Value = "https://datasheet.lcsc.com/lcsc/2304140030_TDK-C1608X7S2A104KT000N_C343025.pdf"; VariantName = "[No Variations]"
Add component (AddParameter): Name = "Created from"; Value = "AGeiger"; VariantName = "[No Variations]"
Add component (AddParameter): Name = "Created On"; Value = "20.12.2020 13:54:13"; VariantName = "[No Variations]"
Add component (AddParameter): Name = "Device Package"; Value = "0603"; VariantName = "[No Variations]"
Add component (AddParameter): Name = "Last Updated"; Value = "14.12.2022 12:14:21"; VariantName = "[No Variations]"
Add component (AddParameter): Name = "LCSC Part Number"; Value = "C343025"; VariantName = "[No Variations]"
Add component (AddParameter): Name = "Live Cycle Status"; Value = "1"; VariantName = "[No Variations]"
Add component (AddParameter): Name = "Manufacturer"; Value = "TDK"; VariantName = "[No Variations]"
Add component (AddParameter): Name = "Manufacturer Part Number"; Value = "C1608X7S2A104KT000N"; VariantName = "[No Variations]"
Add component (AddParameter): Name = "Mounting Type"; Value = "SMD"; VariantName = "[No Variations]"
Add component (AddParameter): Name = "Operating Temperature"; Value = "-55 to 125°C"; VariantName = "[No Variations]"
Add component (AddParameter): Name = "PartID"; Value = "148"; VariantName = "[No Variations]"
Add component (AddParameter): Name = "Series"; Value = "X7R"; VariantName = "[No Variations]"
Add component (AddParameter): Name = "Stock number"; Value = "not stored"; VariantName = "[No Variations]"
Add component (AddParameter): Name = "Supplier 1"; Value = "LCSC"; VariantName = "[No Variations]"
Add component (AddParameter): Name = "Supplier Part Number 1"; Value = "C343025"; VariantName = "[No Variations]"
Add component (AddParameter): Name = "Tolerance"; Value = "10 %"; VariantName = "[No Variations]"
Add component (AddParameter): Name = "Type"; Value = "Capacitor"; VariantName = "[No Variations]"
Add component (AddParameter): Name = "Value"; Value = "100 nF"; VariantName = "[No Variations]"
Add component (AddParameter): Name = "Voltage Rating"; Value = "100 VDC"; VariantName = "[No Variations]"
Added Component: Designator=C3B(C_0603)
Add component (AddParameter): Name = "Component Type"; Value = "Capacitor 0603"; VariantName = "[No Variations]"
Add component (AddParameter): Name = "ComponentLink1Description"; Value = "Datasheet"; VariantName = "[No Variations]"
Add component (AddParameter): Name = "ComponentLink1URL"; Value = "https://datasheet.lcsc.com/lcsc/2304140030_TDK-C1608X7S2A104KT000N_C343025.pdf"; VariantName = "[No Variations]"
Add component (AddParameter): Name = "Created from"; Value = "AGeiger"; VariantName = "[No Variations]"
Add component (AddParameter): Name = "Created On"; Value = "20.12.2020 13:54:13"; VariantName = "[No Variations]"
Add component (AddParameter): Name = "Device Package"; Value = "0603"; VariantName = "[No Variations]"
Add component (AddParameter): Name = "Last Updated"; Value = "14.12.2022 12:14:21"; VariantName = "[No Variations]"
Add component (AddParameter): Name = "LCSC Part Number"; Value = "C343025"; VariantName = "[No Variations]"
Add component (AddParameter): Name = "Live Cycle Status"; Value = "1"; VariantName = "[No Variations]"
Add component (AddParameter): Name = "Manufacturer"; Value = "TDK"; VariantName = "[No Variations]"
Add component (AddParameter): Name = "Manufacturer Part Number"; Value = "C1608X7S2A104KT000N"; VariantName = "[No Variations]"
Add component (AddParameter): Name = "Mounting Type"; Value = "SMD"; VariantName = "[No Variations]"
Add component (AddParameter): Name = "Operating Temperature"; Value = "-55 to 125°C"; VariantName = "[No Variations]"
Add component (AddParameter): Name = "PartID"; Value = "148"; VariantName = "[No Variations]"
Add component (AddParameter): Name = "Series"; Value = "X7R"; VariantName = "[No Variations]"
Add component (AddParameter): Name = "Stock number"; Value = "not stored"; VariantName = "[No Variations]"
Add component (AddParameter): Name = "Supplier 1"; Value = "LCSC"; VariantName = "[No Variations]"
Add component (AddParameter): Name = "Supplier Part Number 1"; Value = "C343025"; VariantName = "[No Variations]"
Add component (AddParameter): Name = "Tolerance"; Value = "10 %"; VariantName = "[No Variations]"
Add component (AddParameter): Name = "Type"; Value = "Capacitor"; VariantName = "[No Variations]"
Add component (AddParameter): Name = "Value"; Value = "100 nF"; VariantName = "[No Variations]"
Add component (AddParameter): Name = "Voltage Rating"; Value = "100 VDC"; VariantName = "[No Variations]"
Added Component: Designator=C3C(C_0603)
Add component (AddParameter): Name = "Component Type"; Value = "Capacitor 0603"; VariantName = "[No Variations]"
Add component (AddParameter): Name = "ComponentLink1Description"; Value = "Datasheet"; VariantName = "[No Variations]"
Add component (AddParameter): Name = "ComponentLink1URL"; Value = "https://datasheet.lcsc.com/lcsc/2304140030_TDK-C1608X7S2A104KT000N_C343025.pdf"; VariantName = "[No Variations]"
Add component (AddParameter): Name = "Created from"; Value = "AGeiger"; VariantName = "[No Variations]"
Add component (AddParameter): Name = "Created On"; Value = "20.12.2020 13:54:13"; VariantName = "[No Variations]"
Add component (AddParameter): Name = "Device Package"; Value = "0603"; VariantName = "[No Variations]"
Add component (AddParameter): Name = "Last Updated"; Value = "14.12.2022 12:14:21"; VariantName = "[No Variations]"
Add component (AddParameter): Name = "LCSC Part Number"; Value = "C343025"; VariantName = "[No Variations]"
Add component (AddParameter): Name = "Live Cycle Status"; Value = "1"; VariantName = "[No Variations]"
Add component (AddParameter): Name = "Manufacturer"; Value = "TDK"; VariantName = "[No Variations]"
Add component (AddParameter): Name = "Manufacturer Part Number"; Value = "C1608X7S2A104KT000N"; VariantName = "[No Variations]"
Add component (AddParameter): Name = "Mounting Type"; Value = "SMD"; VariantName = "[No Variations]"
Add component (AddParameter): Name = "Operating Temperature"; Value = "-55 to 125°C"; VariantName = "[No Variations]"
Add component (AddParameter): Name = "PartID"; Value = "148"; VariantName = "[No Variations]"
Add component (AddParameter): Name = "Series"; Value = "X7R"; VariantName = "[No Variations]"
Add component (AddParameter): Name = "Stock number"; Value = "not stored"; VariantName = "[No Variations]"
Add component (AddParameter): Name = "Supplier 1"; Value = "LCSC"; VariantName = "[No Variations]"
Add component (AddParameter): Name = "Supplier Part Number 1"; Value = "C343025"; VariantName = "[No Variations]"
Add component (AddParameter): Name = "Tolerance"; Value = "10 %"; VariantName = "[No Variations]"
Add component (AddParameter): Name = "Type"; Value = "Capacitor"; VariantName = "[No Variations]"
Add component (AddParameter): Name = "Value"; Value = "100 nF"; VariantName = "[No Variations]"
Add component (AddParameter): Name = "Voltage Rating"; Value = "100 VDC"; VariantName = "[No Variations]"
Added Component: Designator=C9A(C_0603)
Add component (AddParameter): Name = "Component Type"; Value = "Capacitor 0603"; VariantName = "[No Variations]"
Add component (AddParameter): Name = "ComponentLink1Description"; Value = "Datasheet"; VariantName = "[No Variations]"
Add component (AddParameter): Name = "ComponentLink1URL"; Value = "https://www.mouser.de/datasheet/2/396/mlcc02_e-1307760.pdf"; VariantName = "[No Variations]"
Add component (AddParameter): Name = "Created from"; Value = "NDiringer"; VariantName = "[No Variations]"
Add component (AddParameter): Name = "Created On"; Value = "09.08.2022 09:35:02"; VariantName = "[No Variations]"
Add component (AddParameter): Name = "Device Package"; Value = "0603"; VariantName = "[No Variations]"
Add component (AddParameter): Name = "Last Updated"; Value = "21.09.2022 16:11:37"; VariantName = "[No Variations]"
Add component (AddParameter): Name = "LCSC Part Number"; Value = "C105174"; VariantName = "[No Variations]"
Add component (AddParameter): Name = "Live Cycle Status"; Value = "1"; VariantName = "[No Variations]"
Add component (AddParameter): Name = "Manufacturer"; Value = "Taiyo Yuden"; VariantName = "[No Variations]"
Add component (AddParameter): Name = "Manufacturer Part Number"; Value = "UMK107AB7105KA-T"; VariantName = "[No Variations]"
Add component (AddParameter): Name = "Mounting Type"; Value = "SMD"; VariantName = "[No Variations]"
Add component (AddParameter): Name = "Operating Temperature"; Value = "-55 - 125°C"; VariantName = "[No Variations]"
Add component (AddParameter): Name = "PartID"; Value = "98"; VariantName = "[No Variations]"
Add component (AddParameter): Name = "Series"; Value = "X7R"; VariantName = "[No Variations]"
Add component (AddParameter): Name = "Stock number"; Value = "not stored"; VariantName = "[No Variations]"
Add component (AddParameter): Name = "Supplier 1"; Value = "LCSC"; VariantName = "[No Variations]"
Add component (AddParameter): Name = "Supplier 2"; Value = "Mouser"; VariantName = "[No Variations]"
Add component (AddParameter): Name = "Supplier Part Number 1"; Value = "C105174"; VariantName = "[No Variations]"
Add component (AddParameter): Name = "Supplier Part Number 2"; Value = "963-UMK107AB7105MA-T"; VariantName = "[No Variations]"
Add component (AddParameter): Name = "Tolerance"; Value = "10 %"; VariantName = "[No Variations]"
Add component (AddParameter): Name = "Type"; Value = "Capacitor"; VariantName = "[No Variations]"
Add component (AddParameter): Name = "Value"; Value = "1 µF"; VariantName = "[No Variations]"
Add component (AddParameter): Name = "Voltage Rating"; Value = "50 VDC"; VariantName = "[No Variations]"
Added Component: Designator=C9B(C_0603)
Add component (AddParameter): Name = "Component Type"; Value = "Capacitor 0603"; VariantName = "[No Variations]"
Add component (AddParameter): Name = "ComponentLink1Description"; Value = "Datasheet"; VariantName = "[No Variations]"
Add component (AddParameter): Name = "ComponentLink1URL"; Value = "https://www.mouser.de/datasheet/2/396/mlcc02_e-1307760.pdf"; VariantName = "[No Variations]"
Add component (AddParameter): Name = "Created from"; Value = "NDiringer"; VariantName = "[No Variations]"
Add component (AddParameter): Name = "Created On"; Value = "09.08.2022 09:35:02"; VariantName = "[No Variations]"
Add component (AddParameter): Name = "Device Package"; Value = "0603"; VariantName = "[No Variations]"
Add component (AddParameter): Name = "Last Updated"; Value = "21.09.2022 16:11:37"; VariantName = "[No Variations]"
Add component (AddParameter): Name = "LCSC Part Number"; Value = "C105174"; VariantName = "[No Variations]"
Add component (AddParameter): Name = "Live Cycle Status"; Value = "1"; VariantName = "[No Variations]"
Add component (AddParameter): Name = "Manufacturer"; Value = "Taiyo Yuden"; VariantName = "[No Variations]"
Add component (AddParameter): Name = "Manufacturer Part Number"; Value = "UMK107AB7105KA-T"; VariantName = "[No Variations]"
Add component (AddParameter): Name = "Mounting Type"; Value = "SMD"; VariantName = "[No Variations]"
Add component (AddParameter): Name = "Operating Temperature"; Value = "-55 - 125°C"; VariantName = "[No Variations]"
Add component (AddParameter): Name = "PartID"; Value = "98"; VariantName = "[No Variations]"
Add component (AddParameter): Name = "Series"; Value = "X7R"; VariantName = "[No Variations]"
Add component (AddParameter): Name = "Stock number"; Value = "not stored"; VariantName = "[No Variations]"
Add component (AddParameter): Name = "Supplier 1"; Value = "LCSC"; VariantName = "[No Variations]"
Add component (AddParameter): Name = "Supplier 2"; Value = "Mouser"; VariantName = "[No Variations]"
Add component (AddParameter): Name = "Supplier Part Number 1"; Value = "C105174"; VariantName = "[No Variations]"
Add component (AddParameter): Name = "Supplier Part Number 2"; Value = "963-UMK107AB7105MA-T"; VariantName = "[No Variations]"
Add component (AddParameter): Name = "Tolerance"; Value = "10 %"; VariantName = "[No Variations]"
Add component (AddParameter): Name = "Type"; Value = "Capacitor"; VariantName = "[No Variations]"
Add component (AddParameter): Name = "Value"; Value = "1 µF"; VariantName = "[No Variations]"
Add component (AddParameter): Name = "Voltage Rating"; Value = "50 VDC"; VariantName = "[No Variations]"
Added Component: Designator=C9C(C_0603)
Add component (AddParameter): Name = "Component Type"; Value = "Capacitor 0603"; VariantName = "[No Variations]"
Add component (AddParameter): Name = "ComponentLink1Description"; Value = "Datasheet"; VariantName = "[No Variations]"
Add component (AddParameter): Name = "ComponentLink1URL"; Value = "https://www.mouser.de/datasheet/2/396/mlcc02_e-1307760.pdf"; VariantName = "[No Variations]"
Add component (AddParameter): Name = "Created from"; Value = "NDiringer"; VariantName = "[No Variations]"
Add component (AddParameter): Name = "Created On"; Value = "09.08.2022 09:35:02"; VariantName = "[No Variations]"
Add component (AddParameter): Name = "Device Package"; Value = "0603"; VariantName = "[No Variations]"
Add component (AddParameter): Name = "Last Updated"; Value = "21.09.2022 16:11:37"; VariantName = "[No Variations]"
Add component (AddParameter): Name = "LCSC Part Number"; Value = "C105174"; VariantName = "[No Variations]"
Add component (AddParameter): Name = "Live Cycle Status"; Value = "1"; VariantName = "[No Variations]"
Add component (AddParameter): Name = "Manufacturer"; Value = "Taiyo Yuden"; VariantName = "[No Variations]"
Add component (AddParameter): Name = "Manufacturer Part Number"; Value = "UMK107AB7105KA-T"; VariantName = "[No Variations]"
Add component (AddParameter): Name = "Mounting Type"; Value = "SMD"; VariantName = "[No Variations]"
Add component (AddParameter): Name = "Operating Temperature"; Value = "-55 - 125°C"; VariantName = "[No Variations]"
Add component (AddParameter): Name = "PartID"; Value = "98"; VariantName = "[No Variations]"
Add component (AddParameter): Name = "Series"; Value = "X7R"; VariantName = "[No Variations]"
Add component (AddParameter): Name = "Stock number"; Value = "not stored"; VariantName = "[No Variations]"
Add component (AddParameter): Name = "Supplier 1"; Value = "LCSC"; VariantName = "[No Variations]"
Add component (AddParameter): Name = "Supplier 2"; Value = "Mouser"; VariantName = "[No Variations]"
Add component (AddParameter): Name = "Supplier Part Number 1"; Value = "C105174"; VariantName = "[No Variations]"
Add component (AddParameter): Name = "Supplier Part Number 2"; Value = "963-UMK107AB7105MA-T"; VariantName = "[No Variations]"
Add component (AddParameter): Name = "Tolerance"; Value = "10 %"; VariantName = "[No Variations]"
Add component (AddParameter): Name = "Type"; Value = "Capacitor"; VariantName = "[No Variations]"
Add component (AddParameter): Name = "Value"; Value = "1 µF"; VariantName = "[No Variations]"
Add component (AddParameter): Name = "Voltage Rating"; Value = "50 VDC"; VariantName = "[No Variations]"
Added Component: Designator=C10A(C_0603)
Add component (AddParameter): Name = "Component Type"; Value = "Capacitor 0603"; VariantName = "[No Variations]"
Add component (AddParameter): Name = "ComponentLink1Description"; Value = "Datasheet"; VariantName = "[No Variations]"
Add component (AddParameter): Name = "ComponentLink1URL"; Value = "https://datasheet.lcsc.com/lcsc/1809291621_TORCH-CT41G-0603-2X1-50V-0-01-F-K-N_C136131.pdf"; VariantName = "[No Variations]"
Add component (AddParameter): Name = "Created from"; Value = "KIlhan"; VariantName = "[No Variations]"
Add component (AddParameter): Name = "Created On"; Value = "05.07.2023 18:57:50"; VariantName = "[No Variations]"
Add component (AddParameter): Name = "Device Package"; Value = "0603"; VariantName = "[No Variations]"
Add component (AddParameter): Name = "Last Updated"; Value = "05.07.2023 18:57:50"; VariantName = "[No Variations]"
Add component (AddParameter): Name = "LCSC Part Number"; Value = "C136131"; VariantName = "[No Variations]"
Add component (AddParameter): Name = "Live Cycle Status"; Value = "1"; VariantName = "[No Variations]"
Add component (AddParameter): Name = "Manufacturer"; Value = "TORCH"; VariantName = "[No Variations]"
Add component (AddParameter): Name = "Manufacturer Part Number"; Value = "CT41G-0603-2X1-50V-0.01µF-K(N)"; VariantName = "[No Variations]"
Add component (AddParameter): Name = "Mounting Type"; Value = "SMD"; VariantName = "[No Variations]"
Add component (AddParameter): Name = "Operating Temperature"; Value = "-55 - 125°C"; VariantName = "[No Variations]"
Add component (AddParameter): Name = "PartID"; Value = "130"; VariantName = "[No Variations]"
Add component (AddParameter): Name = "Stock number"; Value = "not stored"; VariantName = "[No Variations]"
Add component (AddParameter): Name = "Supplier 1"; Value = "LCSC"; VariantName = "[No Variations]"
Add component (AddParameter): Name = "Supplier Part Number 1"; Value = "C136131"; VariantName = "[No Variations]"
Add component (AddParameter): Name = "Tolerance"; Value = "10 %"; VariantName = "[No Variations]"
Add component (AddParameter): Name = "Type"; Value = "Capacitor"; VariantName = "[No Variations]"
Add component (AddParameter): Name = "Value"; Value = "10nF"; VariantName = "[No Variations]"
Add component (AddParameter): Name = "Voltage Rating"; Value = "50 VDC"; VariantName = "[No Variations]"
Added Component: Designator=C10B(C_0603)
Add component (AddParameter): Name = "Component Type"; Value = "Capacitor 0603"; VariantName = "[No Variations]"
Add component (AddParameter): Name = "ComponentLink1Description"; Value = "Datasheet"; VariantName = "[No Variations]"
Add component (AddParameter): Name = "ComponentLink1URL"; Value = "https://datasheet.lcsc.com/lcsc/1809291621_TORCH-CT41G-0603-2X1-50V-0-01-F-K-N_C136131.pdf"; VariantName = "[No Variations]"
Add component (AddParameter): Name = "Created from"; Value = "KIlhan"; VariantName = "[No Variations]"
Add component (AddParameter): Name = "Created On"; Value = "05.07.2023 18:57:50"; VariantName = "[No Variations]"
Add component (AddParameter): Name = "Device Package"; Value = "0603"; VariantName = "[No Variations]"
Add component (AddParameter): Name = "Last Updated"; Value = "05.07.2023 18:57:50"; VariantName = "[No Variations]"
Add component (AddParameter): Name = "LCSC Part Number"; Value = "C136131"; VariantName = "[No Variations]"
Add component (AddParameter): Name = "Live Cycle Status"; Value = "1"; VariantName = "[No Variations]"
Add component (AddParameter): Name = "Manufacturer"; Value = "TORCH"; VariantName = "[No Variations]"
Add component (AddParameter): Name = "Manufacturer Part Number"; Value = "CT41G-0603-2X1-50V-0.01µF-K(N)"; VariantName = "[No Variations]"
Add component (AddParameter): Name = "Mounting Type"; Value = "SMD"; VariantName = "[No Variations]"
Add component (AddParameter): Name = "Operating Temperature"; Value = "-55 - 125°C"; VariantName = "[No Variations]"
Add component (AddParameter): Name = "PartID"; Value = "130"; VariantName = "[No Variations]"
Add component (AddParameter): Name = "Stock number"; Value = "not stored"; VariantName = "[No Variations]"
Add component (AddParameter): Name = "Supplier 1"; Value = "LCSC"; VariantName = "[No Variations]"
Add component (AddParameter): Name = "Supplier Part Number 1"; Value = "C136131"; VariantName = "[No Variations]"
Add component (AddParameter): Name = "Tolerance"; Value = "10 %"; VariantName = "[No Variations]"
Add component (AddParameter): Name = "Type"; Value = "Capacitor"; VariantName = "[No Variations]"
Add component (AddParameter): Name = "Value"; Value = "10nF"; VariantName = "[No Variations]"
Add component (AddParameter): Name = "Voltage Rating"; Value = "50 VDC"; VariantName = "[No Variations]"
Added Component: Designator=C10C(C_0603)
Add component (AddParameter): Name = "Component Type"; Value = "Capacitor 0603"; VariantName = "[No Variations]"
Add component (AddParameter): Name = "ComponentLink1Description"; Value = "Datasheet"; VariantName = "[No Variations]"
Add component (AddParameter): Name = "ComponentLink1URL"; Value = "https://datasheet.lcsc.com/lcsc/1809291621_TORCH-CT41G-0603-2X1-50V-0-01-F-K-N_C136131.pdf"; VariantName = "[No Variations]"
Add component (AddParameter): Name = "Created from"; Value = "KIlhan"; VariantName = "[No Variations]"
Add component (AddParameter): Name = "Created On"; Value = "05.07.2023 18:57:50"; VariantName = "[No Variations]"
Add component (AddParameter): Name = "Device Package"; Value = "0603"; VariantName = "[No Variations]"
Add component (AddParameter): Name = "Last Updated"; Value = "05.07.2023 18:57:50"; VariantName = "[No Variations]"
Add component (AddParameter): Name = "LCSC Part Number"; Value = "C136131"; VariantName = "[No Variations]"
Add component (AddParameter): Name = "Live Cycle Status"; Value = "1"; VariantName = "[No Variations]"
Add component (AddParameter): Name = "Manufacturer"; Value = "TORCH"; VariantName = "[No Variations]"
Add component (AddParameter): Name = "Manufacturer Part Number"; Value = "CT41G-0603-2X1-50V-0.01µF-K(N)"; VariantName = "[No Variations]"
Add component (AddParameter): Name = "Mounting Type"; Value = "SMD"; VariantName = "[No Variations]"
Add component (AddParameter): Name = "Operating Temperature"; Value = "-55 - 125°C"; VariantName = "[No Variations]"
Add component (AddParameter): Name = "PartID"; Value = "130"; VariantName = "[No Variations]"
Add component (AddParameter): Name = "Stock number"; Value = "not stored"; VariantName = "[No Variations]"
Add component (AddParameter): Name = "Supplier 1"; Value = "LCSC"; VariantName = "[No Variations]"
Add component (AddParameter): Name = "Supplier Part Number 1"; Value = "C136131"; VariantName = "[No Variations]"
Add component (AddParameter): Name = "Tolerance"; Value = "10 %"; VariantName = "[No Variations]"
Add component (AddParameter): Name = "Type"; Value = "Capacitor"; VariantName = "[No Variations]"
Add component (AddParameter): Name = "Value"; Value = "10nF"; VariantName = "[No Variations]"
Add component (AddParameter): Name = "Voltage Rating"; Value = "50 VDC"; VariantName = "[No Variations]"
Added Component: Designator=C11A(C_0603)
Add component (AddParameter): Name = "Component Type"; Value = "Capacitor 0603"; VariantName = "[No Variations]"
Add component (AddParameter): Name = "ComponentLink1Description"; Value = "Datasheet"; VariantName = "[No Variations]"
Add component (AddParameter): Name = "ComponentLink1URL"; Value = "https://www.mouser.de/datasheet/2/585/MLCC-1837944.pdf"; VariantName = "[No Variations]"
Add component (AddParameter): Name = "Created from"; Value = "DHufnagel"; VariantName = "[No Variations]"
Add component (AddParameter): Name = "Created On"; Value = "20.12.2020 13:54:13"; VariantName = "[No Variations]"
Add component (AddParameter): Name = "Device Package"; Value = "0603"; VariantName = "[No Variations]"
Add component (AddParameter): Name = "Last Updated"; Value = "20.12.2020 16:24:16"; VariantName = "[No Variations]"
Add component (AddParameter): Name = "LCSC Part Number"; Value = "C39148"; VariantName = "[No Variations]"
Add component (AddParameter): Name = "Live Cycle Status"; Value = "1"; VariantName = "[No Variations]"
Add component (AddParameter): Name = "Manufacturer"; Value = "Samsung Electro-Mechanics"; VariantName = "[No Variations]"
Add component (AddParameter): Name = "Manufacturer Part Number"; Value = "CL10C560JB8NNNC"; VariantName = "[No Variations]"
Add component (AddParameter): Name = "Mounting Type"; Value = "SMD"; VariantName = "[No Variations]"
Add component (AddParameter): Name = "Operating Temperature"; Value = "-55 - 125°C"; VariantName = "[No Variations]"
Add component (AddParameter): Name = "PartID"; Value = "92"; VariantName = "[No Variations]"
Add component (AddParameter): Name = "Series"; Value = "CL"; VariantName = "[No Variations]"
Add component (AddParameter): Name = "Stock number"; Value = "not stored"; VariantName = "[No Variations]"
Add component (AddParameter): Name = "Supplier 1"; Value = "Mouser"; VariantName = "[No Variations]"
Add component (AddParameter): Name = "Supplier 2"; Value = "LCSC"; VariantName = "[No Variations]"
Add component (AddParameter): Name = "Supplier Part Number 1"; Value = "187-CL10C560JB8NNNC"; VariantName = "[No Variations]"
Add component (AddParameter): Name = "Supplier Part Number 2"; Value = "C39148"; VariantName = "[No Variations]"
Add component (AddParameter): Name = "Tolerance"; Value = "5 %"; VariantName = "[No Variations]"
Add component (AddParameter): Name = "Type"; Value = "Capacitor"; VariantName = "[No Variations]"
Add component (AddParameter): Name = "Value"; Value = "56 pF"; VariantName = "[No Variations]"
Add component (AddParameter): Name = "Voltage Rating"; Value = "50 VDC"; VariantName = "[No Variations]"
Added Component: Designator=C11B(C_0603)
Add component (AddParameter): Name = "Component Type"; Value = "Capacitor 0603"; VariantName = "[No Variations]"
Add component (AddParameter): Name = "ComponentLink1Description"; Value = "Datasheet"; VariantName = "[No Variations]"
Add component (AddParameter): Name = "ComponentLink1URL"; Value = "https://www.mouser.de/datasheet/2/585/MLCC-1837944.pdf"; VariantName = "[No Variations]"
Add component (AddParameter): Name = "Created from"; Value = "DHufnagel"; VariantName = "[No Variations]"
Add component (AddParameter): Name = "Created On"; Value = "20.12.2020 13:54:13"; VariantName = "[No Variations]"
Add component (AddParameter): Name = "Device Package"; Value = "0603"; VariantName = "[No Variations]"
Add component (AddParameter): Name = "Last Updated"; Value = "20.12.2020 16:24:16"; VariantName = "[No Variations]"
Add component (AddParameter): Name = "LCSC Part Number"; Value = "C39148"; VariantName = "[No Variations]"
Add component (AddParameter): Name = "Live Cycle Status"; Value = "1"; VariantName = "[No Variations]"
Add component (AddParameter): Name = "Manufacturer"; Value = "Samsung Electro-Mechanics"; VariantName = "[No Variations]"
Add component (AddParameter): Name = "Manufacturer Part Number"; Value = "CL10C560JB8NNNC"; VariantName = "[No Variations]"
Add component (AddParameter): Name = "Mounting Type"; Value = "SMD"; VariantName = "[No Variations]"
Add component (AddParameter): Name = "Operating Temperature"; Value = "-55 - 125°C"; VariantName = "[No Variations]"
Add component (AddParameter): Name = "PartID"; Value = "92"; VariantName = "[No Variations]"
Add component (AddParameter): Name = "Series"; Value = "CL"; VariantName = "[No Variations]"
Add component (AddParameter): Name = "Stock number"; Value = "not stored"; VariantName = "[No Variations]"
Add component (AddParameter): Name = "Supplier 1"; Value = "Mouser"; VariantName = "[No Variations]"
Add component (AddParameter): Name = "Supplier 2"; Value = "LCSC"; VariantName = "[No Variations]"
Add component (AddParameter): Name = "Supplier Part Number 1"; Value = "187-CL10C560JB8NNNC"; VariantName = "[No Variations]"
Add component (AddParameter): Name = "Supplier Part Number 2"; Value = "C39148"; VariantName = "[No Variations]"
Add component (AddParameter): Name = "Tolerance"; Value = "5 %"; VariantName = "[No Variations]"
Add component (AddParameter): Name = "Type"; Value = "Capacitor"; VariantName = "[No Variations]"
Add component (AddParameter): Name = "Value"; Value = "56 pF"; VariantName = "[No Variations]"
Add component (AddParameter): Name = "Voltage Rating"; Value = "50 VDC"; VariantName = "[No Variations]"
Added Component: Designator=C11C(C_0603)
Add component (AddParameter): Name = "Component Type"; Value = "Capacitor 0603"; VariantName = "[No Variations]"
Add component (AddParameter): Name = "ComponentLink1Description"; Value = "Datasheet"; VariantName = "[No Variations]"
Add component (AddParameter): Name = "ComponentLink1URL"; Value = "https://www.mouser.de/datasheet/2/585/MLCC-1837944.pdf"; VariantName = "[No Variations]"
Add component (AddParameter): Name = "Created from"; Value = "DHufnagel"; VariantName = "[No Variations]"
Add component (AddParameter): Name = "Created On"; Value = "20.12.2020 13:54:13"; VariantName = "[No Variations]"
Add component (AddParameter): Name = "Device Package"; Value = "0603"; VariantName = "[No Variations]"
Add component (AddParameter): Name = "Last Updated"; Value = "20.12.2020 16:24:16"; VariantName = "[No Variations]"
Add component (AddParameter): Name = "LCSC Part Number"; Value = "C39148"; VariantName = "[No Variations]"
Add component (AddParameter): Name = "Live Cycle Status"; Value = "1"; VariantName = "[No Variations]"
Add component (AddParameter): Name = "Manufacturer"; Value = "Samsung Electro-Mechanics"; VariantName = "[No Variations]"
Add component (AddParameter): Name = "Manufacturer Part Number"; Value = "CL10C560JB8NNNC"; VariantName = "[No Variations]"
Add component (AddParameter): Name = "Mounting Type"; Value = "SMD"; VariantName = "[No Variations]"
Add component (AddParameter): Name = "Operating Temperature"; Value = "-55 - 125°C"; VariantName = "[No Variations]"
Add component (AddParameter): Name = "PartID"; Value = "92"; VariantName = "[No Variations]"
Add component (AddParameter): Name = "Series"; Value = "CL"; VariantName = "[No Variations]"
Add component (AddParameter): Name = "Stock number"; Value = "not stored"; VariantName = "[No Variations]"
Add component (AddParameter): Name = "Supplier 1"; Value = "Mouser"; VariantName = "[No Variations]"
Add component (AddParameter): Name = "Supplier 2"; Value = "LCSC"; VariantName = "[No Variations]"
Add component (AddParameter): Name = "Supplier Part Number 1"; Value = "187-CL10C560JB8NNNC"; VariantName = "[No Variations]"
Add component (AddParameter): Name = "Supplier Part Number 2"; Value = "C39148"; VariantName = "[No Variations]"
Add component (AddParameter): Name = "Tolerance"; Value = "5 %"; VariantName = "[No Variations]"
Add component (AddParameter): Name = "Type"; Value = "Capacitor"; VariantName = "[No Variations]"
Add component (AddParameter): Name = "Value"; Value = "56 pF"; VariantName = "[No Variations]"
Add component (AddParameter): Name = "Voltage Rating"; Value = "50 VDC"; VariantName = "[No Variations]"
Added Component: Designator=C12A(C_0603)
Add component (AddParameter): Name = "Component Type"; Value = "Capacitor 0603"; VariantName = "[No Variations]"
Add component (AddParameter): Name = "ComponentLink1Description"; Value = "Datasheet"; VariantName = "[No Variations]"
Add component (AddParameter): Name = "ComponentLink1URL"; Value = "https://www.mouser.de/datasheet/2/585/MLCC-1837944.pdf"; VariantName = "[No Variations]"
Add component (AddParameter): Name = "Created from"; Value = "DHufnagel"; VariantName = "[No Variations]"
Add component (AddParameter): Name = "Created On"; Value = "20.12.2020 13:54:13"; VariantName = "[No Variations]"
Add component (AddParameter): Name = "Device Package"; Value = "0603"; VariantName = "[No Variations]"
Add component (AddParameter): Name = "Last Updated"; Value = "20.12.2020 16:24:16"; VariantName = "[No Variations]"
Add component (AddParameter): Name = "LCSC Part Number"; Value = "C39148"; VariantName = "[No Variations]"
Add component (AddParameter): Name = "Live Cycle Status"; Value = "1"; VariantName = "[No Variations]"
Add component (AddParameter): Name = "Manufacturer"; Value = "Samsung Electro-Mechanics"; VariantName = "[No Variations]"
Add component (AddParameter): Name = "Manufacturer Part Number"; Value = "CL10C560JB8NNNC"; VariantName = "[No Variations]"
Add component (AddParameter): Name = "Mounting Type"; Value = "SMD"; VariantName = "[No Variations]"
Add component (AddParameter): Name = "Operating Temperature"; Value = "-55 - 125°C"; VariantName = "[No Variations]"
Add component (AddParameter): Name = "PartID"; Value = "92"; VariantName = "[No Variations]"
Add component (AddParameter): Name = "Series"; Value = "CL"; VariantName = "[No Variations]"
Add component (AddParameter): Name = "Stock number"; Value = "not stored"; VariantName = "[No Variations]"
Add component (AddParameter): Name = "Supplier 1"; Value = "Mouser"; VariantName = "[No Variations]"
Add component (AddParameter): Name = "Supplier 2"; Value = "LCSC"; VariantName = "[No Variations]"
Add component (AddParameter): Name = "Supplier Part Number 1"; Value = "187-CL10C560JB8NNNC"; VariantName = "[No Variations]"
Add component (AddParameter): Name = "Supplier Part Number 2"; Value = "C39148"; VariantName = "[No Variations]"
Add component (AddParameter): Name = "Tolerance"; Value = "5 %"; VariantName = "[No Variations]"
Add component (AddParameter): Name = "Type"; Value = "Capacitor"; VariantName = "[No Variations]"
Add component (AddParameter): Name = "Value"; Value = "56 pF"; VariantName = "[No Variations]"
Add component (AddParameter): Name = "Voltage Rating"; Value = "50 VDC"; VariantName = "[No Variations]"
Added Component: Designator=C12B(C_0603)
Add component (AddParameter): Name = "Component Type"; Value = "Capacitor 0603"; VariantName = "[No Variations]"
Add component (AddParameter): Name = "ComponentLink1Description"; Value = "Datasheet"; VariantName = "[No Variations]"
Add component (AddParameter): Name = "ComponentLink1URL"; Value = "https://www.mouser.de/datasheet/2/585/MLCC-1837944.pdf"; VariantName = "[No Variations]"
Add component (AddParameter): Name = "Created from"; Value = "DHufnagel"; VariantName = "[No Variations]"
Add component (AddParameter): Name = "Created On"; Value = "20.12.2020 13:54:13"; VariantName = "[No Variations]"
Add component (AddParameter): Name = "Device Package"; Value = "0603"; VariantName = "[No Variations]"
Add component (AddParameter): Name = "Last Updated"; Value = "20.12.2020 16:24:16"; VariantName = "[No Variations]"
Add component (AddParameter): Name = "LCSC Part Number"; Value = "C39148"; VariantName = "[No Variations]"
Add component (AddParameter): Name = "Live Cycle Status"; Value = "1"; VariantName = "[No Variations]"
Add component (AddParameter): Name = "Manufacturer"; Value = "Samsung Electro-Mechanics"; VariantName = "[No Variations]"
Add component (AddParameter): Name = "Manufacturer Part Number"; Value = "CL10C560JB8NNNC"; VariantName = "[No Variations]"
Add component (AddParameter): Name = "Mounting Type"; Value = "SMD"; VariantName = "[No Variations]"
Add component (AddParameter): Name = "Operating Temperature"; Value = "-55 - 125°C"; VariantName = "[No Variations]"
Add component (AddParameter): Name = "PartID"; Value = "92"; VariantName = "[No Variations]"
Add component (AddParameter): Name = "Series"; Value = "CL"; VariantName = "[No Variations]"
Add component (AddParameter): Name = "Stock number"; Value = "not stored"; VariantName = "[No Variations]"
Add component (AddParameter): Name = "Supplier 1"; Value = "Mouser"; VariantName = "[No Variations]"
Add component (AddParameter): Name = "Supplier 2"; Value = "LCSC"; VariantName = "[No Variations]"
Add component (AddParameter): Name = "Supplier Part Number 1"; Value = "187-CL10C560JB8NNNC"; VariantName = "[No Variations]"
Add component (AddParameter): Name = "Supplier Part Number 2"; Value = "C39148"; VariantName = "[No Variations]"
Add component (AddParameter): Name = "Tolerance"; Value = "5 %"; VariantName = "[No Variations]"
Add component (AddParameter): Name = "Type"; Value = "Capacitor"; VariantName = "[No Variations]"
Add component (AddParameter): Name = "Value"; Value = "56 pF"; VariantName = "[No Variations]"
Add component (AddParameter): Name = "Voltage Rating"; Value = "50 VDC"; VariantName = "[No Variations]"
Added Component: Designator=C12C(C_0603)
Add component (AddParameter): Name = "Component Type"; Value = "Capacitor 0603"; VariantName = "[No Variations]"
Add component (AddParameter): Name = "ComponentLink1Description"; Value = "Datasheet"; VariantName = "[No Variations]"
Add component (AddParameter): Name = "ComponentLink1URL"; Value = "https://www.mouser.de/datasheet/2/585/MLCC-1837944.pdf"; VariantName = "[No Variations]"
Add component (AddParameter): Name = "Created from"; Value = "DHufnagel"; VariantName = "[No Variations]"
Add component (AddParameter): Name = "Created On"; Value = "20.12.2020 13:54:13"; VariantName = "[No Variations]"
Add component (AddParameter): Name = "Device Package"; Value = "0603"; VariantName = "[No Variations]"
Add component (AddParameter): Name = "Last Updated"; Value = "20.12.2020 16:24:16"; VariantName = "[No Variations]"
Add component (AddParameter): Name = "LCSC Part Number"; Value = "C39148"; VariantName = "[No Variations]"
Add component (AddParameter): Name = "Live Cycle Status"; Value = "1"; VariantName = "[No Variations]"
Add component (AddParameter): Name = "Manufacturer"; Value = "Samsung Electro-Mechanics"; VariantName = "[No Variations]"
Add component (AddParameter): Name = "Manufacturer Part Number"; Value = "CL10C560JB8NNNC"; VariantName = "[No Variations]"
Add component (AddParameter): Name = "Mounting Type"; Value = "SMD"; VariantName = "[No Variations]"
Add component (AddParameter): Name = "Operating Temperature"; Value = "-55 - 125°C"; VariantName = "[No Variations]"
Add component (AddParameter): Name = "PartID"; Value = "92"; VariantName = "[No Variations]"
Add component (AddParameter): Name = "Series"; Value = "CL"; VariantName = "[No Variations]"
Add component (AddParameter): Name = "Stock number"; Value = "not stored"; VariantName = "[No Variations]"
Add component (AddParameter): Name = "Supplier 1"; Value = "Mouser"; VariantName = "[No Variations]"
Add component (AddParameter): Name = "Supplier 2"; Value = "LCSC"; VariantName = "[No Variations]"
Add component (AddParameter): Name = "Supplier Part Number 1"; Value = "187-CL10C560JB8NNNC"; VariantName = "[No Variations]"
Add component (AddParameter): Name = "Supplier Part Number 2"; Value = "C39148"; VariantName = "[No Variations]"
Add component (AddParameter): Name = "Tolerance"; Value = "5 %"; VariantName = "[No Variations]"
Add component (AddParameter): Name = "Type"; Value = "Capacitor"; VariantName = "[No Variations]"
Add component (AddParameter): Name = "Value"; Value = "56 pF"; VariantName = "[No Variations]"
Add component (AddParameter): Name = "Voltage Rating"; Value = "50 VDC"; VariantName = "[No Variations]"
Added Component: Designator=C14A(C_0805)
Add component (AddParameter): Name = "Component Type"; Value = "Capacitor 0805"; VariantName = "[No Variations]"
Add component (AddParameter): Name = "ComponentLink1Description"; Value = "Datasheet"; VariantName = "[No Variations]"
Add component (AddParameter): Name = "ComponentLink1URL"; Value = "https://datasheet.lcsc.com/lcsc/2103311437_AIDE-HV1210X7R332K202NT_C2691813.pdf"; VariantName = "[No Variations]"
Add component (AddParameter): Name = "Created from"; Value = "KIlhan"; VariantName = "[No Variations]"
Add component (AddParameter): Name = "Created On"; Value = "05.07.2023 15:42:28"; VariantName = "[No Variations]"
Add component (AddParameter): Name = "Device Package"; Value = "0805"; VariantName = "[No Variations]"
Add component (AddParameter): Name = "Last Updated"; Value = "05.07.2023 15:42:28"; VariantName = "[No Variations]"
Add component (AddParameter): Name = "LCSC Part Number"; Value = "C2691724"; VariantName = "[No Variations]"
Add component (AddParameter): Name = "Live Cycle Status"; Value = "1"; VariantName = "[No Variations]"
Add component (AddParameter): Name = "Manufacturer"; Value = "AIDE"; VariantName = "[No Variations]"
Add component (AddParameter): Name = "Manufacturer Part Number"; Value = "HV0805X7R103K101NT"; VariantName = "[No Variations]"
Add component (AddParameter): Name = "Mounting Type"; Value = "SMD"; VariantName = "[No Variations]"
Add component (AddParameter): Name = "Operating Temperature"; Value = "-55 - 125°C"; VariantName = "[No Variations]"
Add component (AddParameter): Name = "PartID"; Value = "128"; VariantName = "[No Variations]"
Add component (AddParameter): Name = "Series"; Value = "C"; VariantName = "[No Variations]"
Add component (AddParameter): Name = "Stock number"; Value = "not stored"; VariantName = "[No Variations]"
Add component (AddParameter): Name = "Supplier 1"; Value = "JLCPCB"; VariantName = "[No Variations]"
Add component (AddParameter): Name = "Supplier Part Number 1"; Value = "HV0805X7R103K101NT"; VariantName = "[No Variations]"
Add component (AddParameter): Name = "Tolerance"; Value = "10 %"; VariantName = "[No Variations]"
Add component (AddParameter): Name = "Type"; Value = "Capacitor"; VariantName = "[No Variations]"
Add component (AddParameter): Name = "Value"; Value = "0.01 µF"; VariantName = "[No Variations]"
Add component (AddParameter): Name = "Voltage Rating"; Value = "100 VDC"; VariantName = "[No Variations]"
Added Component: Designator=C14B(C_0805)
Add component (AddParameter): Name = "Component Type"; Value = "Capacitor 0805"; VariantName = "[No Variations]"
Add component (AddParameter): Name = "ComponentLink1Description"; Value = "Datasheet"; VariantName = "[No Variations]"
Add component (AddParameter): Name = "ComponentLink1URL"; Value = "https://datasheet.lcsc.com/lcsc/2103311437_AIDE-HV1210X7R332K202NT_C2691813.pdf"; VariantName = "[No Variations]"
Add component (AddParameter): Name = "Created from"; Value = "KIlhan"; VariantName = "[No Variations]"
Add component (AddParameter): Name = "Created On"; Value = "05.07.2023 15:42:28"; VariantName = "[No Variations]"
Add component (AddParameter): Name = "Device Package"; Value = "0805"; VariantName = "[No Variations]"
Add component (AddParameter): Name = "Last Updated"; Value = "05.07.2023 15:42:28"; VariantName = "[No Variations]"
Add component (AddParameter): Name = "LCSC Part Number"; Value = "C2691724"; VariantName = "[No Variations]"
Add component (AddParameter): Name = "Live Cycle Status"; Value = "1"; VariantName = "[No Variations]"
Add component (AddParameter): Name = "Manufacturer"; Value = "AIDE"; VariantName = "[No Variations]"
Add component (AddParameter): Name = "Manufacturer Part Number"; Value = "HV0805X7R103K101NT"; VariantName = "[No Variations]"
Add component (AddParameter): Name = "Mounting Type"; Value = "SMD"; VariantName = "[No Variations]"
Add component (AddParameter): Name = "Operating Temperature"; Value = "-55 - 125°C"; VariantName = "[No Variations]"
Add component (AddParameter): Name = "PartID"; Value = "128"; VariantName = "[No Variations]"
Add component (AddParameter): Name = "Series"; Value = "C"; VariantName = "[No Variations]"
Add component (AddParameter): Name = "Stock number"; Value = "not stored"; VariantName = "[No Variations]"
Add component (AddParameter): Name = "Supplier 1"; Value = "JLCPCB"; VariantName = "[No Variations]"
Add component (AddParameter): Name = "Supplier Part Number 1"; Value = "HV0805X7R103K101NT"; VariantName = "[No Variations]"
Add component (AddParameter): Name = "Tolerance"; Value = "10 %"; VariantName = "[No Variations]"
Add component (AddParameter): Name = "Type"; Value = "Capacitor"; VariantName = "[No Variations]"
Add component (AddParameter): Name = "Value"; Value = "0.01 µF"; VariantName = "[No Variations]"
Add component (AddParameter): Name = "Voltage Rating"; Value = "100 VDC"; VariantName = "[No Variations]"
Added Component: Designator=C14C(C_0805)
Add component (AddParameter): Name = "Component Type"; Value = "Capacitor 0805"; VariantName = "[No Variations]"
Add component (AddParameter): Name = "ComponentLink1Description"; Value = "Datasheet"; VariantName = "[No Variations]"
Add component (AddParameter): Name = "ComponentLink1URL"; Value = "https://datasheet.lcsc.com/lcsc/2103311437_AIDE-HV1210X7R332K202NT_C2691813.pdf"; VariantName = "[No Variations]"
Add component (AddParameter): Name = "Created from"; Value = "KIlhan"; VariantName = "[No Variations]"
Add component (AddParameter): Name = "Created On"; Value = "05.07.2023 15:42:28"; VariantName = "[No Variations]"
Add component (AddParameter): Name = "Device Package"; Value = "0805"; VariantName = "[No Variations]"
Add component (AddParameter): Name = "Last Updated"; Value = "05.07.2023 15:42:28"; VariantName = "[No Variations]"
Add component (AddParameter): Name = "LCSC Part Number"; Value = "C2691724"; VariantName = "[No Variations]"
Add component (AddParameter): Name = "Live Cycle Status"; Value = "1"; VariantName = "[No Variations]"
Add component (AddParameter): Name = "Manufacturer"; Value = "AIDE"; VariantName = "[No Variations]"
Add component (AddParameter): Name = "Manufacturer Part Number"; Value = "HV0805X7R103K101NT"; VariantName = "[No Variations]"
Add component (AddParameter): Name = "Mounting Type"; Value = "SMD"; VariantName = "[No Variations]"
Add component (AddParameter): Name = "Operating Temperature"; Value = "-55 - 125°C"; VariantName = "[No Variations]"
Add component (AddParameter): Name = "PartID"; Value = "128"; VariantName = "[No Variations]"
Add component (AddParameter): Name = "Series"; Value = "C"; VariantName = "[No Variations]"
Add component (AddParameter): Name = "Stock number"; Value = "not stored"; VariantName = "[No Variations]"
Add component (AddParameter): Name = "Supplier 1"; Value = "JLCPCB"; VariantName = "[No Variations]"
Add component (AddParameter): Name = "Supplier Part Number 1"; Value = "HV0805X7R103K101NT"; VariantName = "[No Variations]"
Add component (AddParameter): Name = "Tolerance"; Value = "10 %"; VariantName = "[No Variations]"
Add component (AddParameter): Name = "Type"; Value = "Capacitor"; VariantName = "[No Variations]"
Add component (AddParameter): Name = "Value"; Value = "0.01 µF"; VariantName = "[No Variations]"
Add component (AddParameter): Name = "Voltage Rating"; Value = "100 VDC"; VariantName = "[No Variations]"
Added Component: Designator=C15A(C_0603)
Add component (AddParameter): Name = "Component Type"; Value = "Capacitor 0603"; VariantName = "[No Variations]"
Add component (AddParameter): Name = "ComponentLink1Description"; Value = "Datasheet"; VariantName = "[No Variations]"
Add component (AddParameter): Name = "ComponentLink1URL"; Value = "https://www.mouser.de/datasheet/2/585/MLCC-1837944.pdf"; VariantName = "[No Variations]"
Add component (AddParameter): Name = "Created from"; Value = "DHufnagel"; VariantName = "[No Variations]"
Add component (AddParameter): Name = "Created On"; Value = "20.12.2020 13:54:13"; VariantName = "[No Variations]"
Add component (AddParameter): Name = "Device Package"; Value = "0603"; VariantName = "[No Variations]"
Add component (AddParameter): Name = "Last Updated"; Value = "20.12.2020 16:24:16"; VariantName = "[No Variations]"
Add component (AddParameter): Name = "LCSC Part Number"; Value = "C39148"; VariantName = "[No Variations]"
Add component (AddParameter): Name = "Live Cycle Status"; Value = "1"; VariantName = "[No Variations]"
Add component (AddParameter): Name = "Manufacturer"; Value = "Samsung Electro-Mechanics"; VariantName = "[No Variations]"
Add component (AddParameter): Name = "Manufacturer Part Number"; Value = "CL10C560JB8NNNC"; VariantName = "[No Variations]"
Add component (AddParameter): Name = "Mounting Type"; Value = "SMD"; VariantName = "[No Variations]"
Add component (AddParameter): Name = "Operating Temperature"; Value = "-55 - 125°C"; VariantName = "[No Variations]"
Add component (AddParameter): Name = "PartID"; Value = "92"; VariantName = "[No Variations]"
Add component (AddParameter): Name = "Series"; Value = "CL"; VariantName = "[No Variations]"
Add component (AddParameter): Name = "Stock number"; Value = "not stored"; VariantName = "[No Variations]"
Add component (AddParameter): Name = "Supplier 1"; Value = "Mouser"; VariantName = "[No Variations]"
Add component (AddParameter): Name = "Supplier 2"; Value = "LCSC"; VariantName = "[No Variations]"
Add component (AddParameter): Name = "Supplier Part Number 1"; Value = "187-CL10C560JB8NNNC"; VariantName = "[No Variations]"
Add component (AddParameter): Name = "Supplier Part Number 2"; Value = "C39148"; VariantName = "[No Variations]"
Add component (AddParameter): Name = "Tolerance"; Value = "5 %"; VariantName = "[No Variations]"
Add component (AddParameter): Name = "Type"; Value = "Capacitor"; VariantName = "[No Variations]"
Add component (AddParameter): Name = "Value"; Value = "56 pF"; VariantName = "[No Variations]"
Add component (AddParameter): Name = "Voltage Rating"; Value = "50 VDC"; VariantName = "[No Variations]"
Added Component: Designator=C15B(C_0603)
Add component (AddParameter): Name = "Component Type"; Value = "Capacitor 0603"; VariantName = "[No Variations]"
Add component (AddParameter): Name = "ComponentLink1Description"; Value = "Datasheet"; VariantName = "[No Variations]"
Add component (AddParameter): Name = "ComponentLink1URL"; Value = "https://www.mouser.de/datasheet/2/585/MLCC-1837944.pdf"; VariantName = "[No Variations]"
Add component (AddParameter): Name = "Created from"; Value = "DHufnagel"; VariantName = "[No Variations]"
Add component (AddParameter): Name = "Created On"; Value = "20.12.2020 13:54:13"; VariantName = "[No Variations]"
Add component (AddParameter): Name = "Device Package"; Value = "0603"; VariantName = "[No Variations]"
Add component (AddParameter): Name = "Last Updated"; Value = "20.12.2020 16:24:16"; VariantName = "[No Variations]"
Add component (AddParameter): Name = "LCSC Part Number"; Value = "C39148"; VariantName = "[No Variations]"
Add component (AddParameter): Name = "Live Cycle Status"; Value = "1"; VariantName = "[No Variations]"
Add component (AddParameter): Name = "Manufacturer"; Value = "Samsung Electro-Mechanics"; VariantName = "[No Variations]"
Add component (AddParameter): Name = "Manufacturer Part Number"; Value = "CL10C560JB8NNNC"; VariantName = "[No Variations]"
Add component (AddParameter): Name = "Mounting Type"; Value = "SMD"; VariantName = "[No Variations]"
Add component (AddParameter): Name = "Operating Temperature"; Value = "-55 - 125°C"; VariantName = "[No Variations]"
Add component (AddParameter): Name = "PartID"; Value = "92"; VariantName = "[No Variations]"
Add component (AddParameter): Name = "Series"; Value = "CL"; VariantName = "[No Variations]"
Add component (AddParameter): Name = "Stock number"; Value = "not stored"; VariantName = "[No Variations]"
Add component (AddParameter): Name = "Supplier 1"; Value = "Mouser"; VariantName = "[No Variations]"
Add component (AddParameter): Name = "Supplier 2"; Value = "LCSC"; VariantName = "[No Variations]"
Add component (AddParameter): Name = "Supplier Part Number 1"; Value = "187-CL10C560JB8NNNC"; VariantName = "[No Variations]"
Add component (AddParameter): Name = "Supplier Part Number 2"; Value = "C39148"; VariantName = "[No Variations]"
Add component (AddParameter): Name = "Tolerance"; Value = "5 %"; VariantName = "[No Variations]"
Add component (AddParameter): Name = "Type"; Value = "Capacitor"; VariantName = "[No Variations]"
Add component (AddParameter): Name = "Value"; Value = "56 pF"; VariantName = "[No Variations]"
Add component (AddParameter): Name = "Voltage Rating"; Value = "50 VDC"; VariantName = "[No Variations]"
Added Component: Designator=C15C(C_0603)
Add component (AddParameter): Name = "Component Type"; Value = "Capacitor 0603"; VariantName = "[No Variations]"
Add component (AddParameter): Name = "ComponentLink1Description"; Value = "Datasheet"; VariantName = "[No Variations]"
Add component (AddParameter): Name = "ComponentLink1URL"; Value = "https://www.mouser.de/datasheet/2/585/MLCC-1837944.pdf"; VariantName = "[No Variations]"
Add component (AddParameter): Name = "Created from"; Value = "DHufnagel"; VariantName = "[No Variations]"
Add component (AddParameter): Name = "Created On"; Value = "20.12.2020 13:54:13"; VariantName = "[No Variations]"
Add component (AddParameter): Name = "Device Package"; Value = "0603"; VariantName = "[No Variations]"
Add component (AddParameter): Name = "Last Updated"; Value = "20.12.2020 16:24:16"; VariantName = "[No Variations]"
Add component (AddParameter): Name = "LCSC Part Number"; Value = "C39148"; VariantName = "[No Variations]"
Add component (AddParameter): Name = "Live Cycle Status"; Value = "1"; VariantName = "[No Variations]"
Add component (AddParameter): Name = "Manufacturer"; Value = "Samsung Electro-Mechanics"; VariantName = "[No Variations]"
Add component (AddParameter): Name = "Manufacturer Part Number"; Value = "CL10C560JB8NNNC"; VariantName = "[No Variations]"
Add component (AddParameter): Name = "Mounting Type"; Value = "SMD"; VariantName = "[No Variations]"
Add component (AddParameter): Name = "Operating Temperature"; Value = "-55 - 125°C"; VariantName = "[No Variations]"
Add component (AddParameter): Name = "PartID"; Value = "92"; VariantName = "[No Variations]"
Add component (AddParameter): Name = "Series"; Value = "CL"; VariantName = "[No Variations]"
Add component (AddParameter): Name = "Stock number"; Value = "not stored"; VariantName = "[No Variations]"
Add component (AddParameter): Name = "Supplier 1"; Value = "Mouser"; VariantName = "[No Variations]"
Add component (AddParameter): Name = "Supplier 2"; Value = "LCSC"; VariantName = "[No Variations]"
Add component (AddParameter): Name = "Supplier Part Number 1"; Value = "187-CL10C560JB8NNNC"; VariantName = "[No Variations]"
Add component (AddParameter): Name = "Supplier Part Number 2"; Value = "C39148"; VariantName = "[No Variations]"
Add component (AddParameter): Name = "Tolerance"; Value = "5 %"; VariantName = "[No Variations]"
Add component (AddParameter): Name = "Type"; Value = "Capacitor"; VariantName = "[No Variations]"
Add component (AddParameter): Name = "Value"; Value = "56 pF"; VariantName = "[No Variations]"
Add component (AddParameter): Name = "Voltage Rating"; Value = "50 VDC"; VariantName = "[No Variations]"
Added Component: Designator=C16A(C_0603)
Add component (AddParameter): Name = "Component Type"; Value = "Capacitor 0603"; VariantName = "[No Variations]"
Add component (AddParameter): Name = "ComponentLink1Description"; Value = "Datasheet"; VariantName = "[No Variations]"
Add component (AddParameter): Name = "ComponentLink1URL"; Value = "https://www.mouser.de/datasheet/2/585/MLCC-1837944.pdf"; VariantName = "[No Variations]"
Add component (AddParameter): Name = "Created from"; Value = "DHufnagel"; VariantName = "[No Variations]"
Add component (AddParameter): Name = "Created On"; Value = "20.12.2020 13:54:13"; VariantName = "[No Variations]"
Add component (AddParameter): Name = "Device Package"; Value = "0603"; VariantName = "[No Variations]"
Add component (AddParameter): Name = "Last Updated"; Value = "20.12.2020 16:24:16"; VariantName = "[No Variations]"
Add component (AddParameter): Name = "LCSC Part Number"; Value = "C39148"; VariantName = "[No Variations]"
Add component (AddParameter): Name = "Live Cycle Status"; Value = "1"; VariantName = "[No Variations]"
Add component (AddParameter): Name = "Manufacturer"; Value = "Samsung Electro-Mechanics"; VariantName = "[No Variations]"
Add component (AddParameter): Name = "Manufacturer Part Number"; Value = "CL10C560JB8NNNC"; VariantName = "[No Variations]"
Add component (AddParameter): Name = "Mounting Type"; Value = "SMD"; VariantName = "[No Variations]"
Add component (AddParameter): Name = "Operating Temperature"; Value = "-55 - 125°C"; VariantName = "[No Variations]"
Add component (AddParameter): Name = "PartID"; Value = "92"; VariantName = "[No Variations]"
Add component (AddParameter): Name = "Series"; Value = "CL"; VariantName = "[No Variations]"
Add component (AddParameter): Name = "Stock number"; Value = "not stored"; VariantName = "[No Variations]"
Add component (AddParameter): Name = "Supplier 1"; Value = "Mouser"; VariantName = "[No Variations]"
Add component (AddParameter): Name = "Supplier 2"; Value = "LCSC"; VariantName = "[No Variations]"
Add component (AddParameter): Name = "Supplier Part Number 1"; Value = "187-CL10C560JB8NNNC"; VariantName = "[No Variations]"
Add component (AddParameter): Name = "Supplier Part Number 2"; Value = "C39148"; VariantName = "[No Variations]"
Add component (AddParameter): Name = "Tolerance"; Value = "5 %"; VariantName = "[No Variations]"
Add component (AddParameter): Name = "Type"; Value = "Capacitor"; VariantName = "[No Variations]"
Add component (AddParameter): Name = "Value"; Value = "56 pF"; VariantName = "[No Variations]"
Add component (AddParameter): Name = "Voltage Rating"; Value = "50 VDC"; VariantName = "[No Variations]"
Added Component: Designator=C16B(C_0603)
Add component (AddParameter): Name = "Component Type"; Value = "Capacitor 0603"; VariantName = "[No Variations]"
Add component (AddParameter): Name = "ComponentLink1Description"; Value = "Datasheet"; VariantName = "[No Variations]"
Add component (AddParameter): Name = "ComponentLink1URL"; Value = "https://www.mouser.de/datasheet/2/585/MLCC-1837944.pdf"; VariantName = "[No Variations]"
Add component (AddParameter): Name = "Created from"; Value = "DHufnagel"; VariantName = "[No Variations]"
Add component (AddParameter): Name = "Created On"; Value = "20.12.2020 13:54:13"; VariantName = "[No Variations]"
Add component (AddParameter): Name = "Device Package"; Value = "0603"; VariantName = "[No Variations]"
Add component (AddParameter): Name = "Last Updated"; Value = "20.12.2020 16:24:16"; VariantName = "[No Variations]"
Add component (AddParameter): Name = "LCSC Part Number"; Value = "C39148"; VariantName = "[No Variations]"
Add component (AddParameter): Name = "Live Cycle Status"; Value = "1"; VariantName = "[No Variations]"
Add component (AddParameter): Name = "Manufacturer"; Value = "Samsung Electro-Mechanics"; VariantName = "[No Variations]"
Add component (AddParameter): Name = "Manufacturer Part Number"; Value = "CL10C560JB8NNNC"; VariantName = "[No Variations]"
Add component (AddParameter): Name = "Mounting Type"; Value = "SMD"; VariantName = "[No Variations]"
Add component (AddParameter): Name = "Operating Temperature"; Value = "-55 - 125°C"; VariantName = "[No Variations]"
Add component (AddParameter): Name = "PartID"; Value = "92"; VariantName = "[No Variations]"
Add component (AddParameter): Name = "Series"; Value = "CL"; VariantName = "[No Variations]"
Add component (AddParameter): Name = "Stock number"; Value = "not stored"; VariantName = "[No Variations]"
Add component (AddParameter): Name = "Supplier 1"; Value = "Mouser"; VariantName = "[No Variations]"
Add component (AddParameter): Name = "Supplier 2"; Value = "LCSC"; VariantName = "[No Variations]"
Add component (AddParameter): Name = "Supplier Part Number 1"; Value = "187-CL10C560JB8NNNC"; VariantName = "[No Variations]"
Add component (AddParameter): Name = "Supplier Part Number 2"; Value = "C39148"; VariantName = "[No Variations]"
Add component (AddParameter): Name = "Tolerance"; Value = "5 %"; VariantName = "[No Variations]"
Add component (AddParameter): Name = "Type"; Value = "Capacitor"; VariantName = "[No Variations]"
Add component (AddParameter): Name = "Value"; Value = "56 pF"; VariantName = "[No Variations]"
Add component (AddParameter): Name = "Voltage Rating"; Value = "50 VDC"; VariantName = "[No Variations]"
Added Component: Designator=C16C(C_0603)
Add component (AddParameter): Name = "Component Type"; Value = "Capacitor 0603"; VariantName = "[No Variations]"
Add component (AddParameter): Name = "ComponentLink1Description"; Value = "Datasheet"; VariantName = "[No Variations]"
Add component (AddParameter): Name = "ComponentLink1URL"; Value = "https://www.mouser.de/datasheet/2/585/MLCC-1837944.pdf"; VariantName = "[No Variations]"
Add component (AddParameter): Name = "Created from"; Value = "DHufnagel"; VariantName = "[No Variations]"
Add component (AddParameter): Name = "Created On"; Value = "20.12.2020 13:54:13"; VariantName = "[No Variations]"
Add component (AddParameter): Name = "Device Package"; Value = "0603"; VariantName = "[No Variations]"
Add component (AddParameter): Name = "Last Updated"; Value = "20.12.2020 16:24:16"; VariantName = "[No Variations]"
Add component (AddParameter): Name = "LCSC Part Number"; Value = "C39148"; VariantName = "[No Variations]"
Add component (AddParameter): Name = "Live Cycle Status"; Value = "1"; VariantName = "[No Variations]"
Add component (AddParameter): Name = "Manufacturer"; Value = "Samsung Electro-Mechanics"; VariantName = "[No Variations]"
Add component (AddParameter): Name = "Manufacturer Part Number"; Value = "CL10C560JB8NNNC"; VariantName = "[No Variations]"
Add component (AddParameter): Name = "Mounting Type"; Value = "SMD"; VariantName = "[No Variations]"
Add component (AddParameter): Name = "Operating Temperature"; Value = "-55 - 125°C"; VariantName = "[No Variations]"
Add component (AddParameter): Name = "PartID"; Value = "92"; VariantName = "[No Variations]"
Add component (AddParameter): Name = "Series"; Value = "CL"; VariantName = "[No Variations]"
Add component (AddParameter): Name = "Stock number"; Value = "not stored"; VariantName = "[No Variations]"
Add component (AddParameter): Name = "Supplier 1"; Value = "Mouser"; VariantName = "[No Variations]"
Add component (AddParameter): Name = "Supplier 2"; Value = "LCSC"; VariantName = "[No Variations]"
Add component (AddParameter): Name = "Supplier Part Number 1"; Value = "187-CL10C560JB8NNNC"; VariantName = "[No Variations]"
Add component (AddParameter): Name = "Supplier Part Number 2"; Value = "C39148"; VariantName = "[No Variations]"
Add component (AddParameter): Name = "Tolerance"; Value = "5 %"; VariantName = "[No Variations]"
Add component (AddParameter): Name = "Type"; Value = "Capacitor"; VariantName = "[No Variations]"
Add component (AddParameter): Name = "Value"; Value = "56 pF"; VariantName = "[No Variations]"
Add component (AddParameter): Name = "Voltage Rating"; Value = "50 VDC"; VariantName = "[No Variations]"
Added Component: Designator=C17A(C_0603)
Add component (AddParameter): Name = "Component Type"; Value = "Capacitor 0603"; VariantName = "[No Variations]"
Add component (AddParameter): Name = "ComponentLink1Description"; Value = "Datasheet"; VariantName = "[No Variations]"
Add component (AddParameter): Name = "ComponentLink1URL"; Value = "https://datasheet.lcsc.com/lcsc/2304140030_TDK-C1608X7S2A104KT000N_C343025.pdf"; VariantName = "[No Variations]"
Add component (AddParameter): Name = "Created from"; Value = "AGeiger"; VariantName = "[No Variations]"
Add component (AddParameter): Name = "Created On"; Value = "20.12.2020 13:54:13"; VariantName = "[No Variations]"
Add component (AddParameter): Name = "Device Package"; Value = "0603"; VariantName = "[No Variations]"
Add component (AddParameter): Name = "Last Updated"; Value = "14.12.2022 12:14:21"; VariantName = "[No Variations]"
Add component (AddParameter): Name = "LCSC Part Number"; Value = "C343025"; VariantName = "[No Variations]"
Add component (AddParameter): Name = "Live Cycle Status"; Value = "1"; VariantName = "[No Variations]"
Add component (AddParameter): Name = "Manufacturer"; Value = "TDK"; VariantName = "[No Variations]"
Add component (AddParameter): Name = "Manufacturer Part Number"; Value = "C1608X7S2A104KT000N"; VariantName = "[No Variations]"
Add component (AddParameter): Name = "Mounting Type"; Value = "SMD"; VariantName = "[No Variations]"
Add component (AddParameter): Name = "Operating Temperature"; Value = "-55 to 125°C"; VariantName = "[No Variations]"
Add component (AddParameter): Name = "PartID"; Value = "148"; VariantName = "[No Variations]"
Add component (AddParameter): Name = "Series"; Value = "X7R"; VariantName = "[No Variations]"
Add component (AddParameter): Name = "Stock number"; Value = "not stored"; VariantName = "[No Variations]"
Add component (AddParameter): Name = "Supplier 1"; Value = "LCSC"; VariantName = "[No Variations]"
Add component (AddParameter): Name = "Supplier Part Number 1"; Value = "C343025"; VariantName = "[No Variations]"
Add component (AddParameter): Name = "Tolerance"; Value = "10 %"; VariantName = "[No Variations]"
Add component (AddParameter): Name = "Type"; Value = "Capacitor"; VariantName = "[No Variations]"
Add component (AddParameter): Name = "Value"; Value = "100 nF"; VariantName = "[No Variations]"
Add component (AddParameter): Name = "Voltage Rating"; Value = "100 VDC"; VariantName = "[No Variations]"
Added Component: Designator=C17B(C_0603)
Add component (AddParameter): Name = "Component Type"; Value = "Capacitor 0603"; VariantName = "[No Variations]"
Add component (AddParameter): Name = "ComponentLink1Description"; Value = "Datasheet"; VariantName = "[No Variations]"
Add component (AddParameter): Name = "ComponentLink1URL"; Value = "https://datasheet.lcsc.com/lcsc/2304140030_TDK-C1608X7S2A104KT000N_C343025.pdf"; VariantName = "[No Variations]"
Add component (AddParameter): Name = "Created from"; Value = "AGeiger"; VariantName = "[No Variations]"
Add component (AddParameter): Name = "Created On"; Value = "20.12.2020 13:54:13"; VariantName = "[No Variations]"
Add component (AddParameter): Name = "Device Package"; Value = "0603"; VariantName = "[No Variations]"
Add component (AddParameter): Name = "Last Updated"; Value = "14.12.2022 12:14:21"; VariantName = "[No Variations]"
Add component (AddParameter): Name = "LCSC Part Number"; Value = "C343025"; VariantName = "[No Variations]"
Add component (AddParameter): Name = "Live Cycle Status"; Value = "1"; VariantName = "[No Variations]"
Add component (AddParameter): Name = "Manufacturer"; Value = "TDK"; VariantName = "[No Variations]"
Add component (AddParameter): Name = "Manufacturer Part Number"; Value = "C1608X7S2A104KT000N"; VariantName = "[No Variations]"
Add component (AddParameter): Name = "Mounting Type"; Value = "SMD"; VariantName = "[No Variations]"
Add component (AddParameter): Name = "Operating Temperature"; Value = "-55 to 125°C"; VariantName = "[No Variations]"
Add component (AddParameter): Name = "PartID"; Value = "148"; VariantName = "[No Variations]"
Add component (AddParameter): Name = "Series"; Value = "X7R"; VariantName = "[No Variations]"
Add component (AddParameter): Name = "Stock number"; Value = "not stored"; VariantName = "[No Variations]"
Add component (AddParameter): Name = "Supplier 1"; Value = "LCSC"; VariantName = "[No Variations]"
Add component (AddParameter): Name = "Supplier Part Number 1"; Value = "C343025"; VariantName = "[No Variations]"
Add component (AddParameter): Name = "Tolerance"; Value = "10 %"; VariantName = "[No Variations]"
Add component (AddParameter): Name = "Type"; Value = "Capacitor"; VariantName = "[No Variations]"
Add component (AddParameter): Name = "Value"; Value = "100 nF"; VariantName = "[No Variations]"
Add component (AddParameter): Name = "Voltage Rating"; Value = "100 VDC"; VariantName = "[No Variations]"
Added Component: Designator=C17C(C_0603)
Add component (AddParameter): Name = "Component Type"; Value = "Capacitor 0603"; VariantName = "[No Variations]"
Add component (AddParameter): Name = "ComponentLink1Description"; Value = "Datasheet"; VariantName = "[No Variations]"
Add component (AddParameter): Name = "ComponentLink1URL"; Value = "https://datasheet.lcsc.com/lcsc/2304140030_TDK-C1608X7S2A104KT000N_C343025.pdf"; VariantName = "[No Variations]"
Add component (AddParameter): Name = "Created from"; Value = "AGeiger"; VariantName = "[No Variations]"
Add component (AddParameter): Name = "Created On"; Value = "20.12.2020 13:54:13"; VariantName = "[No Variations]"
Add component (AddParameter): Name = "Device Package"; Value = "0603"; VariantName = "[No Variations]"
Add component (AddParameter): Name = "Last Updated"; Value = "14.12.2022 12:14:21"; VariantName = "[No Variations]"
Add component (AddParameter): Name = "LCSC Part Number"; Value = "C343025"; VariantName = "[No Variations]"
Add component (AddParameter): Name = "Live Cycle Status"; Value = "1"; VariantName = "[No Variations]"
Add component (AddParameter): Name = "Manufacturer"; Value = "TDK"; VariantName = "[No Variations]"
Add component (AddParameter): Name = "Manufacturer Part Number"; Value = "C1608X7S2A104KT000N"; VariantName = "[No Variations]"
Add component (AddParameter): Name = "Mounting Type"; Value = "SMD"; VariantName = "[No Variations]"
Add component (AddParameter): Name = "Operating Temperature"; Value = "-55 to 125°C"; VariantName = "[No Variations]"
Add component (AddParameter): Name = "PartID"; Value = "148"; VariantName = "[No Variations]"
Add component (AddParameter): Name = "Series"; Value = "X7R"; VariantName = "[No Variations]"
Add component (AddParameter): Name = "Stock number"; Value = "not stored"; VariantName = "[No Variations]"
Add component (AddParameter): Name = "Supplier 1"; Value = "LCSC"; VariantName = "[No Variations]"
Add component (AddParameter): Name = "Supplier Part Number 1"; Value = "C343025"; VariantName = "[No Variations]"
Add component (AddParameter): Name = "Tolerance"; Value = "10 %"; VariantName = "[No Variations]"
Add component (AddParameter): Name = "Type"; Value = "Capacitor"; VariantName = "[No Variations]"
Add component (AddParameter): Name = "Value"; Value = "100 nF"; VariantName = "[No Variations]"
Add component (AddParameter): Name = "Voltage Rating"; Value = "100 VDC"; VariantName = "[No Variations]"
Added Component: Designator=C18A(C_0603)
Add component (AddParameter): Name = "Component Type"; Value = "Capacitor 0603"; VariantName = "[No Variations]"
Add component (AddParameter): Name = "ComponentLink1Description"; Value = "Datasheet"; VariantName = "[No Variations]"
Add component (AddParameter): Name = "ComponentLink1URL"; Value = "https://datasheet.lcsc.com/lcsc/1809291621_TORCH-CT41G-0603-2X1-50V-0-01-F-K-N_C136131.pdf"; VariantName = "[No Variations]"
Add component (AddParameter): Name = "Created from"; Value = "KIlhan"; VariantName = "[No Variations]"
Add component (AddParameter): Name = "Created On"; Value = "05.07.2023 18:57:50"; VariantName = "[No Variations]"
Add component (AddParameter): Name = "Device Package"; Value = "0603"; VariantName = "[No Variations]"
Add component (AddParameter): Name = "Last Updated"; Value = "05.07.2023 18:57:50"; VariantName = "[No Variations]"
Add component (AddParameter): Name = "LCSC Part Number"; Value = "C136131"; VariantName = "[No Variations]"
Add component (AddParameter): Name = "Live Cycle Status"; Value = "1"; VariantName = "[No Variations]"
Add component (AddParameter): Name = "Manufacturer"; Value = "TORCH"; VariantName = "[No Variations]"
Add component (AddParameter): Name = "Manufacturer Part Number"; Value = "CT41G-0603-2X1-50V-0.01µF-K(N)"; VariantName = "[No Variations]"
Add component (AddParameter): Name = "Mounting Type"; Value = "SMD"; VariantName = "[No Variations]"
Add component (AddParameter): Name = "Operating Temperature"; Value = "-55 - 125°C"; VariantName = "[No Variations]"
Add component (AddParameter): Name = "PartID"; Value = "130"; VariantName = "[No Variations]"
Add component (AddParameter): Name = "Stock number"; Value = "not stored"; VariantName = "[No Variations]"
Add component (AddParameter): Name = "Supplier 1"; Value = "LCSC"; VariantName = "[No Variations]"
Add component (AddParameter): Name = "Supplier Part Number 1"; Value = "C136131"; VariantName = "[No Variations]"
Add component (AddParameter): Name = "Tolerance"; Value = "10 %"; VariantName = "[No Variations]"
Add component (AddParameter): Name = "Type"; Value = "Capacitor"; VariantName = "[No Variations]"
Add component (AddParameter): Name = "Value"; Value = "10nF"; VariantName = "[No Variations]"
Add component (AddParameter): Name = "Voltage Rating"; Value = "50 VDC"; VariantName = "[No Variations]"
Added Component: Designator=C18B(C_0603)
Add component (AddParameter): Name = "Component Type"; Value = "Capacitor 0603"; VariantName = "[No Variations]"
Add component (AddParameter): Name = "ComponentLink1Description"; Value = "Datasheet"; VariantName = "[No Variations]"
Add component (AddParameter): Name = "ComponentLink1URL"; Value = "https://datasheet.lcsc.com/lcsc/1809291621_TORCH-CT41G-0603-2X1-50V-0-01-F-K-N_C136131.pdf"; VariantName = "[No Variations]"
Add component (AddParameter): Name = "Created from"; Value = "KIlhan"; VariantName = "[No Variations]"
Add component (AddParameter): Name = "Created On"; Value = "05.07.2023 18:57:50"; VariantName = "[No Variations]"
Add component (AddParameter): Name = "Device Package"; Value = "0603"; VariantName = "[No Variations]"
Add component (AddParameter): Name = "Last Updated"; Value = "05.07.2023 18:57:50"; VariantName = "[No Variations]"
Add component (AddParameter): Name = "LCSC Part Number"; Value = "C136131"; VariantName = "[No Variations]"
Add component (AddParameter): Name = "Live Cycle Status"; Value = "1"; VariantName = "[No Variations]"
Add component (AddParameter): Name = "Manufacturer"; Value = "TORCH"; VariantName = "[No Variations]"
Add component (AddParameter): Name = "Manufacturer Part Number"; Value = "CT41G-0603-2X1-50V-0.01µF-K(N)"; VariantName = "[No Variations]"
Add component (AddParameter): Name = "Mounting Type"; Value = "SMD"; VariantName = "[No Variations]"
Add component (AddParameter): Name = "Operating Temperature"; Value = "-55 - 125°C"; VariantName = "[No Variations]"
Add component (AddParameter): Name = "PartID"; Value = "130"; VariantName = "[No Variations]"
Add component (AddParameter): Name = "Stock number"; Value = "not stored"; VariantName = "[No Variations]"
Add component (AddParameter): Name = "Supplier 1"; Value = "LCSC"; VariantName = "[No Variations]"
Add component (AddParameter): Name = "Supplier Part Number 1"; Value = "C136131"; VariantName = "[No Variations]"
Add component (AddParameter): Name = "Tolerance"; Value = "10 %"; VariantName = "[No Variations]"
Add component (AddParameter): Name = "Type"; Value = "Capacitor"; VariantName = "[No Variations]"
Add component (AddParameter): Name = "Value"; Value = "10nF"; VariantName = "[No Variations]"
Add component (AddParameter): Name = "Voltage Rating"; Value = "50 VDC"; VariantName = "[No Variations]"
Added Component: Designator=C18C(C_0603)
Add component (AddParameter): Name = "Component Type"; Value = "Capacitor 0603"; VariantName = "[No Variations]"
Add component (AddParameter): Name = "ComponentLink1Description"; Value = "Datasheet"; VariantName = "[No Variations]"
Add component (AddParameter): Name = "ComponentLink1URL"; Value = "https://datasheet.lcsc.com/lcsc/1809291621_TORCH-CT41G-0603-2X1-50V-0-01-F-K-N_C136131.pdf"; VariantName = "[No Variations]"
Add component (AddParameter): Name = "Created from"; Value = "KIlhan"; VariantName = "[No Variations]"
Add component (AddParameter): Name = "Created On"; Value = "05.07.2023 18:57:50"; VariantName = "[No Variations]"
Add component (AddParameter): Name = "Device Package"; Value = "0603"; VariantName = "[No Variations]"
Add component (AddParameter): Name = "Last Updated"; Value = "05.07.2023 18:57:50"; VariantName = "[No Variations]"
Add component (AddParameter): Name = "LCSC Part Number"; Value = "C136131"; VariantName = "[No Variations]"
Add component (AddParameter): Name = "Live Cycle Status"; Value = "1"; VariantName = "[No Variations]"
Add component (AddParameter): Name = "Manufacturer"; Value = "TORCH"; VariantName = "[No Variations]"
Add component (AddParameter): Name = "Manufacturer Part Number"; Value = "CT41G-0603-2X1-50V-0.01µF-K(N)"; VariantName = "[No Variations]"
Add component (AddParameter): Name = "Mounting Type"; Value = "SMD"; VariantName = "[No Variations]"
Add component (AddParameter): Name = "Operating Temperature"; Value = "-55 - 125°C"; VariantName = "[No Variations]"
Add component (AddParameter): Name = "PartID"; Value = "130"; VariantName = "[No Variations]"
Add component (AddParameter): Name = "Stock number"; Value = "not stored"; VariantName = "[No Variations]"
Add component (AddParameter): Name = "Supplier 1"; Value = "LCSC"; VariantName = "[No Variations]"
Add component (AddParameter): Name = "Supplier Part Number 1"; Value = "C136131"; VariantName = "[No Variations]"
Add component (AddParameter): Name = "Tolerance"; Value = "10 %"; VariantName = "[No Variations]"
Add component (AddParameter): Name = "Type"; Value = "Capacitor"; VariantName = "[No Variations]"
Add component (AddParameter): Name = "Value"; Value = "10nF"; VariantName = "[No Variations]"
Add component (AddParameter): Name = "Voltage Rating"; Value = "50 VDC"; VariantName = "[No Variations]"
Added Component: Designator=C19A(C_0603)
Add component (AddParameter): Name = "Component Type"; Value = "Capacitor 0603"; VariantName = "[No Variations]"
Add component (AddParameter): Name = "ComponentLink1Description"; Value = "Datasheet"; VariantName = "[No Variations]"
Add component (AddParameter): Name = "ComponentLink1URL"; Value = "https://datasheet.lcsc.com/lcsc/2304140030_TDK-C1608X7S2A104KT000N_C343025.pdf"; VariantName = "[No Variations]"
Add component (AddParameter): Name = "Created from"; Value = "AGeiger"; VariantName = "[No Variations]"
Add component (AddParameter): Name = "Created On"; Value = "20.12.2020 13:54:13"; VariantName = "[No Variations]"
Add component (AddParameter): Name = "Device Package"; Value = "0603"; VariantName = "[No Variations]"
Add component (AddParameter): Name = "Last Updated"; Value = "14.12.2022 12:14:21"; VariantName = "[No Variations]"
Add component (AddParameter): Name = "LCSC Part Number"; Value = "C343025"; VariantName = "[No Variations]"
Add component (AddParameter): Name = "Live Cycle Status"; Value = "1"; VariantName = "[No Variations]"
Add component (AddParameter): Name = "Manufacturer"; Value = "TDK"; VariantName = "[No Variations]"
Add component (AddParameter): Name = "Manufacturer Part Number"; Value = "C1608X7S2A104KT000N"; VariantName = "[No Variations]"
Add component (AddParameter): Name = "Mounting Type"; Value = "SMD"; VariantName = "[No Variations]"
Add component (AddParameter): Name = "Operating Temperature"; Value = "-55 to 125°C"; VariantName = "[No Variations]"
Add component (AddParameter): Name = "PartID"; Value = "148"; VariantName = "[No Variations]"
Add component (AddParameter): Name = "Series"; Value = "X7R"; VariantName = "[No Variations]"
Add component (AddParameter): Name = "Stock number"; Value = "not stored"; VariantName = "[No Variations]"
Add component (AddParameter): Name = "Supplier 1"; Value = "LCSC"; VariantName = "[No Variations]"
Add component (AddParameter): Name = "Supplier Part Number 1"; Value = "C343025"; VariantName = "[No Variations]"
Add component (AddParameter): Name = "Tolerance"; Value = "10 %"; VariantName = "[No Variations]"
Add component (AddParameter): Name = "Type"; Value = "Capacitor"; VariantName = "[No Variations]"
Add component (AddParameter): Name = "Value"; Value = "100 nF"; VariantName = "[No Variations]"
Add component (AddParameter): Name = "Voltage Rating"; Value = "100 VDC"; VariantName = "[No Variations]"
Added Component: Designator=C19B(C_0603)
Add component (AddParameter): Name = "Component Type"; Value = "Capacitor 0603"; VariantName = "[No Variations]"
Add component (AddParameter): Name = "ComponentLink1Description"; Value = "Datasheet"; VariantName = "[No Variations]"
Add component (AddParameter): Name = "ComponentLink1URL"; Value = "https://datasheet.lcsc.com/lcsc/2304140030_TDK-C1608X7S2A104KT000N_C343025.pdf"; VariantName = "[No Variations]"
Add component (AddParameter): Name = "Created from"; Value = "AGeiger"; VariantName = "[No Variations]"
Add component (AddParameter): Name = "Created On"; Value = "20.12.2020 13:54:13"; VariantName = "[No Variations]"
Add component (AddParameter): Name = "Device Package"; Value = "0603"; VariantName = "[No Variations]"
Add component (AddParameter): Name = "Last Updated"; Value = "14.12.2022 12:14:21"; VariantName = "[No Variations]"
Add component (AddParameter): Name = "LCSC Part Number"; Value = "C343025"; VariantName = "[No Variations]"
Add component (AddParameter): Name = "Live Cycle Status"; Value = "1"; VariantName = "[No Variations]"
Add component (AddParameter): Name = "Manufacturer"; Value = "TDK"; VariantName = "[No Variations]"
Add component (AddParameter): Name = "Manufacturer Part Number"; Value = "C1608X7S2A104KT000N"; VariantName = "[No Variations]"
Add component (AddParameter): Name = "Mounting Type"; Value = "SMD"; VariantName = "[No Variations]"
Add component (AddParameter): Name = "Operating Temperature"; Value = "-55 to 125°C"; VariantName = "[No Variations]"
Add component (AddParameter): Name = "PartID"; Value = "148"; VariantName = "[No Variations]"
Add component (AddParameter): Name = "Series"; Value = "X7R"; VariantName = "[No Variations]"
Add component (AddParameter): Name = "Stock number"; Value = "not stored"; VariantName = "[No Variations]"
Add component (AddParameter): Name = "Supplier 1"; Value = "LCSC"; VariantName = "[No Variations]"
Add component (AddParameter): Name = "Supplier Part Number 1"; Value = "C343025"; VariantName = "[No Variations]"
Add component (AddParameter): Name = "Tolerance"; Value = "10 %"; VariantName = "[No Variations]"
Add component (AddParameter): Name = "Type"; Value = "Capacitor"; VariantName = "[No Variations]"
Add component (AddParameter): Name = "Value"; Value = "100 nF"; VariantName = "[No Variations]"
Add component (AddParameter): Name = "Voltage Rating"; Value = "100 VDC"; VariantName = "[No Variations]"
Added Component: Designator=C19C(C_0603)
Add component (AddParameter): Name = "Component Type"; Value = "Capacitor 0603"; VariantName = "[No Variations]"
Add component (AddParameter): Name = "ComponentLink1Description"; Value = "Datasheet"; VariantName = "[No Variations]"
Add component (AddParameter): Name = "ComponentLink1URL"; Value = "https://datasheet.lcsc.com/lcsc/2304140030_TDK-C1608X7S2A104KT000N_C343025.pdf"; VariantName = "[No Variations]"
Add component (AddParameter): Name = "Created from"; Value = "AGeiger"; VariantName = "[No Variations]"
Add component (AddParameter): Name = "Created On"; Value = "20.12.2020 13:54:13"; VariantName = "[No Variations]"
Add component (AddParameter): Name = "Device Package"; Value = "0603"; VariantName = "[No Variations]"
Add component (AddParameter): Name = "Last Updated"; Value = "14.12.2022 12:14:21"; VariantName = "[No Variations]"
Add component (AddParameter): Name = "LCSC Part Number"; Value = "C343025"; VariantName = "[No Variations]"
Add component (AddParameter): Name = "Live Cycle Status"; Value = "1"; VariantName = "[No Variations]"
Add component (AddParameter): Name = "Manufacturer"; Value = "TDK"; VariantName = "[No Variations]"
Add component (AddParameter): Name = "Manufacturer Part Number"; Value = "C1608X7S2A104KT000N"; VariantName = "[No Variations]"
Add component (AddParameter): Name = "Mounting Type"; Value = "SMD"; VariantName = "[No Variations]"
Add component (AddParameter): Name = "Operating Temperature"; Value = "-55 to 125°C"; VariantName = "[No Variations]"
Add component (AddParameter): Name = "PartID"; Value = "148"; VariantName = "[No Variations]"
Add component (AddParameter): Name = "Series"; Value = "X7R"; VariantName = "[No Variations]"
Add component (AddParameter): Name = "Stock number"; Value = "not stored"; VariantName = "[No Variations]"
Add component (AddParameter): Name = "Supplier 1"; Value = "LCSC"; VariantName = "[No Variations]"
Add component (AddParameter): Name = "Supplier Part Number 1"; Value = "C343025"; VariantName = "[No Variations]"
Add component (AddParameter): Name = "Tolerance"; Value = "10 %"; VariantName = "[No Variations]"
Add component (AddParameter): Name = "Type"; Value = "Capacitor"; VariantName = "[No Variations]"
Add component (AddParameter): Name = "Value"; Value = "100 nF"; VariantName = "[No Variations]"
Add component (AddParameter): Name = "Voltage Rating"; Value = "100 VDC"; VariantName = "[No Variations]"
Added Component: Designator=C20A(C_0603)
Add component (AddParameter): Name = "Component Type"; Value = "Capacitor 0603"; VariantName = "[No Variations]"
Add component (AddParameter): Name = "ComponentLink1Description"; Value = "Datasheet"; VariantName = "[No Variations]"
Add component (AddParameter): Name = "ComponentLink1URL"; Value = "https://datasheet.lcsc.com/lcsc/2304140030_TDK-C1608X7S2A104KT000N_C343025.pdf"; VariantName = "[No Variations]"
Add component (AddParameter): Name = "Created from"; Value = "AGeiger"; VariantName = "[No Variations]"
Add component (AddParameter): Name = "Created On"; Value = "20.12.2020 13:54:13"; VariantName = "[No Variations]"
Add component (AddParameter): Name = "Device Package"; Value = "0603"; VariantName = "[No Variations]"
Add component (AddParameter): Name = "Last Updated"; Value = "14.12.2022 12:14:21"; VariantName = "[No Variations]"
Add component (AddParameter): Name = "LCSC Part Number"; Value = "C343025"; VariantName = "[No Variations]"
Add component (AddParameter): Name = "Live Cycle Status"; Value = "1"; VariantName = "[No Variations]"
Add component (AddParameter): Name = "Manufacturer"; Value = "TDK"; VariantName = "[No Variations]"
Add component (AddParameter): Name = "Manufacturer Part Number"; Value = "C1608X7S2A104KT000N"; VariantName = "[No Variations]"
Add component (AddParameter): Name = "Mounting Type"; Value = "SMD"; VariantName = "[No Variations]"
Add component (AddParameter): Name = "Operating Temperature"; Value = "-55 to 125°C"; VariantName = "[No Variations]"
Add component (AddParameter): Name = "PartID"; Value = "148"; VariantName = "[No Variations]"
Add component (AddParameter): Name = "Series"; Value = "X7R"; VariantName = "[No Variations]"
Add component (AddParameter): Name = "Stock number"; Value = "not stored"; VariantName = "[No Variations]"
Add component (AddParameter): Name = "Supplier 1"; Value = "LCSC"; VariantName = "[No Variations]"
Add component (AddParameter): Name = "Supplier Part Number 1"; Value = "C343025"; VariantName = "[No Variations]"
Add component (AddParameter): Name = "Tolerance"; Value = "10 %"; VariantName = "[No Variations]"
Add component (AddParameter): Name = "Type"; Value = "Capacitor"; VariantName = "[No Variations]"
Add component (AddParameter): Name = "Value"; Value = "100 nF"; VariantName = "[No Variations]"
Add component (AddParameter): Name = "Voltage Rating"; Value = "100 VDC"; VariantName = "[No Variations]"
Added Component: Designator=C20B(C_0603)
Add component (AddParameter): Name = "Component Type"; Value = "Capacitor 0603"; VariantName = "[No Variations]"
Add component (AddParameter): Name = "ComponentLink1Description"; Value = "Datasheet"; VariantName = "[No Variations]"
Add component (AddParameter): Name = "ComponentLink1URL"; Value = "https://datasheet.lcsc.com/lcsc/2304140030_TDK-C1608X7S2A104KT000N_C343025.pdf"; VariantName = "[No Variations]"
Add component (AddParameter): Name = "Created from"; Value = "AGeiger"; VariantName = "[No Variations]"
Add component (AddParameter): Name = "Created On"; Value = "20.12.2020 13:54:13"; VariantName = "[No Variations]"
Add component (AddParameter): Name = "Device Package"; Value = "0603"; VariantName = "[No Variations]"
Add component (AddParameter): Name = "Last Updated"; Value = "14.12.2022 12:14:21"; VariantName = "[No Variations]"
Add component (AddParameter): Name = "LCSC Part Number"; Value = "C343025"; VariantName = "[No Variations]"
Add component (AddParameter): Name = "Live Cycle Status"; Value = "1"; VariantName = "[No Variations]"
Add component (AddParameter): Name = "Manufacturer"; Value = "TDK"; VariantName = "[No Variations]"
Add component (AddParameter): Name = "Manufacturer Part Number"; Value = "C1608X7S2A104KT000N"; VariantName = "[No Variations]"
Add component (AddParameter): Name = "Mounting Type"; Value = "SMD"; VariantName = "[No Variations]"
Add component (AddParameter): Name = "Operating Temperature"; Value = "-55 to 125°C"; VariantName = "[No Variations]"
Add component (AddParameter): Name = "PartID"; Value = "148"; VariantName = "[No Variations]"
Add component (AddParameter): Name = "Series"; Value = "X7R"; VariantName = "[No Variations]"
Add component (AddParameter): Name = "Stock number"; Value = "not stored"; VariantName = "[No Variations]"
Add component (AddParameter): Name = "Supplier 1"; Value = "LCSC"; VariantName = "[No Variations]"
Add component (AddParameter): Name = "Supplier Part Number 1"; Value = "C343025"; VariantName = "[No Variations]"
Add component (AddParameter): Name = "Tolerance"; Value = "10 %"; VariantName = "[No Variations]"
Add component (AddParameter): Name = "Type"; Value = "Capacitor"; VariantName = "[No Variations]"
Add component (AddParameter): Name = "Value"; Value = "100 nF"; VariantName = "[No Variations]"
Add component (AddParameter): Name = "Voltage Rating"; Value = "100 VDC"; VariantName = "[No Variations]"
Added Component: Designator=C20C(C_0603)
Add component (AddParameter): Name = "Component Type"; Value = "Capacitor 0603"; VariantName = "[No Variations]"
Add component (AddParameter): Name = "ComponentLink1Description"; Value = "Datasheet"; VariantName = "[No Variations]"
Add component (AddParameter): Name = "ComponentLink1URL"; Value = "https://datasheet.lcsc.com/lcsc/2304140030_TDK-C1608X7S2A104KT000N_C343025.pdf"; VariantName = "[No Variations]"
Add component (AddParameter): Name = "Created from"; Value = "AGeiger"; VariantName = "[No Variations]"
Add component (AddParameter): Name = "Created On"; Value = "20.12.2020 13:54:13"; VariantName = "[No Variations]"
Add component (AddParameter): Name = "Device Package"; Value = "0603"; VariantName = "[No Variations]"
Add component (AddParameter): Name = "Last Updated"; Value = "14.12.2022 12:14:21"; VariantName = "[No Variations]"
Add component (AddParameter): Name = "LCSC Part Number"; Value = "C343025"; VariantName = "[No Variations]"
Add component (AddParameter): Name = "Live Cycle Status"; Value = "1"; VariantName = "[No Variations]"
Add component (AddParameter): Name = "Manufacturer"; Value = "TDK"; VariantName = "[No Variations]"
Add component (AddParameter): Name = "Manufacturer Part Number"; Value = "C1608X7S2A104KT000N"; VariantName = "[No Variations]"
Add component (AddParameter): Name = "Mounting Type"; Value = "SMD"; VariantName = "[No Variations]"
Add component (AddParameter): Name = "Operating Temperature"; Value = "-55 to 125°C"; VariantName = "[No Variations]"
Add component (AddParameter): Name = "PartID"; Value = "148"; VariantName = "[No Variations]"
Add component (AddParameter): Name = "Series"; Value = "X7R"; VariantName = "[No Variations]"
Add component (AddParameter): Name = "Stock number"; Value = "not stored"; VariantName = "[No Variations]"
Add component (AddParameter): Name = "Supplier 1"; Value = "LCSC"; VariantName = "[No Variations]"
Add component (AddParameter): Name = "Supplier Part Number 1"; Value = "C343025"; VariantName = "[No Variations]"
Add component (AddParameter): Name = "Tolerance"; Value = "10 %"; VariantName = "[No Variations]"
Add component (AddParameter): Name = "Type"; Value = "Capacitor"; VariantName = "[No Variations]"
Add component (AddParameter): Name = "Value"; Value = "100 nF"; VariantName = "[No Variations]"
Add component (AddParameter): Name = "Voltage Rating"; Value = "100 VDC"; VariantName = "[No Variations]"
Added Component: Designator=C21A(C_0603)
Add component (AddParameter): Name = "Component Type"; Value = "Capacitor 0603"; VariantName = "[No Variations]"
Add component (AddParameter): Name = "ComponentLink1Description"; Value = "Datasheet"; VariantName = "[No Variations]"
Add component (AddParameter): Name = "ComponentLink1URL"; Value = "https://datasheet.lcsc.com/lcsc/1809291621_TORCH-CT41G-0603-2X1-50V-0-01-F-K-N_C136131.pdf"; VariantName = "[No Variations]"
Add component (AddParameter): Name = "Created from"; Value = "KIlhan"; VariantName = "[No Variations]"
Add component (AddParameter): Name = "Created On"; Value = "05.07.2023 18:57:50"; VariantName = "[No Variations]"
Add component (AddParameter): Name = "Device Package"; Value = "0603"; VariantName = "[No Variations]"
Add component (AddParameter): Name = "Last Updated"; Value = "05.07.2023 18:57:50"; VariantName = "[No Variations]"
Add component (AddParameter): Name = "LCSC Part Number"; Value = "C136131"; VariantName = "[No Variations]"
Add component (AddParameter): Name = "Live Cycle Status"; Value = "1"; VariantName = "[No Variations]"
Add component (AddParameter): Name = "Manufacturer"; Value = "TORCH"; VariantName = "[No Variations]"
Add component (AddParameter): Name = "Manufacturer Part Number"; Value = "CT41G-0603-2X1-50V-0.01µF-K(N)"; VariantName = "[No Variations]"
Add component (AddParameter): Name = "Mounting Type"; Value = "SMD"; VariantName = "[No Variations]"
Add component (AddParameter): Name = "Operating Temperature"; Value = "-55 - 125°C"; VariantName = "[No Variations]"
Add component (AddParameter): Name = "PartID"; Value = "130"; VariantName = "[No Variations]"
Add component (AddParameter): Name = "Stock number"; Value = "not stored"; VariantName = "[No Variations]"
Add component (AddParameter): Name = "Supplier 1"; Value = "LCSC"; VariantName = "[No Variations]"
Add component (AddParameter): Name = "Supplier Part Number 1"; Value = "C136131"; VariantName = "[No Variations]"
Add component (AddParameter): Name = "Tolerance"; Value = "10 %"; VariantName = "[No Variations]"
Add component (AddParameter): Name = "Type"; Value = "Capacitor"; VariantName = "[No Variations]"
Add component (AddParameter): Name = "Value"; Value = "10nF"; VariantName = "[No Variations]"
Add component (AddParameter): Name = "Voltage Rating"; Value = "50 VDC"; VariantName = "[No Variations]"
Added Component: Designator=C21B(C_0603)
Add component (AddParameter): Name = "Component Type"; Value = "Capacitor 0603"; VariantName = "[No Variations]"
Add component (AddParameter): Name = "ComponentLink1Description"; Value = "Datasheet"; VariantName = "[No Variations]"
Add component (AddParameter): Name = "ComponentLink1URL"; Value = "https://datasheet.lcsc.com/lcsc/1809291621_TORCH-CT41G-0603-2X1-50V-0-01-F-K-N_C136131.pdf"; VariantName = "[No Variations]"
Add component (AddParameter): Name = "Created from"; Value = "KIlhan"; VariantName = "[No Variations]"
Add component (AddParameter): Name = "Created On"; Value = "05.07.2023 18:57:50"; VariantName = "[No Variations]"
Add component (AddParameter): Name = "Device Package"; Value = "0603"; VariantName = "[No Variations]"
Add component (AddParameter): Name = "Last Updated"; Value = "05.07.2023 18:57:50"; VariantName = "[No Variations]"
Add component (AddParameter): Name = "LCSC Part Number"; Value = "C136131"; VariantName = "[No Variations]"
Add component (AddParameter): Name = "Live Cycle Status"; Value = "1"; VariantName = "[No Variations]"
Add component (AddParameter): Name = "Manufacturer"; Value = "TORCH"; VariantName = "[No Variations]"
Add component (AddParameter): Name = "Manufacturer Part Number"; Value = "CT41G-0603-2X1-50V-0.01µF-K(N)"; VariantName = "[No Variations]"
Add component (AddParameter): Name = "Mounting Type"; Value = "SMD"; VariantName = "[No Variations]"
Add component (AddParameter): Name = "Operating Temperature"; Value = "-55 - 125°C"; VariantName = "[No Variations]"
Add component (AddParameter): Name = "PartID"; Value = "130"; VariantName = "[No Variations]"
Add component (AddParameter): Name = "Stock number"; Value = "not stored"; VariantName = "[No Variations]"
Add component (AddParameter): Name = "Supplier 1"; Value = "LCSC"; VariantName = "[No Variations]"
Add component (AddParameter): Name = "Supplier Part Number 1"; Value = "C136131"; VariantName = "[No Variations]"
Add component (AddParameter): Name = "Tolerance"; Value = "10 %"; VariantName = "[No Variations]"
Add component (AddParameter): Name = "Type"; Value = "Capacitor"; VariantName = "[No Variations]"
Add component (AddParameter): Name = "Value"; Value = "10nF"; VariantName = "[No Variations]"
Add component (AddParameter): Name = "Voltage Rating"; Value = "50 VDC"; VariantName = "[No Variations]"
Added Component: Designator=C21C(C_0603)
Add component (AddParameter): Name = "Component Type"; Value = "Capacitor 0603"; VariantName = "[No Variations]"
Add component (AddParameter): Name = "ComponentLink1Description"; Value = "Datasheet"; VariantName = "[No Variations]"
Add component (AddParameter): Name = "ComponentLink1URL"; Value = "https://datasheet.lcsc.com/lcsc/1809291621_TORCH-CT41G-0603-2X1-50V-0-01-F-K-N_C136131.pdf"; VariantName = "[No Variations]"
Add component (AddParameter): Name = "Created from"; Value = "KIlhan"; VariantName = "[No Variations]"
Add component (AddParameter): Name = "Created On"; Value = "05.07.2023 18:57:50"; VariantName = "[No Variations]"
Add component (AddParameter): Name = "Device Package"; Value = "0603"; VariantName = "[No Variations]"
Add component (AddParameter): Name = "Last Updated"; Value = "05.07.2023 18:57:50"; VariantName = "[No Variations]"
Add component (AddParameter): Name = "LCSC Part Number"; Value = "C136131"; VariantName = "[No Variations]"
Add component (AddParameter): Name = "Live Cycle Status"; Value = "1"; VariantName = "[No Variations]"
Add component (AddParameter): Name = "Manufacturer"; Value = "TORCH"; VariantName = "[No Variations]"
Add component (AddParameter): Name = "Manufacturer Part Number"; Value = "CT41G-0603-2X1-50V-0.01µF-K(N)"; VariantName = "[No Variations]"
Add component (AddParameter): Name = "Mounting Type"; Value = "SMD"; VariantName = "[No Variations]"
Add component (AddParameter): Name = "Operating Temperature"; Value = "-55 - 125°C"; VariantName = "[No Variations]"
Add component (AddParameter): Name = "PartID"; Value = "130"; VariantName = "[No Variations]"
Add component (AddParameter): Name = "Stock number"; Value = "not stored"; VariantName = "[No Variations]"
Add component (AddParameter): Name = "Supplier 1"; Value = "LCSC"; VariantName = "[No Variations]"
Add component (AddParameter): Name = "Supplier Part Number 1"; Value = "C136131"; VariantName = "[No Variations]"
Add component (AddParameter): Name = "Tolerance"; Value = "10 %"; VariantName = "[No Variations]"
Add component (AddParameter): Name = "Type"; Value = "Capacitor"; VariantName = "[No Variations]"
Add component (AddParameter): Name = "Value"; Value = "10nF"; VariantName = "[No Variations]"
Add component (AddParameter): Name = "Voltage Rating"; Value = "50 VDC"; VariantName = "[No Variations]"
Added Component: Designator=C22A(C_0603)
Add component (AddParameter): Name = "Component Type"; Value = "Capacitor 0603"; VariantName = "[No Variations]"
Add component (AddParameter): Name = "ComponentLink1Description"; Value = "Datasheet"; VariantName = "[No Variations]"
Add component (AddParameter): Name = "ComponentLink1URL"; Value = "https://datasheet.lcsc.com/lcsc/2304140030_TDK-C1608X7S2A104KT000N_C343025.pdf"; VariantName = "[No Variations]"
Add component (AddParameter): Name = "Created from"; Value = "AGeiger"; VariantName = "[No Variations]"
Add component (AddParameter): Name = "Created On"; Value = "20.12.2020 13:54:13"; VariantName = "[No Variations]"
Add component (AddParameter): Name = "Device Package"; Value = "0603"; VariantName = "[No Variations]"
Add component (AddParameter): Name = "Last Updated"; Value = "14.12.2022 12:14:21"; VariantName = "[No Variations]"
Add component (AddParameter): Name = "LCSC Part Number"; Value = "C343025"; VariantName = "[No Variations]"
Add component (AddParameter): Name = "Live Cycle Status"; Value = "1"; VariantName = "[No Variations]"
Add component (AddParameter): Name = "Manufacturer"; Value = "TDK"; VariantName = "[No Variations]"
Add component (AddParameter): Name = "Manufacturer Part Number"; Value = "C1608X7S2A104KT000N"; VariantName = "[No Variations]"
Add component (AddParameter): Name = "Mounting Type"; Value = "SMD"; VariantName = "[No Variations]"
Add component (AddParameter): Name = "Operating Temperature"; Value = "-55 to 125°C"; VariantName = "[No Variations]"
Add component (AddParameter): Name = "PartID"; Value = "148"; VariantName = "[No Variations]"
Add component (AddParameter): Name = "Series"; Value = "X7R"; VariantName = "[No Variations]"
Add component (AddParameter): Name = "Stock number"; Value = "not stored"; VariantName = "[No Variations]"
Add component (AddParameter): Name = "Supplier 1"; Value = "LCSC"; VariantName = "[No Variations]"
Add component (AddParameter): Name = "Supplier Part Number 1"; Value = "C343025"; VariantName = "[No Variations]"
Add component (AddParameter): Name = "Tolerance"; Value = "10 %"; VariantName = "[No Variations]"
Add component (AddParameter): Name = "Type"; Value = "Capacitor"; VariantName = "[No Variations]"
Add component (AddParameter): Name = "Value"; Value = "100 nF"; VariantName = "[No Variations]"
Add component (AddParameter): Name = "Voltage Rating"; Value = "100 VDC"; VariantName = "[No Variations]"
Added Component: Designator=C22B(C_0603)
Add component (AddParameter): Name = "Component Type"; Value = "Capacitor 0603"; VariantName = "[No Variations]"
Add component (AddParameter): Name = "ComponentLink1Description"; Value = "Datasheet"; VariantName = "[No Variations]"
Add component (AddParameter): Name = "ComponentLink1URL"; Value = "https://datasheet.lcsc.com/lcsc/2304140030_TDK-C1608X7S2A104KT000N_C343025.pdf"; VariantName = "[No Variations]"
Add component (AddParameter): Name = "Created from"; Value = "AGeiger"; VariantName = "[No Variations]"
Add component (AddParameter): Name = "Created On"; Value = "20.12.2020 13:54:13"; VariantName = "[No Variations]"
Add component (AddParameter): Name = "Device Package"; Value = "0603"; VariantName = "[No Variations]"
Add component (AddParameter): Name = "Last Updated"; Value = "14.12.2022 12:14:21"; VariantName = "[No Variations]"
Add component (AddParameter): Name = "LCSC Part Number"; Value = "C343025"; VariantName = "[No Variations]"
Add component (AddParameter): Name = "Live Cycle Status"; Value = "1"; VariantName = "[No Variations]"
Add component (AddParameter): Name = "Manufacturer"; Value = "TDK"; VariantName = "[No Variations]"
Add component (AddParameter): Name = "Manufacturer Part Number"; Value = "C1608X7S2A104KT000N"; VariantName = "[No Variations]"
Add component (AddParameter): Name = "Mounting Type"; Value = "SMD"; VariantName = "[No Variations]"
Add component (AddParameter): Name = "Operating Temperature"; Value = "-55 to 125°C"; VariantName = "[No Variations]"
Add component (AddParameter): Name = "PartID"; Value = "148"; VariantName = "[No Variations]"
Add component (AddParameter): Name = "Series"; Value = "X7R"; VariantName = "[No Variations]"
Add component (AddParameter): Name = "Stock number"; Value = "not stored"; VariantName = "[No Variations]"
Add component (AddParameter): Name = "Supplier 1"; Value = "LCSC"; VariantName = "[No Variations]"
Add component (AddParameter): Name = "Supplier Part Number 1"; Value = "C343025"; VariantName = "[No Variations]"
Add component (AddParameter): Name = "Tolerance"; Value = "10 %"; VariantName = "[No Variations]"
Add component (AddParameter): Name = "Type"; Value = "Capacitor"; VariantName = "[No Variations]"
Add component (AddParameter): Name = "Value"; Value = "100 nF"; VariantName = "[No Variations]"
Add component (AddParameter): Name = "Voltage Rating"; Value = "100 VDC"; VariantName = "[No Variations]"
Added Component: Designator=C22C(C_0603)
Add component (AddParameter): Name = "Component Type"; Value = "Capacitor 0603"; VariantName = "[No Variations]"
Add component (AddParameter): Name = "ComponentLink1Description"; Value = "Datasheet"; VariantName = "[No Variations]"
Add component (AddParameter): Name = "ComponentLink1URL"; Value = "https://datasheet.lcsc.com/lcsc/2304140030_TDK-C1608X7S2A104KT000N_C343025.pdf"; VariantName = "[No Variations]"
Add component (AddParameter): Name = "Created from"; Value = "AGeiger"; VariantName = "[No Variations]"
Add component (AddParameter): Name = "Created On"; Value = "20.12.2020 13:54:13"; VariantName = "[No Variations]"
Add component (AddParameter): Name = "Device Package"; Value = "0603"; VariantName = "[No Variations]"
Add component (AddParameter): Name = "Last Updated"; Value = "14.12.2022 12:14:21"; VariantName = "[No Variations]"
Add component (AddParameter): Name = "LCSC Part Number"; Value = "C343025"; VariantName = "[No Variations]"
Add component (AddParameter): Name = "Live Cycle Status"; Value = "1"; VariantName = "[No Variations]"
Add component (AddParameter): Name = "Manufacturer"; Value = "TDK"; VariantName = "[No Variations]"
Add component (AddParameter): Name = "Manufacturer Part Number"; Value = "C1608X7S2A104KT000N"; VariantName = "[No Variations]"
Add component (AddParameter): Name = "Mounting Type"; Value = "SMD"; VariantName = "[No Variations]"
Add component (AddParameter): Name = "Operating Temperature"; Value = "-55 to 125°C"; VariantName = "[No Variations]"
Add component (AddParameter): Name = "PartID"; Value = "148"; VariantName = "[No Variations]"
Add component (AddParameter): Name = "Series"; Value = "X7R"; VariantName = "[No Variations]"
Add component (AddParameter): Name = "Stock number"; Value = "not stored"; VariantName = "[No Variations]"
Add component (AddParameter): Name = "Supplier 1"; Value = "LCSC"; VariantName = "[No Variations]"
Add component (AddParameter): Name = "Supplier Part Number 1"; Value = "C343025"; VariantName = "[No Variations]"
Add component (AddParameter): Name = "Tolerance"; Value = "10 %"; VariantName = "[No Variations]"
Add component (AddParameter): Name = "Type"; Value = "Capacitor"; VariantName = "[No Variations]"
Add component (AddParameter): Name = "Value"; Value = "100 nF"; VariantName = "[No Variations]"
Add component (AddParameter): Name = "Voltage Rating"; Value = "100 VDC"; VariantName = "[No Variations]"
Added Component: Designator=C23A(C_0603)
Add component (AddParameter): Name = "Component Type"; Value = "Capacitor 0603"; VariantName = "[No Variations]"
Add component (AddParameter): Name = "ComponentLink1Description"; Value = "Datasheet"; VariantName = "[No Variations]"
Add component (AddParameter): Name = "ComponentLink1URL"; Value = "https://datasheet.lcsc.com/lcsc/2304140030_TDK-C1608X7S2A104KT000N_C343025.pdf"; VariantName = "[No Variations]"
Add component (AddParameter): Name = "Created from"; Value = "AGeiger"; VariantName = "[No Variations]"
Add component (AddParameter): Name = "Created On"; Value = "20.12.2020 13:54:13"; VariantName = "[No Variations]"
Add component (AddParameter): Name = "Device Package"; Value = "0603"; VariantName = "[No Variations]"
Add component (AddParameter): Name = "Last Updated"; Value = "14.12.2022 12:14:21"; VariantName = "[No Variations]"
Add component (AddParameter): Name = "LCSC Part Number"; Value = "C343025"; VariantName = "[No Variations]"
Add component (AddParameter): Name = "Live Cycle Status"; Value = "1"; VariantName = "[No Variations]"
Add component (AddParameter): Name = "Manufacturer"; Value = "TDK"; VariantName = "[No Variations]"
Add component (AddParameter): Name = "Manufacturer Part Number"; Value = "C1608X7S2A104KT000N"; VariantName = "[No Variations]"
Add component (AddParameter): Name = "Mounting Type"; Value = "SMD"; VariantName = "[No Variations]"
Add component (AddParameter): Name = "Operating Temperature"; Value = "-55 to 125°C"; VariantName = "[No Variations]"
Add component (AddParameter): Name = "PartID"; Value = "148"; VariantName = "[No Variations]"
Add component (AddParameter): Name = "Series"; Value = "X7R"; VariantName = "[No Variations]"
Add component (AddParameter): Name = "Stock number"; Value = "not stored"; VariantName = "[No Variations]"
Add component (AddParameter): Name = "Supplier 1"; Value = "LCSC"; VariantName = "[No Variations]"
Add component (AddParameter): Name = "Supplier Part Number 1"; Value = "C343025"; VariantName = "[No Variations]"
Add component (AddParameter): Name = "Tolerance"; Value = "10 %"; VariantName = "[No Variations]"
Add component (AddParameter): Name = "Type"; Value = "Capacitor"; VariantName = "[No Variations]"
Add component (AddParameter): Name = "Value"; Value = "100 nF"; VariantName = "[No Variations]"
Add component (AddParameter): Name = "Voltage Rating"; Value = "100 VDC"; VariantName = "[No Variations]"
Added Component: Designator=C23B(C_0603)
Add component (AddParameter): Name = "Component Type"; Value = "Capacitor 0603"; VariantName = "[No Variations]"
Add component (AddParameter): Name = "ComponentLink1Description"; Value = "Datasheet"; VariantName = "[No Variations]"
Add component (AddParameter): Name = "ComponentLink1URL"; Value = "https://datasheet.lcsc.com/lcsc/2304140030_TDK-C1608X7S2A104KT000N_C343025.pdf"; VariantName = "[No Variations]"
Add component (AddParameter): Name = "Created from"; Value = "AGeiger"; VariantName = "[No Variations]"
Add component (AddParameter): Name = "Created On"; Value = "20.12.2020 13:54:13"; VariantName = "[No Variations]"
Add component (AddParameter): Name = "Device Package"; Value = "0603"; VariantName = "[No Variations]"
Add component (AddParameter): Name = "Last Updated"; Value = "14.12.2022 12:14:21"; VariantName = "[No Variations]"
Add component (AddParameter): Name = "LCSC Part Number"; Value = "C343025"; VariantName = "[No Variations]"
Add component (AddParameter): Name = "Live Cycle Status"; Value = "1"; VariantName = "[No Variations]"
Add component (AddParameter): Name = "Manufacturer"; Value = "TDK"; VariantName = "[No Variations]"
Add component (AddParameter): Name = "Manufacturer Part Number"; Value = "C1608X7S2A104KT000N"; VariantName = "[No Variations]"
Add component (AddParameter): Name = "Mounting Type"; Value = "SMD"; VariantName = "[No Variations]"
Add component (AddParameter): Name = "Operating Temperature"; Value = "-55 to 125°C"; VariantName = "[No Variations]"
Add component (AddParameter): Name = "PartID"; Value = "148"; VariantName = "[No Variations]"
Add component (AddParameter): Name = "Series"; Value = "X7R"; VariantName = "[No Variations]"
Add component (AddParameter): Name = "Stock number"; Value = "not stored"; VariantName = "[No Variations]"
Add component (AddParameter): Name = "Supplier 1"; Value = "LCSC"; VariantName = "[No Variations]"
Add component (AddParameter): Name = "Supplier Part Number 1"; Value = "C343025"; VariantName = "[No Variations]"
Add component (AddParameter): Name = "Tolerance"; Value = "10 %"; VariantName = "[No Variations]"
Add component (AddParameter): Name = "Type"; Value = "Capacitor"; VariantName = "[No Variations]"
Add component (AddParameter): Name = "Value"; Value = "100 nF"; VariantName = "[No Variations]"
Add component (AddParameter): Name = "Voltage Rating"; Value = "100 VDC"; VariantName = "[No Variations]"
Added Component: Designator=C23C(C_0603)
Add component (AddParameter): Name = "Component Type"; Value = "Capacitor 0603"; VariantName = "[No Variations]"
Add component (AddParameter): Name = "ComponentLink1Description"; Value = "Datasheet"; VariantName = "[No Variations]"
Add component (AddParameter): Name = "ComponentLink1URL"; Value = "https://datasheet.lcsc.com/lcsc/2304140030_TDK-C1608X7S2A104KT000N_C343025.pdf"; VariantName = "[No Variations]"
Add component (AddParameter): Name = "Created from"; Value = "AGeiger"; VariantName = "[No Variations]"
Add component (AddParameter): Name = "Created On"; Value = "20.12.2020 13:54:13"; VariantName = "[No Variations]"
Add component (AddParameter): Name = "Device Package"; Value = "0603"; VariantName = "[No Variations]"
Add component (AddParameter): Name = "Last Updated"; Value = "14.12.2022 12:14:21"; VariantName = "[No Variations]"
Add component (AddParameter): Name = "LCSC Part Number"; Value = "C343025"; VariantName = "[No Variations]"
Add component (AddParameter): Name = "Live Cycle Status"; Value = "1"; VariantName = "[No Variations]"
Add component (AddParameter): Name = "Manufacturer"; Value = "TDK"; VariantName = "[No Variations]"
Add component (AddParameter): Name = "Manufacturer Part Number"; Value = "C1608X7S2A104KT000N"; VariantName = "[No Variations]"
Add component (AddParameter): Name = "Mounting Type"; Value = "SMD"; VariantName = "[No Variations]"
Add component (AddParameter): Name = "Operating Temperature"; Value = "-55 to 125°C"; VariantName = "[No Variations]"
Add component (AddParameter): Name = "PartID"; Value = "148"; VariantName = "[No Variations]"
Add component (AddParameter): Name = "Series"; Value = "X7R"; VariantName = "[No Variations]"
Add component (AddParameter): Name = "Stock number"; Value = "not stored"; VariantName = "[No Variations]"
Add component (AddParameter): Name = "Supplier 1"; Value = "LCSC"; VariantName = "[No Variations]"
Add component (AddParameter): Name = "Supplier Part Number 1"; Value = "C343025"; VariantName = "[No Variations]"
Add component (AddParameter): Name = "Tolerance"; Value = "10 %"; VariantName = "[No Variations]"
Add component (AddParameter): Name = "Type"; Value = "Capacitor"; VariantName = "[No Variations]"
Add component (AddParameter): Name = "Value"; Value = "100 nF"; VariantName = "[No Variations]"
Add component (AddParameter): Name = "Voltage Rating"; Value = "100 VDC"; VariantName = "[No Variations]"
Added Component: Designator=C24A(C_0603)
Add component (AddParameter): Name = "Component Type"; Value = "Capacitor 0603"; VariantName = "[No Variations]"
Add component (AddParameter): Name = "ComponentLink1Description"; Value = "Datasheet"; VariantName = "[No Variations]"
Add component (AddParameter): Name = "ComponentLink1URL"; Value = "https://datasheet.lcsc.com/lcsc/2304140030_TDK-C1608X7S2A104KT000N_C343025.pdf"; VariantName = "[No Variations]"
Add component (AddParameter): Name = "Created from"; Value = "AGeiger"; VariantName = "[No Variations]"
Add component (AddParameter): Name = "Created On"; Value = "20.12.2020 13:54:13"; VariantName = "[No Variations]"
Add component (AddParameter): Name = "Device Package"; Value = "0603"; VariantName = "[No Variations]"
Add component (AddParameter): Name = "Last Updated"; Value = "14.12.2022 12:14:21"; VariantName = "[No Variations]"
Add component (AddParameter): Name = "LCSC Part Number"; Value = "C343025"; VariantName = "[No Variations]"
Add component (AddParameter): Name = "Live Cycle Status"; Value = "1"; VariantName = "[No Variations]"
Add component (AddParameter): Name = "Manufacturer"; Value = "TDK"; VariantName = "[No Variations]"
Add component (AddParameter): Name = "Manufacturer Part Number"; Value = "C1608X7S2A104KT000N"; VariantName = "[No Variations]"
Add component (AddParameter): Name = "Mounting Type"; Value = "SMD"; VariantName = "[No Variations]"
Add component (AddParameter): Name = "Operating Temperature"; Value = "-55 to 125°C"; VariantName = "[No Variations]"
Add component (AddParameter): Name = "PartID"; Value = "148"; VariantName = "[No Variations]"
Add component (AddParameter): Name = "Series"; Value = "X7R"; VariantName = "[No Variations]"
Add component (AddParameter): Name = "Stock number"; Value = "not stored"; VariantName = "[No Variations]"
Add component (AddParameter): Name = "Supplier 1"; Value = "LCSC"; VariantName = "[No Variations]"
Add component (AddParameter): Name = "Supplier Part Number 1"; Value = "C343025"; VariantName = "[No Variations]"
Add component (AddParameter): Name = "Tolerance"; Value = "10 %"; VariantName = "[No Variations]"
Add component (AddParameter): Name = "Type"; Value = "Capacitor"; VariantName = "[No Variations]"
Add component (AddParameter): Name = "Value"; Value = "100 nF"; VariantName = "[No Variations]"
Add component (AddParameter): Name = "Voltage Rating"; Value = "100 VDC"; VariantName = "[No Variations]"
Added Component: Designator=C24B(C_0603)
Add component (AddParameter): Name = "Component Type"; Value = "Capacitor 0603"; VariantName = "[No Variations]"
Add component (AddParameter): Name = "ComponentLink1Description"; Value = "Datasheet"; VariantName = "[No Variations]"
Add component (AddParameter): Name = "ComponentLink1URL"; Value = "https://datasheet.lcsc.com/lcsc/2304140030_TDK-C1608X7S2A104KT000N_C343025.pdf"; VariantName = "[No Variations]"
Add component (AddParameter): Name = "Created from"; Value = "AGeiger"; VariantName = "[No Variations]"
Add component (AddParameter): Name = "Created On"; Value = "20.12.2020 13:54:13"; VariantName = "[No Variations]"
Add component (AddParameter): Name = "Device Package"; Value = "0603"; VariantName = "[No Variations]"
Add component (AddParameter): Name = "Last Updated"; Value = "14.12.2022 12:14:21"; VariantName = "[No Variations]"
Add component (AddParameter): Name = "LCSC Part Number"; Value = "C343025"; VariantName = "[No Variations]"
Add component (AddParameter): Name = "Live Cycle Status"; Value = "1"; VariantName = "[No Variations]"
Add component (AddParameter): Name = "Manufacturer"; Value = "TDK"; VariantName = "[No Variations]"
Add component (AddParameter): Name = "Manufacturer Part Number"; Value = "C1608X7S2A104KT000N"; VariantName = "[No Variations]"
Add component (AddParameter): Name = "Mounting Type"; Value = "SMD"; VariantName = "[No Variations]"
Add component (AddParameter): Name = "Operating Temperature"; Value = "-55 to 125°C"; VariantName = "[No Variations]"
Add component (AddParameter): Name = "PartID"; Value = "148"; VariantName = "[No Variations]"
Add component (AddParameter): Name = "Series"; Value = "X7R"; VariantName = "[No Variations]"
Add component (AddParameter): Name = "Stock number"; Value = "not stored"; VariantName = "[No Variations]"
Add component (AddParameter): Name = "Supplier 1"; Value = "LCSC"; VariantName = "[No Variations]"
Add component (AddParameter): Name = "Supplier Part Number 1"; Value = "C343025"; VariantName = "[No Variations]"
Add component (AddParameter): Name = "Tolerance"; Value = "10 %"; VariantName = "[No Variations]"
Add component (AddParameter): Name = "Type"; Value = "Capacitor"; VariantName = "[No Variations]"
Add component (AddParameter): Name = "Value"; Value = "100 nF"; VariantName = "[No Variations]"
Add component (AddParameter): Name = "Voltage Rating"; Value = "100 VDC"; VariantName = "[No Variations]"
Added Component: Designator=C24C(C_0603)
Add component (AddParameter): Name = "Component Type"; Value = "Capacitor 0603"; VariantName = "[No Variations]"
Add component (AddParameter): Name = "ComponentLink1Description"; Value = "Datasheet"; VariantName = "[No Variations]"
Add component (AddParameter): Name = "ComponentLink1URL"; Value = "https://datasheet.lcsc.com/lcsc/2304140030_TDK-C1608X7S2A104KT000N_C343025.pdf"; VariantName = "[No Variations]"
Add component (AddParameter): Name = "Created from"; Value = "AGeiger"; VariantName = "[No Variations]"
Add component (AddParameter): Name = "Created On"; Value = "20.12.2020 13:54:13"; VariantName = "[No Variations]"
Add component (AddParameter): Name = "Device Package"; Value = "0603"; VariantName = "[No Variations]"
Add component (AddParameter): Name = "Last Updated"; Value = "14.12.2022 12:14:21"; VariantName = "[No Variations]"
Add component (AddParameter): Name = "LCSC Part Number"; Value = "C343025"; VariantName = "[No Variations]"
Add component (AddParameter): Name = "Live Cycle Status"; Value = "1"; VariantName = "[No Variations]"
Add component (AddParameter): Name = "Manufacturer"; Value = "TDK"; VariantName = "[No Variations]"
Add component (AddParameter): Name = "Manufacturer Part Number"; Value = "C1608X7S2A104KT000N"; VariantName = "[No Variations]"
Add component (AddParameter): Name = "Mounting Type"; Value = "SMD"; VariantName = "[No Variations]"
Add component (AddParameter): Name = "Operating Temperature"; Value = "-55 to 125°C"; VariantName = "[No Variations]"
Add component (AddParameter): Name = "PartID"; Value = "148"; VariantName = "[No Variations]"
Add component (AddParameter): Name = "Series"; Value = "X7R"; VariantName = "[No Variations]"
Add component (AddParameter): Name = "Stock number"; Value = "not stored"; VariantName = "[No Variations]"
Add component (AddParameter): Name = "Supplier 1"; Value = "LCSC"; VariantName = "[No Variations]"
Add component (AddParameter): Name = "Supplier Part Number 1"; Value = "C343025"; VariantName = "[No Variations]"
Add component (AddParameter): Name = "Tolerance"; Value = "10 %"; VariantName = "[No Variations]"
Add component (AddParameter): Name = "Type"; Value = "Capacitor"; VariantName = "[No Variations]"
Add component (AddParameter): Name = "Value"; Value = "100 nF"; VariantName = "[No Variations]"
Add component (AddParameter): Name = "Voltage Rating"; Value = "100 VDC"; VariantName = "[No Variations]"
Added Component: Designator=C25A(C_0603)
Add component (AddParameter): Name = "Component Type"; Value = "Capacitor 0603"; VariantName = "[No Variations]"
Add component (AddParameter): Name = "ComponentLink1Description"; Value = "Datasheet"; VariantName = "[No Variations]"
Add component (AddParameter): Name = "ComponentLink1URL"; Value = "https://datasheet.lcsc.com/lcsc/1809291621_TORCH-CT41G-0603-2X1-50V-0-01-F-K-N_C136131.pdf"; VariantName = "[No Variations]"
Add component (AddParameter): Name = "Created from"; Value = "KIlhan"; VariantName = "[No Variations]"
Add component (AddParameter): Name = "Created On"; Value = "05.07.2023 18:57:50"; VariantName = "[No Variations]"
Add component (AddParameter): Name = "Device Package"; Value = "0603"; VariantName = "[No Variations]"
Add component (AddParameter): Name = "Last Updated"; Value = "05.07.2023 18:57:50"; VariantName = "[No Variations]"
Add component (AddParameter): Name = "LCSC Part Number"; Value = "C136131"; VariantName = "[No Variations]"
Add component (AddParameter): Name = "Live Cycle Status"; Value = "1"; VariantName = "[No Variations]"
Add component (AddParameter): Name = "Manufacturer"; Value = "TORCH"; VariantName = "[No Variations]"
Add component (AddParameter): Name = "Manufacturer Part Number"; Value = "CT41G-0603-2X1-50V-0.01µF-K(N)"; VariantName = "[No Variations]"
Add component (AddParameter): Name = "Mounting Type"; Value = "SMD"; VariantName = "[No Variations]"
Add component (AddParameter): Name = "Operating Temperature"; Value = "-55 - 125°C"; VariantName = "[No Variations]"
Add component (AddParameter): Name = "PartID"; Value = "130"; VariantName = "[No Variations]"
Add component (AddParameter): Name = "Stock number"; Value = "not stored"; VariantName = "[No Variations]"
Add component (AddParameter): Name = "Supplier 1"; Value = "LCSC"; VariantName = "[No Variations]"
Add component (AddParameter): Name = "Supplier Part Number 1"; Value = "C136131"; VariantName = "[No Variations]"
Add component (AddParameter): Name = "Tolerance"; Value = "10 %"; VariantName = "[No Variations]"
Add component (AddParameter): Name = "Type"; Value = "Capacitor"; VariantName = "[No Variations]"
Add component (AddParameter): Name = "Value"; Value = "10nF"; VariantName = "[No Variations]"
Add component (AddParameter): Name = "Voltage Rating"; Value = "50 VDC"; VariantName = "[No Variations]"
Added Component: Designator=C25B(C_0603)
Add component (AddParameter): Name = "Component Type"; Value = "Capacitor 0603"; VariantName = "[No Variations]"
Add component (AddParameter): Name = "ComponentLink1Description"; Value = "Datasheet"; VariantName = "[No Variations]"
Add component (AddParameter): Name = "ComponentLink1URL"; Value = "https://datasheet.lcsc.com/lcsc/1809291621_TORCH-CT41G-0603-2X1-50V-0-01-F-K-N_C136131.pdf"; VariantName = "[No Variations]"
Add component (AddParameter): Name = "Created from"; Value = "KIlhan"; VariantName = "[No Variations]"
Add component (AddParameter): Name = "Created On"; Value = "05.07.2023 18:57:50"; VariantName = "[No Variations]"
Add component (AddParameter): Name = "Device Package"; Value = "0603"; VariantName = "[No Variations]"
Add component (AddParameter): Name = "Last Updated"; Value = "05.07.2023 18:57:50"; VariantName = "[No Variations]"
Add component (AddParameter): Name = "LCSC Part Number"; Value = "C136131"; VariantName = "[No Variations]"
Add component (AddParameter): Name = "Live Cycle Status"; Value = "1"; VariantName = "[No Variations]"
Add component (AddParameter): Name = "Manufacturer"; Value = "TORCH"; VariantName = "[No Variations]"
Add component (AddParameter): Name = "Manufacturer Part Number"; Value = "CT41G-0603-2X1-50V-0.01µF-K(N)"; VariantName = "[No Variations]"
Add component (AddParameter): Name = "Mounting Type"; Value = "SMD"; VariantName = "[No Variations]"
Add component (AddParameter): Name = "Operating Temperature"; Value = "-55 - 125°C"; VariantName = "[No Variations]"
Add component (AddParameter): Name = "PartID"; Value = "130"; VariantName = "[No Variations]"
Add component (AddParameter): Name = "Stock number"; Value = "not stored"; VariantName = "[No Variations]"
Add component (AddParameter): Name = "Supplier 1"; Value = "LCSC"; VariantName = "[No Variations]"
Add component (AddParameter): Name = "Supplier Part Number 1"; Value = "C136131"; VariantName = "[No Variations]"
Add component (AddParameter): Name = "Tolerance"; Value = "10 %"; VariantName = "[No Variations]"
Add component (AddParameter): Name = "Type"; Value = "Capacitor"; VariantName = "[No Variations]"
Add component (AddParameter): Name = "Value"; Value = "10nF"; VariantName = "[No Variations]"
Add component (AddParameter): Name = "Voltage Rating"; Value = "50 VDC"; VariantName = "[No Variations]"
Added Component: Designator=C25C(C_0603)
Add component (AddParameter): Name = "Component Type"; Value = "Capacitor 0603"; VariantName = "[No Variations]"
Add component (AddParameter): Name = "ComponentLink1Description"; Value = "Datasheet"; VariantName = "[No Variations]"
Add component (AddParameter): Name = "ComponentLink1URL"; Value = "https://datasheet.lcsc.com/lcsc/1809291621_TORCH-CT41G-0603-2X1-50V-0-01-F-K-N_C136131.pdf"; VariantName = "[No Variations]"
Add component (AddParameter): Name = "Created from"; Value = "KIlhan"; VariantName = "[No Variations]"
Add component (AddParameter): Name = "Created On"; Value = "05.07.2023 18:57:50"; VariantName = "[No Variations]"
Add component (AddParameter): Name = "Device Package"; Value = "0603"; VariantName = "[No Variations]"
Add component (AddParameter): Name = "Last Updated"; Value = "05.07.2023 18:57:50"; VariantName = "[No Variations]"
Add component (AddParameter): Name = "LCSC Part Number"; Value = "C136131"; VariantName = "[No Variations]"
Add component (AddParameter): Name = "Live Cycle Status"; Value = "1"; VariantName = "[No Variations]"
Add component (AddParameter): Name = "Manufacturer"; Value = "TORCH"; VariantName = "[No Variations]"
Add component (AddParameter): Name = "Manufacturer Part Number"; Value = "CT41G-0603-2X1-50V-0.01µF-K(N)"; VariantName = "[No Variations]"
Add component (AddParameter): Name = "Mounting Type"; Value = "SMD"; VariantName = "[No Variations]"
Add component (AddParameter): Name = "Operating Temperature"; Value = "-55 - 125°C"; VariantName = "[No Variations]"
Add component (AddParameter): Name = "PartID"; Value = "130"; VariantName = "[No Variations]"
Add component (AddParameter): Name = "Stock number"; Value = "not stored"; VariantName = "[No Variations]"
Add component (AddParameter): Name = "Supplier 1"; Value = "LCSC"; VariantName = "[No Variations]"
Add component (AddParameter): Name = "Supplier Part Number 1"; Value = "C136131"; VariantName = "[No Variations]"
Add component (AddParameter): Name = "Tolerance"; Value = "10 %"; VariantName = "[No Variations]"
Add component (AddParameter): Name = "Type"; Value = "Capacitor"; VariantName = "[No Variations]"
Add component (AddParameter): Name = "Value"; Value = "10nF"; VariantName = "[No Variations]"
Add component (AddParameter): Name = "Voltage Rating"; Value = "50 VDC"; VariantName = "[No Variations]"
Added Component: Designator=C26A(C_0603)
Add component (AddParameter): Name = "Component Type"; Value = "Capacitor 0603"; VariantName = "[No Variations]"
Add component (AddParameter): Name = "ComponentLink1Description"; Value = "Datasheet"; VariantName = "[No Variations]"
Add component (AddParameter): Name = "ComponentLink1URL"; Value = "https://datasheet.lcsc.com/lcsc/1809291621_TORCH-CT41G-0603-2X1-50V-0-01-F-K-N_C136131.pdf"; VariantName = "[No Variations]"
Add component (AddParameter): Name = "Created from"; Value = "KIlhan"; VariantName = "[No Variations]"
Add component (AddParameter): Name = "Created On"; Value = "05.07.2023 18:57:50"; VariantName = "[No Variations]"
Add component (AddParameter): Name = "Device Package"; Value = "0603"; VariantName = "[No Variations]"
Add component (AddParameter): Name = "Last Updated"; Value = "05.07.2023 18:57:50"; VariantName = "[No Variations]"
Add component (AddParameter): Name = "LCSC Part Number"; Value = "C136131"; VariantName = "[No Variations]"
Add component (AddParameter): Name = "Live Cycle Status"; Value = "1"; VariantName = "[No Variations]"
Add component (AddParameter): Name = "Manufacturer"; Value = "TORCH"; VariantName = "[No Variations]"
Add component (AddParameter): Name = "Manufacturer Part Number"; Value = "CT41G-0603-2X1-50V-0.01µF-K(N)"; VariantName = "[No Variations]"
Add component (AddParameter): Name = "Mounting Type"; Value = "SMD"; VariantName = "[No Variations]"
Add component (AddParameter): Name = "Operating Temperature"; Value = "-55 - 125°C"; VariantName = "[No Variations]"
Add component (AddParameter): Name = "PartID"; Value = "130"; VariantName = "[No Variations]"
Add component (AddParameter): Name = "Stock number"; Value = "not stored"; VariantName = "[No Variations]"
Add component (AddParameter): Name = "Supplier 1"; Value = "LCSC"; VariantName = "[No Variations]"
Add component (AddParameter): Name = "Supplier Part Number 1"; Value = "C136131"; VariantName = "[No Variations]"
Add component (AddParameter): Name = "Tolerance"; Value = "10 %"; VariantName = "[No Variations]"
Add component (AddParameter): Name = "Type"; Value = "Capacitor"; VariantName = "[No Variations]"
Add component (AddParameter): Name = "Value"; Value = "10nF"; VariantName = "[No Variations]"
Add component (AddParameter): Name = "Voltage Rating"; Value = "50 VDC"; VariantName = "[No Variations]"
Added Component: Designator=C26B(C_0603)
Add component (AddParameter): Name = "Component Type"; Value = "Capacitor 0603"; VariantName = "[No Variations]"
Add component (AddParameter): Name = "ComponentLink1Description"; Value = "Datasheet"; VariantName = "[No Variations]"
Add component (AddParameter): Name = "ComponentLink1URL"; Value = "https://datasheet.lcsc.com/lcsc/1809291621_TORCH-CT41G-0603-2X1-50V-0-01-F-K-N_C136131.pdf"; VariantName = "[No Variations]"
Add component (AddParameter): Name = "Created from"; Value = "KIlhan"; VariantName = "[No Variations]"
Add component (AddParameter): Name = "Created On"; Value = "05.07.2023 18:57:50"; VariantName = "[No Variations]"
Add component (AddParameter): Name = "Device Package"; Value = "0603"; VariantName = "[No Variations]"
Add component (AddParameter): Name = "Last Updated"; Value = "05.07.2023 18:57:50"; VariantName = "[No Variations]"
Add component (AddParameter): Name = "LCSC Part Number"; Value = "C136131"; VariantName = "[No Variations]"
Add component (AddParameter): Name = "Live Cycle Status"; Value = "1"; VariantName = "[No Variations]"
Add component (AddParameter): Name = "Manufacturer"; Value = "TORCH"; VariantName = "[No Variations]"
Add component (AddParameter): Name = "Manufacturer Part Number"; Value = "CT41G-0603-2X1-50V-0.01µF-K(N)"; VariantName = "[No Variations]"
Add component (AddParameter): Name = "Mounting Type"; Value = "SMD"; VariantName = "[No Variations]"
Add component (AddParameter): Name = "Operating Temperature"; Value = "-55 - 125°C"; VariantName = "[No Variations]"
Add component (AddParameter): Name = "PartID"; Value = "130"; VariantName = "[No Variations]"
Add component (AddParameter): Name = "Stock number"; Value = "not stored"; VariantName = "[No Variations]"
Add component (AddParameter): Name = "Supplier 1"; Value = "LCSC"; VariantName = "[No Variations]"
Add component (AddParameter): Name = "Supplier Part Number 1"; Value = "C136131"; VariantName = "[No Variations]"
Add component (AddParameter): Name = "Tolerance"; Value = "10 %"; VariantName = "[No Variations]"
Add component (AddParameter): Name = "Type"; Value = "Capacitor"; VariantName = "[No Variations]"
Add component (AddParameter): Name = "Value"; Value = "10nF"; VariantName = "[No Variations]"
Add component (AddParameter): Name = "Voltage Rating"; Value = "50 VDC"; VariantName = "[No Variations]"
Added Component: Designator=C26C(C_0603)
Add component (AddParameter): Name = "Component Type"; Value = "Capacitor 0603"; VariantName = "[No Variations]"
Add component (AddParameter): Name = "ComponentLink1Description"; Value = "Datasheet"; VariantName = "[No Variations]"
Add component (AddParameter): Name = "ComponentLink1URL"; Value = "https://datasheet.lcsc.com/lcsc/1809291621_TORCH-CT41G-0603-2X1-50V-0-01-F-K-N_C136131.pdf"; VariantName = "[No Variations]"
Add component (AddParameter): Name = "Created from"; Value = "KIlhan"; VariantName = "[No Variations]"
Add component (AddParameter): Name = "Created On"; Value = "05.07.2023 18:57:50"; VariantName = "[No Variations]"
Add component (AddParameter): Name = "Device Package"; Value = "0603"; VariantName = "[No Variations]"
Add component (AddParameter): Name = "Last Updated"; Value = "05.07.2023 18:57:50"; VariantName = "[No Variations]"
Add component (AddParameter): Name = "LCSC Part Number"; Value = "C136131"; VariantName = "[No Variations]"
Add component (AddParameter): Name = "Live Cycle Status"; Value = "1"; VariantName = "[No Variations]"
Add component (AddParameter): Name = "Manufacturer"; Value = "TORCH"; VariantName = "[No Variations]"
Add component (AddParameter): Name = "Manufacturer Part Number"; Value = "CT41G-0603-2X1-50V-0.01µF-K(N)"; VariantName = "[No Variations]"
Add component (AddParameter): Name = "Mounting Type"; Value = "SMD"; VariantName = "[No Variations]"
Add component (AddParameter): Name = "Operating Temperature"; Value = "-55 - 125°C"; VariantName = "[No Variations]"
Add component (AddParameter): Name = "PartID"; Value = "130"; VariantName = "[No Variations]"
Add component (AddParameter): Name = "Stock number"; Value = "not stored"; VariantName = "[No Variations]"
Add component (AddParameter): Name = "Supplier 1"; Value = "LCSC"; VariantName = "[No Variations]"
Add component (AddParameter): Name = "Supplier Part Number 1"; Value = "C136131"; VariantName = "[No Variations]"
Add component (AddParameter): Name = "Tolerance"; Value = "10 %"; VariantName = "[No Variations]"
Add component (AddParameter): Name = "Type"; Value = "Capacitor"; VariantName = "[No Variations]"
Add component (AddParameter): Name = "Value"; Value = "10nF"; VariantName = "[No Variations]"
Add component (AddParameter): Name = "Voltage Rating"; Value = "50 VDC"; VariantName = "[No Variations]"
Added Component: Designator=C40(CAPAE1300X1400N)
Add component (AddParameter): Name = "Component Type"; Value = "Capacitor Al Electrolyt"; VariantName = "[No Variations]"
Add component (AddParameter): Name = "ComponentLink1Description"; Value = "Datasheet"; VariantName = "[No Variations]"
Add component (AddParameter): Name = "ComponentLink1URL"; Value = "https://www.lcsc.com/datasheet/lcsc_datasheet_2401161155_NCC-Nippon-Chemi-Con-EMHS101ARA111MKE0S_C2163387.pdf"; VariantName = "[No Variations]"
Add component (AddParameter): Name = "Created from"; Value = "KPatel"; VariantName = "[No Variations]"
Add component (AddParameter): Name = "Created On"; Value = "6/7/2024 2:59:53 PM"; VariantName = "[No Variations]"
Add component (AddParameter): Name = "Device Package"; Value = "KE0"; VariantName = "[No Variations]"
Add component (AddParameter): Name = "Last Updated"; Value = "6/7/2024 2:59:53 PM"; VariantName = "[No Variations]"
Add component (AddParameter): Name = "LCSC Part Number"; Value = "C2163387"; VariantName = "[No Variations]"
Add component (AddParameter): Name = "Live Cycle Status"; Value = "1"; VariantName = "[No Variations]"
Add component (AddParameter): Name = "Manufacturer"; Value = "CHEMI-CON"; VariantName = "[No Variations]"
Add component (AddParameter): Name = "Manufacturer Part Number"; Value = "EMHS101ARA111MKE0S"; VariantName = "[No Variations]"
Add component (AddParameter): Name = "Mounting Type"; Value = "SMD"; VariantName = "[No Variations]"
Add component (AddParameter): Name = "Operating Temperature"; Value = "-40 - 125° C"; VariantName = "[No Variations]"
Add component (AddParameter): Name = "PartID"; Value = "149"; VariantName = "[No Variations]"
Add component (AddParameter): Name = "Series"; Value = "MHS"; VariantName = "[No Variations]"
Add component (AddParameter): Name = "Stock number"; Value = "not stored"; VariantName = "[No Variations]"
Add component (AddParameter): Name = "Supplier 1"; Value = "Mouser"; VariantName = "[No Variations]"
Add component (AddParameter): Name = "Supplier 2"; Value = "LCSC"; VariantName = "[No Variations]"
Add component (AddParameter): Name = "Supplier Part Number 1"; Value = "661-EMHS101ARA111MKE"; VariantName = "[No Variations]"
Add component (AddParameter): Name = "Supplier Part Number 2"; Value = "C2163387"; VariantName = "[No Variations]"
Add component (AddParameter): Name = "Tolerance"; Value = "20%"; VariantName = "[No Variations]"
Add component (AddParameter): Name = "Type"; Value = "Capacitor"; VariantName = "[No Variations]"
Add component (AddParameter): Name = "Value"; Value = "110 µF"; VariantName = "[No Variations]"
Add component (AddParameter): Name = "Voltage Rating"; Value = "100 VDC"; VariantName = "[No Variations]"
Added Component: Designator=C41(CAPAE1300X1400N)
Add component (AddParameter): Name = "Component Type"; Value = "Capacitor Al Electrolyt"; VariantName = "[No Variations]"
Add component (AddParameter): Name = "ComponentLink1Description"; Value = "Datasheet"; VariantName = "[No Variations]"
Add component (AddParameter): Name = "ComponentLink1URL"; Value = "https://www.lcsc.com/datasheet/lcsc_datasheet_2401161155_NCC-Nippon-Chemi-Con-EMHS101ARA111MKE0S_C2163387.pdf"; VariantName = "[No Variations]"
Add component (AddParameter): Name = "Created from"; Value = "KPatel"; VariantName = "[No Variations]"
Add component (AddParameter): Name = "Created On"; Value = "6/7/2024 2:59:53 PM"; VariantName = "[No Variations]"
Add component (AddParameter): Name = "Device Package"; Value = "KE0"; VariantName = "[No Variations]"
Add component (AddParameter): Name = "Last Updated"; Value = "6/7/2024 2:59:53 PM"; VariantName = "[No Variations]"
Add component (AddParameter): Name = "LCSC Part Number"; Value = "C2163387"; VariantName = "[No Variations]"
Add component (AddParameter): Name = "Live Cycle Status"; Value = "1"; VariantName = "[No Variations]"
Add component (AddParameter): Name = "Manufacturer"; Value = "CHEMI-CON"; VariantName = "[No Variations]"
Add component (AddParameter): Name = "Manufacturer Part Number"; Value = "EMHS101ARA111MKE0S"; VariantName = "[No Variations]"
Add component (AddParameter): Name = "Mounting Type"; Value = "SMD"; VariantName = "[No Variations]"
Add component (AddParameter): Name = "Operating Temperature"; Value = "-40 - 125° C"; VariantName = "[No Variations]"
Add component (AddParameter): Name = "PartID"; Value = "149"; VariantName = "[No Variations]"
Add component (AddParameter): Name = "Series"; Value = "MHS"; VariantName = "[No Variations]"
Add component (AddParameter): Name = "Stock number"; Value = "not stored"; VariantName = "[No Variations]"
Add component (AddParameter): Name = "Supplier 1"; Value = "Mouser"; VariantName = "[No Variations]"
Add component (AddParameter): Name = "Supplier 2"; Value = "LCSC"; VariantName = "[No Variations]"
Add component (AddParameter): Name = "Supplier Part Number 1"; Value = "661-EMHS101ARA111MKE"; VariantName = "[No Variations]"
Add component (AddParameter): Name = "Supplier Part Number 2"; Value = "C2163387"; VariantName = "[No Variations]"
Add component (AddParameter): Name = "Tolerance"; Value = "20%"; VariantName = "[No Variations]"
Add component (AddParameter): Name = "Type"; Value = "Capacitor"; VariantName = "[No Variations]"
Add component (AddParameter): Name = "Value"; Value = "110 µF"; VariantName = "[No Variations]"
Add component (AddParameter): Name = "Voltage Rating"; Value = "100 VDC"; VariantName = "[No Variations]"
Added Component: Designator=C42(CAPAE1300X1400N)
Add component (AddParameter): Name = "Component Type"; Value = "Capacitor Al Electrolyt"; VariantName = "[No Variations]"
Add component (AddParameter): Name = "ComponentLink1Description"; Value = "Datasheet"; VariantName = "[No Variations]"
Add component (AddParameter): Name = "ComponentLink1URL"; Value = "https://www.lcsc.com/datasheet/lcsc_datasheet_2401161155_NCC-Nippon-Chemi-Con-EMHS101ARA111MKE0S_C2163387.pdf"; VariantName = "[No Variations]"
Add component (AddParameter): Name = "Created from"; Value = "KPatel"; VariantName = "[No Variations]"
Add component (AddParameter): Name = "Created On"; Value = "6/7/2024 2:59:53 PM"; VariantName = "[No Variations]"
Add component (AddParameter): Name = "Device Package"; Value = "KE0"; VariantName = "[No Variations]"
Add component (AddParameter): Name = "Last Updated"; Value = "6/7/2024 2:59:53 PM"; VariantName = "[No Variations]"
Add component (AddParameter): Name = "LCSC Part Number"; Value = "C2163387"; VariantName = "[No Variations]"
Add component (AddParameter): Name = "Live Cycle Status"; Value = "1"; VariantName = "[No Variations]"
Add component (AddParameter): Name = "Manufacturer"; Value = "CHEMI-CON"; VariantName = "[No Variations]"
Add component (AddParameter): Name = "Manufacturer Part Number"; Value = "EMHS101ARA111MKE0S"; VariantName = "[No Variations]"
Add component (AddParameter): Name = "Mounting Type"; Value = "SMD"; VariantName = "[No Variations]"
Add component (AddParameter): Name = "Operating Temperature"; Value = "-40 - 125° C"; VariantName = "[No Variations]"
Add component (AddParameter): Name = "PartID"; Value = "149"; VariantName = "[No Variations]"
Add component (AddParameter): Name = "Series"; Value = "MHS"; VariantName = "[No Variations]"
Add component (AddParameter): Name = "Stock number"; Value = "not stored"; VariantName = "[No Variations]"
Add component (AddParameter): Name = "Supplier 1"; Value = "Mouser"; VariantName = "[No Variations]"
Add component (AddParameter): Name = "Supplier 2"; Value = "LCSC"; VariantName = "[No Variations]"
Add component (AddParameter): Name = "Supplier Part Number 1"; Value = "661-EMHS101ARA111MKE"; VariantName = "[No Variations]"
Add component (AddParameter): Name = "Supplier Part Number 2"; Value = "C2163387"; VariantName = "[No Variations]"
Add component (AddParameter): Name = "Tolerance"; Value = "20%"; VariantName = "[No Variations]"
Add component (AddParameter): Name = "Type"; Value = "Capacitor"; VariantName = "[No Variations]"
Add component (AddParameter): Name = "Value"; Value = "110 µF"; VariantName = "[No Variations]"
Add component (AddParameter): Name = "Voltage Rating"; Value = "100 VDC"; VariantName = "[No Variations]"
Added Component: Designator=C43(CAPAE1300X1400N)
Add component (AddParameter): Name = "Component Type"; Value = "Capacitor Al Electrolyt"; VariantName = "[No Variations]"
Add component (AddParameter): Name = "ComponentLink1Description"; Value = "Datasheet"; VariantName = "[No Variations]"
Add component (AddParameter): Name = "ComponentLink1URL"; Value = "https://www.lcsc.com/datasheet/lcsc_datasheet_2401161155_NCC-Nippon-Chemi-Con-EMHS101ARA111MKE0S_C2163387.pdf"; VariantName = "[No Variations]"
Add component (AddParameter): Name = "Created from"; Value = "KPatel"; VariantName = "[No Variations]"
Add component (AddParameter): Name = "Created On"; Value = "6/7/2024 2:59:53 PM"; VariantName = "[No Variations]"
Add component (AddParameter): Name = "Device Package"; Value = "KE0"; VariantName = "[No Variations]"
Add component (AddParameter): Name = "Last Updated"; Value = "6/7/2024 2:59:53 PM"; VariantName = "[No Variations]"
Add component (AddParameter): Name = "LCSC Part Number"; Value = "C2163387"; VariantName = "[No Variations]"
Add component (AddParameter): Name = "Live Cycle Status"; Value = "1"; VariantName = "[No Variations]"
Add component (AddParameter): Name = "Manufacturer"; Value = "CHEMI-CON"; VariantName = "[No Variations]"
Add component (AddParameter): Name = "Manufacturer Part Number"; Value = "EMHS101ARA111MKE0S"; VariantName = "[No Variations]"
Add component (AddParameter): Name = "Mounting Type"; Value = "SMD"; VariantName = "[No Variations]"
Add component (AddParameter): Name = "Operating Temperature"; Value = "-40 - 125° C"; VariantName = "[No Variations]"
Add component (AddParameter): Name = "PartID"; Value = "149"; VariantName = "[No Variations]"
Add component (AddParameter): Name = "Series"; Value = "MHS"; VariantName = "[No Variations]"
Add component (AddParameter): Name = "Stock number"; Value = "not stored"; VariantName = "[No Variations]"
Add component (AddParameter): Name = "Supplier 1"; Value = "Mouser"; VariantName = "[No Variations]"
Add component (AddParameter): Name = "Supplier 2"; Value = "LCSC"; VariantName = "[No Variations]"
Add component (AddParameter): Name = "Supplier Part Number 1"; Value = "661-EMHS101ARA111MKE"; VariantName = "[No Variations]"
Add component (AddParameter): Name = "Supplier Part Number 2"; Value = "C2163387"; VariantName = "[No Variations]"
Add component (AddParameter): Name = "Tolerance"; Value = "20%"; VariantName = "[No Variations]"
Add component (AddParameter): Name = "Type"; Value = "Capacitor"; VariantName = "[No Variations]"
Add component (AddParameter): Name = "Value"; Value = "110 µF"; VariantName = "[No Variations]"
Add component (AddParameter): Name = "Voltage Rating"; Value = "100 VDC"; VariantName = "[No Variations]"
Added Component: Designator=C44(CAPAE1300X1400N)
Add component (AddParameter): Name = "Component Type"; Value = "Capacitor Al Electrolyt"; VariantName = "[No Variations]"
Add component (AddParameter): Name = "ComponentLink1Description"; Value = "Datasheet"; VariantName = "[No Variations]"
Add component (AddParameter): Name = "ComponentLink1URL"; Value = "https://www.lcsc.com/datasheet/lcsc_datasheet_2401161155_NCC-Nippon-Chemi-Con-EMHS101ARA111MKE0S_C2163387.pdf"; VariantName = "[No Variations]"
Add component (AddParameter): Name = "Created from"; Value = "KPatel"; VariantName = "[No Variations]"
Add component (AddParameter): Name = "Created On"; Value = "6/7/2024 2:59:53 PM"; VariantName = "[No Variations]"
Add component (AddParameter): Name = "Device Package"; Value = "KE0"; VariantName = "[No Variations]"
Add component (AddParameter): Name = "Last Updated"; Value = "6/7/2024 2:59:53 PM"; VariantName = "[No Variations]"
Add component (AddParameter): Name = "LCSC Part Number"; Value = "C2163387"; VariantName = "[No Variations]"
Add component (AddParameter): Name = "Live Cycle Status"; Value = "1"; VariantName = "[No Variations]"
Add component (AddParameter): Name = "Manufacturer"; Value = "CHEMI-CON"; VariantName = "[No Variations]"
Add component (AddParameter): Name = "Manufacturer Part Number"; Value = "EMHS101ARA111MKE0S"; VariantName = "[No Variations]"
Add component (AddParameter): Name = "Mounting Type"; Value = "SMD"; VariantName = "[No Variations]"
Add component (AddParameter): Name = "Operating Temperature"; Value = "-40 - 125° C"; VariantName = "[No Variations]"
Add component (AddParameter): Name = "PartID"; Value = "149"; VariantName = "[No Variations]"
Add component (AddParameter): Name = "Series"; Value = "MHS"; VariantName = "[No Variations]"
Add component (AddParameter): Name = "Stock number"; Value = "not stored"; VariantName = "[No Variations]"
Add component (AddParameter): Name = "Supplier 1"; Value = "Mouser"; VariantName = "[No Variations]"
Add component (AddParameter): Name = "Supplier 2"; Value = "LCSC"; VariantName = "[No Variations]"
Add component (AddParameter): Name = "Supplier Part Number 1"; Value = "661-EMHS101ARA111MKE"; VariantName = "[No Variations]"
Add component (AddParameter): Name = "Supplier Part Number 2"; Value = "C2163387"; VariantName = "[No Variations]"
Add component (AddParameter): Name = "Tolerance"; Value = "20%"; VariantName = "[No Variations]"
Add component (AddParameter): Name = "Type"; Value = "Capacitor"; VariantName = "[No Variations]"
Add component (AddParameter): Name = "Value"; Value = "110 µF"; VariantName = "[No Variations]"
Add component (AddParameter): Name = "Voltage Rating"; Value = "100 VDC"; VariantName = "[No Variations]"
Added Component: Designator=C45(CAPAE1300X1400N)
Add component (AddParameter): Name = "Component Type"; Value = "Capacitor Al Electrolyt"; VariantName = "[No Variations]"
Add component (AddParameter): Name = "ComponentLink1Description"; Value = "Datasheet"; VariantName = "[No Variations]"
Add component (AddParameter): Name = "ComponentLink1URL"; Value = "https://www.lcsc.com/datasheet/lcsc_datasheet_2401161155_NCC-Nippon-Chemi-Con-EMHS101ARA111MKE0S_C2163387.pdf"; VariantName = "[No Variations]"
Add component (AddParameter): Name = "Created from"; Value = "KPatel"; VariantName = "[No Variations]"
Add component (AddParameter): Name = "Created On"; Value = "6/7/2024 2:59:53 PM"; VariantName = "[No Variations]"
Add component (AddParameter): Name = "Device Package"; Value = "KE0"; VariantName = "[No Variations]"
Add component (AddParameter): Name = "Last Updated"; Value = "6/7/2024 2:59:53 PM"; VariantName = "[No Variations]"
Add component (AddParameter): Name = "LCSC Part Number"; Value = "C2163387"; VariantName = "[No Variations]"
Add component (AddParameter): Name = "Live Cycle Status"; Value = "1"; VariantName = "[No Variations]"
Add component (AddParameter): Name = "Manufacturer"; Value = "CHEMI-CON"; VariantName = "[No Variations]"
Add component (AddParameter): Name = "Manufacturer Part Number"; Value = "EMHS101ARA111MKE0S"; VariantName = "[No Variations]"
Add component (AddParameter): Name = "Mounting Type"; Value = "SMD"; VariantName = "[No Variations]"
Add component (AddParameter): Name = "Operating Temperature"; Value = "-40 - 125° C"; VariantName = "[No Variations]"
Add component (AddParameter): Name = "PartID"; Value = "149"; VariantName = "[No Variations]"
Add component (AddParameter): Name = "Series"; Value = "MHS"; VariantName = "[No Variations]"
Add component (AddParameter): Name = "Stock number"; Value = "not stored"; VariantName = "[No Variations]"
Add component (AddParameter): Name = "Supplier 1"; Value = "Mouser"; VariantName = "[No Variations]"
Add component (AddParameter): Name = "Supplier 2"; Value = "LCSC"; VariantName = "[No Variations]"
Add component (AddParameter): Name = "Supplier Part Number 1"; Value = "661-EMHS101ARA111MKE"; VariantName = "[No Variations]"
Add component (AddParameter): Name = "Supplier Part Number 2"; Value = "C2163387"; VariantName = "[No Variations]"
Add component (AddParameter): Name = "Tolerance"; Value = "20%"; VariantName = "[No Variations]"
Add component (AddParameter): Name = "Type"; Value = "Capacitor"; VariantName = "[No Variations]"
Add component (AddParameter): Name = "Value"; Value = "110 µF"; VariantName = "[No Variations]"
Add component (AddParameter): Name = "Voltage Rating"; Value = "100 VDC"; VariantName = "[No Variations]"
Added Component: Designator=C46(CAPAE1300X1400N)
Add component (AddParameter): Name = "Component Type"; Value = "Capacitor Al Electrolyt"; VariantName = "[No Variations]"
Add component (AddParameter): Name = "ComponentLink1Description"; Value = "Datasheet"; VariantName = "[No Variations]"
Add component (AddParameter): Name = "ComponentLink1URL"; Value = "https://www.lcsc.com/datasheet/lcsc_datasheet_2401161155_NCC-Nippon-Chemi-Con-EMHS101ARA111MKE0S_C2163387.pdf"; VariantName = "[No Variations]"
Add component (AddParameter): Name = "Created from"; Value = "KPatel"; VariantName = "[No Variations]"
Add component (AddParameter): Name = "Created On"; Value = "6/7/2024 2:59:53 PM"; VariantName = "[No Variations]"
Add component (AddParameter): Name = "Device Package"; Value = "KE0"; VariantName = "[No Variations]"
Add component (AddParameter): Name = "Last Updated"; Value = "6/7/2024 2:59:53 PM"; VariantName = "[No Variations]"
Add component (AddParameter): Name = "LCSC Part Number"; Value = "C2163387"; VariantName = "[No Variations]"
Add component (AddParameter): Name = "Live Cycle Status"; Value = "1"; VariantName = "[No Variations]"
Add component (AddParameter): Name = "Manufacturer"; Value = "CHEMI-CON"; VariantName = "[No Variations]"
Add component (AddParameter): Name = "Manufacturer Part Number"; Value = "EMHS101ARA111MKE0S"; VariantName = "[No Variations]"
Add component (AddParameter): Name = "Mounting Type"; Value = "SMD"; VariantName = "[No Variations]"
Add component (AddParameter): Name = "Operating Temperature"; Value = "-40 - 125° C"; VariantName = "[No Variations]"
Add component (AddParameter): Name = "PartID"; Value = "149"; VariantName = "[No Variations]"
Add component (AddParameter): Name = "Series"; Value = "MHS"; VariantName = "[No Variations]"
Add component (AddParameter): Name = "Stock number"; Value = "not stored"; VariantName = "[No Variations]"
Add component (AddParameter): Name = "Supplier 1"; Value = "Mouser"; VariantName = "[No Variations]"
Add component (AddParameter): Name = "Supplier 2"; Value = "LCSC"; VariantName = "[No Variations]"
Add component (AddParameter): Name = "Supplier Part Number 1"; Value = "661-EMHS101ARA111MKE"; VariantName = "[No Variations]"
Add component (AddParameter): Name = "Supplier Part Number 2"; Value = "C2163387"; VariantName = "[No Variations]"
Add component (AddParameter): Name = "Tolerance"; Value = "20%"; VariantName = "[No Variations]"
Add component (AddParameter): Name = "Type"; Value = "Capacitor"; VariantName = "[No Variations]"
Add component (AddParameter): Name = "Value"; Value = "110 µF"; VariantName = "[No Variations]"
Add component (AddParameter): Name = "Voltage Rating"; Value = "100 VDC"; VariantName = "[No Variations]"
Added Component: Designator=C47(CAPAE1300X1400N)
Add component (AddParameter): Name = "Component Type"; Value = "Capacitor Al Electrolyt"; VariantName = "[No Variations]"
Add component (AddParameter): Name = "ComponentLink1Description"; Value = "Datasheet"; VariantName = "[No Variations]"
Add component (AddParameter): Name = "ComponentLink1URL"; Value = "https://www.lcsc.com/datasheet/lcsc_datasheet_2401161155_NCC-Nippon-Chemi-Con-EMHS101ARA111MKE0S_C2163387.pdf"; VariantName = "[No Variations]"
Add component (AddParameter): Name = "Created from"; Value = "KPatel"; VariantName = "[No Variations]"
Add component (AddParameter): Name = "Created On"; Value = "6/7/2024 2:59:53 PM"; VariantName = "[No Variations]"
Add component (AddParameter): Name = "Device Package"; Value = "KE0"; VariantName = "[No Variations]"
Add component (AddParameter): Name = "Last Updated"; Value = "6/7/2024 2:59:53 PM"; VariantName = "[No Variations]"
Add component (AddParameter): Name = "LCSC Part Number"; Value = "C2163387"; VariantName = "[No Variations]"
Add component (AddParameter): Name = "Live Cycle Status"; Value = "1"; VariantName = "[No Variations]"
Add component (AddParameter): Name = "Manufacturer"; Value = "CHEMI-CON"; VariantName = "[No Variations]"
Add component (AddParameter): Name = "Manufacturer Part Number"; Value = "EMHS101ARA111MKE0S"; VariantName = "[No Variations]"
Add component (AddParameter): Name = "Mounting Type"; Value = "SMD"; VariantName = "[No Variations]"
Add component (AddParameter): Name = "Operating Temperature"; Value = "-40 - 125° C"; VariantName = "[No Variations]"
Add component (AddParameter): Name = "PartID"; Value = "149"; VariantName = "[No Variations]"
Add component (AddParameter): Name = "Series"; Value = "MHS"; VariantName = "[No Variations]"
Add component (AddParameter): Name = "Stock number"; Value = "not stored"; VariantName = "[No Variations]"
Add component (AddParameter): Name = "Supplier 1"; Value = "Mouser"; VariantName = "[No Variations]"
Add component (AddParameter): Name = "Supplier 2"; Value = "LCSC"; VariantName = "[No Variations]"
Add component (AddParameter): Name = "Supplier Part Number 1"; Value = "661-EMHS101ARA111MKE"; VariantName = "[No Variations]"
Add component (AddParameter): Name = "Supplier Part Number 2"; Value = "C2163387"; VariantName = "[No Variations]"
Add component (AddParameter): Name = "Tolerance"; Value = "20%"; VariantName = "[No Variations]"
Add component (AddParameter): Name = "Type"; Value = "Capacitor"; VariantName = "[No Variations]"
Add component (AddParameter): Name = "Value"; Value = "110 µF"; VariantName = "[No Variations]"
Add component (AddParameter): Name = "Voltage Rating"; Value = "100 VDC"; VariantName = "[No Variations]"
Added Component: Designator=C50(C_0603)
Add component (AddParameter): Name = "Component Type"; Value = "Capacitor 0603"; VariantName = "[No Variations]"
Add component (AddParameter): Name = "ComponentLink1Description"; Value = "Datasheet"; VariantName = "[No Variations]"
Add component (AddParameter): Name = "ComponentLink1URL"; Value = "https://www.mouser.de/datasheet/2/585/MLCC-1837944.pdf"; VariantName = "[No Variations]"
Add component (AddParameter): Name = "Created from"; Value = "DHufnagel"; VariantName = "[No Variations]"
Add component (AddParameter): Name = "Created On"; Value = "20.12.2020 13:54:13"; VariantName = "[No Variations]"
Add component (AddParameter): Name = "Device Package"; Value = "0603"; VariantName = "[No Variations]"
Add component (AddParameter): Name = "Last Updated"; Value = "20.12.2020 16:24:16"; VariantName = "[No Variations]"
Add component (AddParameter): Name = "LCSC Part Number"; Value = "C39148"; VariantName = "[No Variations]"
Add component (AddParameter): Name = "Live Cycle Status"; Value = "1"; VariantName = "[No Variations]"
Add component (AddParameter): Name = "Manufacturer"; Value = "Samsung Electro-Mechanics"; VariantName = "[No Variations]"
Add component (AddParameter): Name = "Manufacturer Part Number"; Value = "CL10C560JB8NNNC"; VariantName = "[No Variations]"
Add component (AddParameter): Name = "Mounting Type"; Value = "SMD"; VariantName = "[No Variations]"
Add component (AddParameter): Name = "Operating Temperature"; Value = "-55 - 125°C"; VariantName = "[No Variations]"
Add component (AddParameter): Name = "PartID"; Value = "92"; VariantName = "[No Variations]"
Add component (AddParameter): Name = "Series"; Value = "CL"; VariantName = "[No Variations]"
Add component (AddParameter): Name = "Stock number"; Value = "not stored"; VariantName = "[No Variations]"
Add component (AddParameter): Name = "Supplier 1"; Value = "Mouser"; VariantName = "[No Variations]"
Add component (AddParameter): Name = "Supplier 2"; Value = "LCSC"; VariantName = "[No Variations]"
Add component (AddParameter): Name = "Supplier Part Number 1"; Value = "187-CL10C560JB8NNNC"; VariantName = "[No Variations]"
Add component (AddParameter): Name = "Supplier Part Number 2"; Value = "C39148"; VariantName = "[No Variations]"
Add component (AddParameter): Name = "Tolerance"; Value = "5 %"; VariantName = "[No Variations]"
Add component (AddParameter): Name = "Type"; Value = "Capacitor"; VariantName = "[No Variations]"
Add component (AddParameter): Name = "Value"; Value = "56 pF"; VariantName = "[No Variations]"
Add component (AddParameter): Name = "Voltage Rating"; Value = "50 VDC"; VariantName = "[No Variations]"
Added Component: Designator=C51(C_0603)
Add component (AddParameter): Name = "Component Type"; Value = "Capacitor 0603"; VariantName = "[No Variations]"
Add component (AddParameter): Name = "ComponentLink1Description"; Value = "Datasheet"; VariantName = "[No Variations]"
Add component (AddParameter): Name = "ComponentLink1URL"; Value = "https://www.mouser.de/datasheet/2/585/MLCC-1837944.pdf"; VariantName = "[No Variations]"
Add component (AddParameter): Name = "Created from"; Value = "DHufnagel"; VariantName = "[No Variations]"
Add component (AddParameter): Name = "Created On"; Value = "20.12.2020 13:54:13"; VariantName = "[No Variations]"
Add component (AddParameter): Name = "Device Package"; Value = "0603"; VariantName = "[No Variations]"
Add component (AddParameter): Name = "Last Updated"; Value = "20.12.2020 16:24:16"; VariantName = "[No Variations]"
Add component (AddParameter): Name = "LCSC Part Number"; Value = "C39148"; VariantName = "[No Variations]"
Add component (AddParameter): Name = "Live Cycle Status"; Value = "1"; VariantName = "[No Variations]"
Add component (AddParameter): Name = "Manufacturer"; Value = "Samsung Electro-Mechanics"; VariantName = "[No Variations]"
Add component (AddParameter): Name = "Manufacturer Part Number"; Value = "CL10C560JB8NNNC"; VariantName = "[No Variations]"
Add component (AddParameter): Name = "Mounting Type"; Value = "SMD"; VariantName = "[No Variations]"
Add component (AddParameter): Name = "Operating Temperature"; Value = "-55 - 125°C"; VariantName = "[No Variations]"
Add component (AddParameter): Name = "PartID"; Value = "92"; VariantName = "[No Variations]"
Add component (AddParameter): Name = "Series"; Value = "CL"; VariantName = "[No Variations]"
Add component (AddParameter): Name = "Stock number"; Value = "not stored"; VariantName = "[No Variations]"
Add component (AddParameter): Name = "Supplier 1"; Value = "Mouser"; VariantName = "[No Variations]"
Add component (AddParameter): Name = "Supplier 2"; Value = "LCSC"; VariantName = "[No Variations]"
Add component (AddParameter): Name = "Supplier Part Number 1"; Value = "187-CL10C560JB8NNNC"; VariantName = "[No Variations]"
Add component (AddParameter): Name = "Supplier Part Number 2"; Value = "C39148"; VariantName = "[No Variations]"
Add component (AddParameter): Name = "Tolerance"; Value = "5 %"; VariantName = "[No Variations]"
Add component (AddParameter): Name = "Type"; Value = "Capacitor"; VariantName = "[No Variations]"
Add component (AddParameter): Name = "Value"; Value = "56 pF"; VariantName = "[No Variations]"
Add component (AddParameter): Name = "Voltage Rating"; Value = "50 VDC"; VariantName = "[No Variations]"
Added Component: Designator=C52(C_0603)
Add component (AddParameter): Name = "Component Type"; Value = "Capacitor 0603"; VariantName = "[No Variations]"
Add component (AddParameter): Name = "ComponentLink1Description"; Value = "Datasheet"; VariantName = "[No Variations]"
Add component (AddParameter): Name = "ComponentLink1URL"; Value = "https://datasheet.lcsc.com/lcsc/1809291621_TORCH-CT41G-0603-2X1-50V-0-01-F-K-N_C136131.pdf"; VariantName = "[No Variations]"
Add component (AddParameter): Name = "Created from"; Value = "KIlhan"; VariantName = "[No Variations]"
Add component (AddParameter): Name = "Created On"; Value = "05.07.2023 18:57:50"; VariantName = "[No Variations]"
Add component (AddParameter): Name = "Device Package"; Value = "0603"; VariantName = "[No Variations]"
Add component (AddParameter): Name = "Last Updated"; Value = "05.07.2023 18:57:50"; VariantName = "[No Variations]"
Add component (AddParameter): Name = "LCSC Part Number"; Value = "C136131"; VariantName = "[No Variations]"
Add component (AddParameter): Name = "Live Cycle Status"; Value = "1"; VariantName = "[No Variations]"
Add component (AddParameter): Name = "Manufacturer"; Value = "TORCH"; VariantName = "[No Variations]"
Add component (AddParameter): Name = "Manufacturer Part Number"; Value = "CT41G-0603-2X1-50V-0.01µF-K(N)"; VariantName = "[No Variations]"
Add component (AddParameter): Name = "Mounting Type"; Value = "SMD"; VariantName = "[No Variations]"
Add component (AddParameter): Name = "Operating Temperature"; Value = "-55 - 125°C"; VariantName = "[No Variations]"
Add component (AddParameter): Name = "PartID"; Value = "130"; VariantName = "[No Variations]"
Add component (AddParameter): Name = "Stock number"; Value = "not stored"; VariantName = "[No Variations]"
Add component (AddParameter): Name = "Supplier 1"; Value = "LCSC"; VariantName = "[No Variations]"
Add component (AddParameter): Name = "Supplier Part Number 1"; Value = "C136131"; VariantName = "[No Variations]"
Add component (AddParameter): Name = "Tolerance"; Value = "10 %"; VariantName = "[No Variations]"
Add component (AddParameter): Name = "Type"; Value = "Capacitor"; VariantName = "[No Variations]"
Add component (AddParameter): Name = "Value"; Value = "10nF"; VariantName = "[No Variations]"
Add component (AddParameter): Name = "Voltage Rating"; Value = "50 VDC"; VariantName = "[No Variations]"
Added Component: Designator=C54(C_0805)
Add component (AddParameter): Name = "Component Type"; Value = "Capacitor 0805"; VariantName = "[No Variations]"
Add component (AddParameter): Name = "ComponentLink1Description"; Value = "Datasheet"; VariantName = "[No Variations]"
Add component (AddParameter): Name = "ComponentLink1URL"; Value = "https://datasheet.lcsc.com/lcsc/2103311437_AIDE-HV1210X7R332K202NT_C2691813.pdf"; VariantName = "[No Variations]"
Add component (AddParameter): Name = "Created from"; Value = "KIlhan"; VariantName = "[No Variations]"
Add component (AddParameter): Name = "Created On"; Value = "05.07.2023 15:42:28"; VariantName = "[No Variations]"
Add component (AddParameter): Name = "Device Package"; Value = "0805"; VariantName = "[No Variations]"
Add component (AddParameter): Name = "Last Updated"; Value = "05.07.2023 15:42:28"; VariantName = "[No Variations]"
Add component (AddParameter): Name = "LCSC Part Number"; Value = "C2691724"; VariantName = "[No Variations]"
Add component (AddParameter): Name = "Live Cycle Status"; Value = "1"; VariantName = "[No Variations]"
Add component (AddParameter): Name = "Manufacturer"; Value = "AIDE"; VariantName = "[No Variations]"
Add component (AddParameter): Name = "Manufacturer Part Number"; Value = "HV0805X7R103K101NT"; VariantName = "[No Variations]"
Add component (AddParameter): Name = "Mounting Type"; Value = "SMD"; VariantName = "[No Variations]"
Add component (AddParameter): Name = "Operating Temperature"; Value = "-55 - 125°C"; VariantName = "[No Variations]"
Add component (AddParameter): Name = "PartID"; Value = "128"; VariantName = "[No Variations]"
Add component (AddParameter): Name = "Series"; Value = "C"; VariantName = "[No Variations]"
Add component (AddParameter): Name = "Stock number"; Value = "not stored"; VariantName = "[No Variations]"
Add component (AddParameter): Name = "Supplier 1"; Value = "JLCPCB"; VariantName = "[No Variations]"
Add component (AddParameter): Name = "Supplier Part Number 1"; Value = "HV0805X7R103K101NT"; VariantName = "[No Variations]"
Add component (AddParameter): Name = "Tolerance"; Value = "10 %"; VariantName = "[No Variations]"
Add component (AddParameter): Name = "Type"; Value = "Capacitor"; VariantName = "[No Variations]"
Add component (AddParameter): Name = "Value"; Value = "0.01 µF"; VariantName = "[No Variations]"
Add component (AddParameter): Name = "Voltage Rating"; Value = "100 VDC"; VariantName = "[No Variations]"
Added Component: Designator=C55(C_0603)
Add component (AddParameter): Name = "Component Type"; Value = "Capacitor 0603"; VariantName = "[No Variations]"
Add component (AddParameter): Name = "ComponentLink1Description"; Value = "Datasheet"; VariantName = "[No Variations]"
Add component (AddParameter): Name = "ComponentLink1URL"; Value = "https://www.mouser.de/datasheet/2/585/MLCC-1837944.pdf"; VariantName = "[No Variations]"
Add component (AddParameter): Name = "Created from"; Value = "DHufnagel"; VariantName = "[No Variations]"
Add component (AddParameter): Name = "Created On"; Value = "20.12.2020 13:54:13"; VariantName = "[No Variations]"
Add component (AddParameter): Name = "Device Package"; Value = "0603"; VariantName = "[No Variations]"
Add component (AddParameter): Name = "Last Updated"; Value = "20.12.2020 16:24:16"; VariantName = "[No Variations]"
Add component (AddParameter): Name = "LCSC Part Number"; Value = "C39148"; VariantName = "[No Variations]"
Add component (AddParameter): Name = "Live Cycle Status"; Value = "1"; VariantName = "[No Variations]"
Add component (AddParameter): Name = "Manufacturer"; Value = "Samsung Electro-Mechanics"; VariantName = "[No Variations]"
Add component (AddParameter): Name = "Manufacturer Part Number"; Value = "CL10C560JB8NNNC"; VariantName = "[No Variations]"
Add component (AddParameter): Name = "Mounting Type"; Value = "SMD"; VariantName = "[No Variations]"
Add component (AddParameter): Name = "Operating Temperature"; Value = "-55 - 125°C"; VariantName = "[No Variations]"
Add component (AddParameter): Name = "PartID"; Value = "92"; VariantName = "[No Variations]"
Add component (AddParameter): Name = "Series"; Value = "CL"; VariantName = "[No Variations]"
Add component (AddParameter): Name = "Stock number"; Value = "not stored"; VariantName = "[No Variations]"
Add component (AddParameter): Name = "Supplier 1"; Value = "Mouser"; VariantName = "[No Variations]"
Add component (AddParameter): Name = "Supplier 2"; Value = "LCSC"; VariantName = "[No Variations]"
Add component (AddParameter): Name = "Supplier Part Number 1"; Value = "187-CL10C560JB8NNNC"; VariantName = "[No Variations]"
Add component (AddParameter): Name = "Supplier Part Number 2"; Value = "C39148"; VariantName = "[No Variations]"
Add component (AddParameter): Name = "Tolerance"; Value = "5 %"; VariantName = "[No Variations]"
Add component (AddParameter): Name = "Type"; Value = "Capacitor"; VariantName = "[No Variations]"
Add component (AddParameter): Name = "Value"; Value = "56 pF"; VariantName = "[No Variations]"
Add component (AddParameter): Name = "Voltage Rating"; Value = "50 VDC"; VariantName = "[No Variations]"
Added Component: Designator=C56(C_0603)
Add component (AddParameter): Name = "Component Type"; Value = "Capacitor 0603"; VariantName = "[No Variations]"
Add component (AddParameter): Name = "ComponentLink1Description"; Value = "Datasheet"; VariantName = "[No Variations]"
Add component (AddParameter): Name = "ComponentLink1URL"; Value = "https://www.mouser.de/datasheet/2/585/MLCC-1837944.pdf"; VariantName = "[No Variations]"
Add component (AddParameter): Name = "Created from"; Value = "DHufnagel"; VariantName = "[No Variations]"
Add component (AddParameter): Name = "Created On"; Value = "20.12.2020 13:54:13"; VariantName = "[No Variations]"
Add component (AddParameter): Name = "Device Package"; Value = "0603"; VariantName = "[No Variations]"
Add component (AddParameter): Name = "Last Updated"; Value = "20.12.2020 16:24:16"; VariantName = "[No Variations]"
Add component (AddParameter): Name = "LCSC Part Number"; Value = "C39148"; VariantName = "[No Variations]"
Add component (AddParameter): Name = "Live Cycle Status"; Value = "1"; VariantName = "[No Variations]"
Add component (AddParameter): Name = "Manufacturer"; Value = "Samsung Electro-Mechanics"; VariantName = "[No Variations]"
Add component (AddParameter): Name = "Manufacturer Part Number"; Value = "CL10C560JB8NNNC"; VariantName = "[No Variations]"
Add component (AddParameter): Name = "Mounting Type"; Value = "SMD"; VariantName = "[No Variations]"
Add component (AddParameter): Name = "Operating Temperature"; Value = "-55 - 125°C"; VariantName = "[No Variations]"
Add component (AddParameter): Name = "PartID"; Value = "92"; VariantName = "[No Variations]"
Add component (AddParameter): Name = "Series"; Value = "CL"; VariantName = "[No Variations]"
Add component (AddParameter): Name = "Stock number"; Value = "not stored"; VariantName = "[No Variations]"
Add component (AddParameter): Name = "Supplier 1"; Value = "Mouser"; VariantName = "[No Variations]"
Add component (AddParameter): Name = "Supplier 2"; Value = "LCSC"; VariantName = "[No Variations]"
Add component (AddParameter): Name = "Supplier Part Number 1"; Value = "187-CL10C560JB8NNNC"; VariantName = "[No Variations]"
Add component (AddParameter): Name = "Supplier Part Number 2"; Value = "C39148"; VariantName = "[No Variations]"
Add component (AddParameter): Name = "Tolerance"; Value = "5 %"; VariantName = "[No Variations]"
Add component (AddParameter): Name = "Type"; Value = "Capacitor"; VariantName = "[No Variations]"
Add component (AddParameter): Name = "Value"; Value = "56 pF"; VariantName = "[No Variations]"
Add component (AddParameter): Name = "Voltage Rating"; Value = "50 VDC"; VariantName = "[No Variations]"
Added Component: Designator=C57(C_0603)
Add component (AddParameter): Name = "Component Type"; Value = "Capacitor 0603"; VariantName = "[No Variations]"
Add component (AddParameter): Name = "ComponentLink1Description"; Value = "Datasheet"; VariantName = "[No Variations]"
Add component (AddParameter): Name = "ComponentLink1URL"; Value = "https://datasheet.lcsc.com/lcsc/2304140030_TDK-C1608X7S2A104KT000N_C343025.pdf"; VariantName = "[No Variations]"
Add component (AddParameter): Name = "Created from"; Value = "AGeiger"; VariantName = "[No Variations]"
Add component (AddParameter): Name = "Created On"; Value = "20.12.2020 13:54:13"; VariantName = "[No Variations]"
Add component (AddParameter): Name = "Device Package"; Value = "0603"; VariantName = "[No Variations]"
Add component (AddParameter): Name = "Last Updated"; Value = "14.12.2022 12:14:21"; VariantName = "[No Variations]"
Add component (AddParameter): Name = "LCSC Part Number"; Value = "C343025"; VariantName = "[No Variations]"
Add component (AddParameter): Name = "Live Cycle Status"; Value = "1"; VariantName = "[No Variations]"
Add component (AddParameter): Name = "Manufacturer"; Value = "TDK"; VariantName = "[No Variations]"
Add component (AddParameter): Name = "Manufacturer Part Number"; Value = "C1608X7S2A104KT000N"; VariantName = "[No Variations]"
Add component (AddParameter): Name = "Mounting Type"; Value = "SMD"; VariantName = "[No Variations]"
Add component (AddParameter): Name = "Operating Temperature"; Value = "-55 to 125°C"; VariantName = "[No Variations]"
Add component (AddParameter): Name = "PartID"; Value = "148"; VariantName = "[No Variations]"
Add component (AddParameter): Name = "Series"; Value = "X7R"; VariantName = "[No Variations]"
Add component (AddParameter): Name = "Stock number"; Value = "not stored"; VariantName = "[No Variations]"
Add component (AddParameter): Name = "Supplier 1"; Value = "LCSC"; VariantName = "[No Variations]"
Add component (AddParameter): Name = "Supplier Part Number 1"; Value = "C343025"; VariantName = "[No Variations]"
Add component (AddParameter): Name = "Tolerance"; Value = "10 %"; VariantName = "[No Variations]"
Add component (AddParameter): Name = "Type"; Value = "Capacitor"; VariantName = "[No Variations]"
Add component (AddParameter): Name = "Value"; Value = "100 nF"; VariantName = "[No Variations]"
Add component (AddParameter): Name = "Voltage Rating"; Value = "100 VDC"; VariantName = "[No Variations]"
Added Component: Designator=C58(C_0603)
Add component (AddParameter): Name = "Component Type"; Value = "Capacitor 0603"; VariantName = "[No Variations]"
Add component (AddParameter): Name = "ComponentLink1Description"; Value = "Datasheet"; VariantName = "[No Variations]"
Add component (AddParameter): Name = "ComponentLink1URL"; Value = "https://datasheet.lcsc.com/lcsc/2304140030_TDK-C1608X7S2A104KT000N_C343025.pdf"; VariantName = "[No Variations]"
Add component (AddParameter): Name = "Created from"; Value = "AGeiger"; VariantName = "[No Variations]"
Add component (AddParameter): Name = "Created On"; Value = "20.12.2020 13:54:13"; VariantName = "[No Variations]"
Add component (AddParameter): Name = "Device Package"; Value = "0603"; VariantName = "[No Variations]"
Add component (AddParameter): Name = "Last Updated"; Value = "14.12.2022 12:14:21"; VariantName = "[No Variations]"
Add component (AddParameter): Name = "LCSC Part Number"; Value = "C343025"; VariantName = "[No Variations]"
Add component (AddParameter): Name = "Live Cycle Status"; Value = "1"; VariantName = "[No Variations]"
Add component (AddParameter): Name = "Manufacturer"; Value = "TDK"; VariantName = "[No Variations]"
Add component (AddParameter): Name = "Manufacturer Part Number"; Value = "C1608X7S2A104KT000N"; VariantName = "[No Variations]"
Add component (AddParameter): Name = "Mounting Type"; Value = "SMD"; VariantName = "[No Variations]"
Add component (AddParameter): Name = "Operating Temperature"; Value = "-55 to 125°C"; VariantName = "[No Variations]"
Add component (AddParameter): Name = "PartID"; Value = "148"; VariantName = "[No Variations]"
Add component (AddParameter): Name = "Series"; Value = "X7R"; VariantName = "[No Variations]"
Add component (AddParameter): Name = "Stock number"; Value = "not stored"; VariantName = "[No Variations]"
Add component (AddParameter): Name = "Supplier 1"; Value = "LCSC"; VariantName = "[No Variations]"
Add component (AddParameter): Name = "Supplier Part Number 1"; Value = "C343025"; VariantName = "[No Variations]"
Add component (AddParameter): Name = "Tolerance"; Value = "10 %"; VariantName = "[No Variations]"
Add component (AddParameter): Name = "Type"; Value = "Capacitor"; VariantName = "[No Variations]"
Add component (AddParameter): Name = "Value"; Value = "100 nF"; VariantName = "[No Variations]"
Add component (AddParameter): Name = "Voltage Rating"; Value = "100 VDC"; VariantName = "[No Variations]"
Added Component: Designator=C59(C_0603)
Add component (AddParameter): Name = "Component Type"; Value = "Capacitor 0603"; VariantName = "[No Variations]"
Add component (AddParameter): Name = "ComponentLink1Description"; Value = "Datasheet"; VariantName = "[No Variations]"
Add component (AddParameter): Name = "ComponentLink1URL"; Value = "https://datasheet.lcsc.com/lcsc/2304140030_TDK-C1608X7S2A104KT000N_C343025.pdf"; VariantName = "[No Variations]"
Add component (AddParameter): Name = "Created from"; Value = "AGeiger"; VariantName = "[No Variations]"
Add component (AddParameter): Name = "Created On"; Value = "20.12.2020 13:54:13"; VariantName = "[No Variations]"
Add component (AddParameter): Name = "Device Package"; Value = "0603"; VariantName = "[No Variations]"
Add component (AddParameter): Name = "Last Updated"; Value = "14.12.2022 12:14:21"; VariantName = "[No Variations]"
Add component (AddParameter): Name = "LCSC Part Number"; Value = "C343025"; VariantName = "[No Variations]"
Add component (AddParameter): Name = "Live Cycle Status"; Value = "1"; VariantName = "[No Variations]"
Add component (AddParameter): Name = "Manufacturer"; Value = "TDK"; VariantName = "[No Variations]"
Add component (AddParameter): Name = "Manufacturer Part Number"; Value = "C1608X7S2A104KT000N"; VariantName = "[No Variations]"
Add component (AddParameter): Name = "Mounting Type"; Value = "SMD"; VariantName = "[No Variations]"
Add component (AddParameter): Name = "Operating Temperature"; Value = "-55 to 125°C"; VariantName = "[No Variations]"
Add component (AddParameter): Name = "PartID"; Value = "148"; VariantName = "[No Variations]"
Add component (AddParameter): Name = "Series"; Value = "X7R"; VariantName = "[No Variations]"
Add component (AddParameter): Name = "Stock number"; Value = "not stored"; VariantName = "[No Variations]"
Add component (AddParameter): Name = "Supplier 1"; Value = "LCSC"; VariantName = "[No Variations]"
Add component (AddParameter): Name = "Supplier Part Number 1"; Value = "C343025"; VariantName = "[No Variations]"
Add component (AddParameter): Name = "Tolerance"; Value = "10 %"; VariantName = "[No Variations]"
Add component (AddParameter): Name = "Type"; Value = "Capacitor"; VariantName = "[No Variations]"
Add component (AddParameter): Name = "Value"; Value = "100 nF"; VariantName = "[No Variations]"
Add component (AddParameter): Name = "Voltage Rating"; Value = "100 VDC"; VariantName = "[No Variations]"
Added Component: Designator=C60A(C_0805)
Add component (AddParameter): Name = "Component Type"; Value = "Capacitor 0805"; VariantName = "[No Variations]"
Add component (AddParameter): Name = "ComponentLink1Description"; Value = "Datasheet"; VariantName = "[No Variations]"
Add component (AddParameter): Name = "ComponentLink1URL"; Value = "https://product.tdk.com/info/en/catalog/datasheets/mlcc_commercial_general_en.pdf"; VariantName = "[No Variations]"
Add component (AddParameter): Name = "Created from"; Value = "MGremer"; VariantName = "[No Variations]"
Add component (AddParameter): Name = "Created On"; Value = "20.12.2020 13:54:13"; VariantName = "[No Variations]"
Add component (AddParameter): Name = "Device Package"; Value = "0805"; VariantName = "[No Variations]"
Add component (AddParameter): Name = "Last Updated"; Value = "21.02.2024 14:33:48"; VariantName = "[No Variations]"
Add component (AddParameter): Name = "LCSC Part Number"; Value = "C437557"; VariantName = "[No Variations]"
Add component (AddParameter): Name = "Live Cycle Status"; Value = "1"; VariantName = "[No Variations]"
Add component (AddParameter): Name = "Manufacturer"; Value = "TDK"; VariantName = "[No Variations]"
Add component (AddParameter): Name = "Manufacturer Part Number"; Value = "C2012X7R1H475K125AC"; VariantName = "[No Variations]"
Add component (AddParameter): Name = "Mounting Type"; Value = "SMD"; VariantName = "[No Variations]"
Add component (AddParameter): Name = "Operating Temperature"; Value = "-55 - 125°C"; VariantName = "[No Variations]"
Add component (AddParameter): Name = "PartID"; Value = "15"; VariantName = "[No Variations]"
Add component (AddParameter): Name = "Series"; Value = "C"; VariantName = "[No Variations]"
Add component (AddParameter): Name = "Stock number"; Value = "Labor SMD Container"; VariantName = "[No Variations]"
Add component (AddParameter): Name = "Supplier 1"; Value = "Mouser"; VariantName = "[No Variations]"
Add component (AddParameter): Name = "Supplier 2"; Value = "LCSC"; VariantName = "[No Variations]"
Add component (AddParameter): Name = "Supplier Part Number 1"; Value = "810-C2012X7R475K125C"; VariantName = "[No Variations]"
Add component (AddParameter): Name = "Supplier Part Number 2"; Value = "C437557"; VariantName = "[No Variations]"
Add component (AddParameter): Name = "Tolerance"; Value = "10 %"; VariantName = "[No Variations]"
Add component (AddParameter): Name = "Type"; Value = "Capacitor"; VariantName = "[No Variations]"
Add component (AddParameter): Name = "Value"; Value = "4.7 µF"; VariantName = "[No Variations]"
Add component (AddParameter): Name = "Voltage Rating"; Value = "50 VDC"; VariantName = "[No Variations]"
Added Component: Designator=C60B(C_0805)
Add component (AddParameter): Name = "Component Type"; Value = "Capacitor 0805"; VariantName = "[No Variations]"
Add component (AddParameter): Name = "ComponentLink1Description"; Value = "Datasheet"; VariantName = "[No Variations]"
Add component (AddParameter): Name = "ComponentLink1URL"; Value = "https://product.tdk.com/info/en/catalog/datasheets/mlcc_commercial_general_en.pdf"; VariantName = "[No Variations]"
Add component (AddParameter): Name = "Created from"; Value = "MGremer"; VariantName = "[No Variations]"
Add component (AddParameter): Name = "Created On"; Value = "20.12.2020 13:54:13"; VariantName = "[No Variations]"
Add component (AddParameter): Name = "Device Package"; Value = "0805"; VariantName = "[No Variations]"
Add component (AddParameter): Name = "Last Updated"; Value = "21.02.2024 14:33:48"; VariantName = "[No Variations]"
Add component (AddParameter): Name = "LCSC Part Number"; Value = "C437557"; VariantName = "[No Variations]"
Add component (AddParameter): Name = "Live Cycle Status"; Value = "1"; VariantName = "[No Variations]"
Add component (AddParameter): Name = "Manufacturer"; Value = "TDK"; VariantName = "[No Variations]"
Add component (AddParameter): Name = "Manufacturer Part Number"; Value = "C2012X7R1H475K125AC"; VariantName = "[No Variations]"
Add component (AddParameter): Name = "Mounting Type"; Value = "SMD"; VariantName = "[No Variations]"
Add component (AddParameter): Name = "Operating Temperature"; Value = "-55 - 125°C"; VariantName = "[No Variations]"
Add component (AddParameter): Name = "PartID"; Value = "15"; VariantName = "[No Variations]"
Add component (AddParameter): Name = "Series"; Value = "C"; VariantName = "[No Variations]"
Add component (AddParameter): Name = "Stock number"; Value = "Labor SMD Container"; VariantName = "[No Variations]"
Add component (AddParameter): Name = "Supplier 1"; Value = "Mouser"; VariantName = "[No Variations]"
Add component (AddParameter): Name = "Supplier 2"; Value = "LCSC"; VariantName = "[No Variations]"
Add component (AddParameter): Name = "Supplier Part Number 1"; Value = "810-C2012X7R475K125C"; VariantName = "[No Variations]"
Add component (AddParameter): Name = "Supplier Part Number 2"; Value = "C437557"; VariantName = "[No Variations]"
Add component (AddParameter): Name = "Tolerance"; Value = "10 %"; VariantName = "[No Variations]"
Add component (AddParameter): Name = "Type"; Value = "Capacitor"; VariantName = "[No Variations]"
Add component (AddParameter): Name = "Value"; Value = "4.7 µF"; VariantName = "[No Variations]"
Add component (AddParameter): Name = "Voltage Rating"; Value = "50 VDC"; VariantName = "[No Variations]"
Added Component: Designator=C60C(C_0805)
Add component (AddParameter): Name = "Component Type"; Value = "Capacitor 0805"; VariantName = "[No Variations]"
Add component (AddParameter): Name = "ComponentLink1Description"; Value = "Datasheet"; VariantName = "[No Variations]"
Add component (AddParameter): Name = "ComponentLink1URL"; Value = "https://product.tdk.com/info/en/catalog/datasheets/mlcc_commercial_general_en.pdf"; VariantName = "[No Variations]"
Add component (AddParameter): Name = "Created from"; Value = "MGremer"; VariantName = "[No Variations]"
Add component (AddParameter): Name = "Created On"; Value = "20.12.2020 13:54:13"; VariantName = "[No Variations]"
Add component (AddParameter): Name = "Device Package"; Value = "0805"; VariantName = "[No Variations]"
Add component (AddParameter): Name = "Last Updated"; Value = "21.02.2024 14:33:48"; VariantName = "[No Variations]"
Add component (AddParameter): Name = "LCSC Part Number"; Value = "C437557"; VariantName = "[No Variations]"
Add component (AddParameter): Name = "Live Cycle Status"; Value = "1"; VariantName = "[No Variations]"
Add component (AddParameter): Name = "Manufacturer"; Value = "TDK"; VariantName = "[No Variations]"
Add component (AddParameter): Name = "Manufacturer Part Number"; Value = "C2012X7R1H475K125AC"; VariantName = "[No Variations]"
Add component (AddParameter): Name = "Mounting Type"; Value = "SMD"; VariantName = "[No Variations]"
Add component (AddParameter): Name = "Operating Temperature"; Value = "-55 - 125°C"; VariantName = "[No Variations]"
Add component (AddParameter): Name = "PartID"; Value = "15"; VariantName = "[No Variations]"
Add component (AddParameter): Name = "Series"; Value = "C"; VariantName = "[No Variations]"
Add component (AddParameter): Name = "Stock number"; Value = "Labor SMD Container"; VariantName = "[No Variations]"
Add component (AddParameter): Name = "Supplier 1"; Value = "Mouser"; VariantName = "[No Variations]"
Add component (AddParameter): Name = "Supplier 2"; Value = "LCSC"; VariantName = "[No Variations]"
Add component (AddParameter): Name = "Supplier Part Number 1"; Value = "810-C2012X7R475K125C"; VariantName = "[No Variations]"
Add component (AddParameter): Name = "Supplier Part Number 2"; Value = "C437557"; VariantName = "[No Variations]"
Add component (AddParameter): Name = "Tolerance"; Value = "10 %"; VariantName = "[No Variations]"
Add component (AddParameter): Name = "Type"; Value = "Capacitor"; VariantName = "[No Variations]"
Add component (AddParameter): Name = "Value"; Value = "4.7 µF"; VariantName = "[No Variations]"
Add component (AddParameter): Name = "Voltage Rating"; Value = "50 VDC"; VariantName = "[No Variations]"
Added Component: Designator=C61A(C_0805)
Add component (AddParameter): Name = "Component Type"; Value = "Capacitor 0805"; VariantName = "[No Variations]"
Add component (AddParameter): Name = "ComponentLink1Description"; Value = "Datasheet"; VariantName = "[No Variations]"
Add component (AddParameter): Name = "ComponentLink1URL"; Value = "https://product.tdk.com/info/en/catalog/datasheets/mlcc_commercial_general_en.pdf"; VariantName = "[No Variations]"
Add component (AddParameter): Name = "Created from"; Value = "MGremer"; VariantName = "[No Variations]"
Add component (AddParameter): Name = "Created On"; Value = "20.12.2020 13:54:13"; VariantName = "[No Variations]"
Add component (AddParameter): Name = "Device Package"; Value = "0805"; VariantName = "[No Variations]"
Add component (AddParameter): Name = "Last Updated"; Value = "21.02.2024 14:33:48"; VariantName = "[No Variations]"
Add component (AddParameter): Name = "LCSC Part Number"; Value = "C437557"; VariantName = "[No Variations]"
Add component (AddParameter): Name = "Live Cycle Status"; Value = "1"; VariantName = "[No Variations]"
Add component (AddParameter): Name = "Manufacturer"; Value = "TDK"; VariantName = "[No Variations]"
Add component (AddParameter): Name = "Manufacturer Part Number"; Value = "C2012X7R1H475K125AC"; VariantName = "[No Variations]"
Add component (AddParameter): Name = "Mounting Type"; Value = "SMD"; VariantName = "[No Variations]"
Add component (AddParameter): Name = "Operating Temperature"; Value = "-55 - 125°C"; VariantName = "[No Variations]"
Add component (AddParameter): Name = "PartID"; Value = "15"; VariantName = "[No Variations]"
Add component (AddParameter): Name = "Series"; Value = "C"; VariantName = "[No Variations]"
Add component (AddParameter): Name = "Stock number"; Value = "Labor SMD Container"; VariantName = "[No Variations]"
Add component (AddParameter): Name = "Supplier 1"; Value = "Mouser"; VariantName = "[No Variations]"
Add component (AddParameter): Name = "Supplier 2"; Value = "LCSC"; VariantName = "[No Variations]"
Add component (AddParameter): Name = "Supplier Part Number 1"; Value = "810-C2012X7R475K125C"; VariantName = "[No Variations]"
Add component (AddParameter): Name = "Supplier Part Number 2"; Value = "C437557"; VariantName = "[No Variations]"
Add component (AddParameter): Name = "Tolerance"; Value = "10 %"; VariantName = "[No Variations]"
Add component (AddParameter): Name = "Type"; Value = "Capacitor"; VariantName = "[No Variations]"
Add component (AddParameter): Name = "Value"; Value = "4.7 µF"; VariantName = "[No Variations]"
Add component (AddParameter): Name = "Voltage Rating"; Value = "50 VDC"; VariantName = "[No Variations]"
Added Component: Designator=C61B(C_0805)
Add component (AddParameter): Name = "Component Type"; Value = "Capacitor 0805"; VariantName = "[No Variations]"
Add component (AddParameter): Name = "ComponentLink1Description"; Value = "Datasheet"; VariantName = "[No Variations]"
Add component (AddParameter): Name = "ComponentLink1URL"; Value = "https://product.tdk.com/info/en/catalog/datasheets/mlcc_commercial_general_en.pdf"; VariantName = "[No Variations]"
Add component (AddParameter): Name = "Created from"; Value = "MGremer"; VariantName = "[No Variations]"
Add component (AddParameter): Name = "Created On"; Value = "20.12.2020 13:54:13"; VariantName = "[No Variations]"
Add component (AddParameter): Name = "Device Package"; Value = "0805"; VariantName = "[No Variations]"
Add component (AddParameter): Name = "Last Updated"; Value = "21.02.2024 14:33:48"; VariantName = "[No Variations]"
Add component (AddParameter): Name = "LCSC Part Number"; Value = "C437557"; VariantName = "[No Variations]"
Add component (AddParameter): Name = "Live Cycle Status"; Value = "1"; VariantName = "[No Variations]"
Add component (AddParameter): Name = "Manufacturer"; Value = "TDK"; VariantName = "[No Variations]"
Add component (AddParameter): Name = "Manufacturer Part Number"; Value = "C2012X7R1H475K125AC"; VariantName = "[No Variations]"
Add component (AddParameter): Name = "Mounting Type"; Value = "SMD"; VariantName = "[No Variations]"
Add component (AddParameter): Name = "Operating Temperature"; Value = "-55 - 125°C"; VariantName = "[No Variations]"
Add component (AddParameter): Name = "PartID"; Value = "15"; VariantName = "[No Variations]"
Add component (AddParameter): Name = "Series"; Value = "C"; VariantName = "[No Variations]"
Add component (AddParameter): Name = "Stock number"; Value = "Labor SMD Container"; VariantName = "[No Variations]"
Add component (AddParameter): Name = "Supplier 1"; Value = "Mouser"; VariantName = "[No Variations]"
Add component (AddParameter): Name = "Supplier 2"; Value = "LCSC"; VariantName = "[No Variations]"
Add component (AddParameter): Name = "Supplier Part Number 1"; Value = "810-C2012X7R475K125C"; VariantName = "[No Variations]"
Add component (AddParameter): Name = "Supplier Part Number 2"; Value = "C437557"; VariantName = "[No Variations]"
Add component (AddParameter): Name = "Tolerance"; Value = "10 %"; VariantName = "[No Variations]"
Add component (AddParameter): Name = "Type"; Value = "Capacitor"; VariantName = "[No Variations]"
Add component (AddParameter): Name = "Value"; Value = "4.7 µF"; VariantName = "[No Variations]"
Add component (AddParameter): Name = "Voltage Rating"; Value = "50 VDC"; VariantName = "[No Variations]"
Added Component: Designator=C61C(C_0805)
Add component (AddParameter): Name = "Component Type"; Value = "Capacitor 0805"; VariantName = "[No Variations]"
Add component (AddParameter): Name = "ComponentLink1Description"; Value = "Datasheet"; VariantName = "[No Variations]"
Add component (AddParameter): Name = "ComponentLink1URL"; Value = "https://product.tdk.com/info/en/catalog/datasheets/mlcc_commercial_general_en.pdf"; VariantName = "[No Variations]"
Add component (AddParameter): Name = "Created from"; Value = "MGremer"; VariantName = "[No Variations]"
Add component (AddParameter): Name = "Created On"; Value = "20.12.2020 13:54:13"; VariantName = "[No Variations]"
Add component (AddParameter): Name = "Device Package"; Value = "0805"; VariantName = "[No Variations]"
Add component (AddParameter): Name = "Last Updated"; Value = "21.02.2024 14:33:48"; VariantName = "[No Variations]"
Add component (AddParameter): Name = "LCSC Part Number"; Value = "C437557"; VariantName = "[No Variations]"
Add component (AddParameter): Name = "Live Cycle Status"; Value = "1"; VariantName = "[No Variations]"
Add component (AddParameter): Name = "Manufacturer"; Value = "TDK"; VariantName = "[No Variations]"
Add component (AddParameter): Name = "Manufacturer Part Number"; Value = "C2012X7R1H475K125AC"; VariantName = "[No Variations]"
Add component (AddParameter): Name = "Mounting Type"; Value = "SMD"; VariantName = "[No Variations]"
Add component (AddParameter): Name = "Operating Temperature"; Value = "-55 - 125°C"; VariantName = "[No Variations]"
Add component (AddParameter): Name = "PartID"; Value = "15"; VariantName = "[No Variations]"
Add component (AddParameter): Name = "Series"; Value = "C"; VariantName = "[No Variations]"
Add component (AddParameter): Name = "Stock number"; Value = "Labor SMD Container"; VariantName = "[No Variations]"
Add component (AddParameter): Name = "Supplier 1"; Value = "Mouser"; VariantName = "[No Variations]"
Add component (AddParameter): Name = "Supplier 2"; Value = "LCSC"; VariantName = "[No Variations]"
Add component (AddParameter): Name = "Supplier Part Number 1"; Value = "810-C2012X7R475K125C"; VariantName = "[No Variations]"
Add component (AddParameter): Name = "Supplier Part Number 2"; Value = "C437557"; VariantName = "[No Variations]"
Add component (AddParameter): Name = "Tolerance"; Value = "10 %"; VariantName = "[No Variations]"
Add component (AddParameter): Name = "Type"; Value = "Capacitor"; VariantName = "[No Variations]"
Add component (AddParameter): Name = "Value"; Value = "4.7 µF"; VariantName = "[No Variations]"
Add component (AddParameter): Name = "Voltage Rating"; Value = "50 VDC"; VariantName = "[No Variations]"
Added Component: Designator=C62A(C_0805)
Add component (AddParameter): Name = "Component Type"; Value = "Capacitor 0805"; VariantName = "[No Variations]"
Add component (AddParameter): Name = "ComponentLink1Description"; Value = "Datasheet"; VariantName = "[No Variations]"
Add component (AddParameter): Name = "ComponentLink1URL"; Value = "https://product.tdk.com/info/en/catalog/datasheets/mlcc_commercial_general_en.pdf"; VariantName = "[No Variations]"
Add component (AddParameter): Name = "Created from"; Value = "MGremer"; VariantName = "[No Variations]"
Add component (AddParameter): Name = "Created On"; Value = "20.12.2020 13:54:13"; VariantName = "[No Variations]"
Add component (AddParameter): Name = "Device Package"; Value = "0805"; VariantName = "[No Variations]"
Add component (AddParameter): Name = "Last Updated"; Value = "21.02.2024 14:33:48"; VariantName = "[No Variations]"
Add component (AddParameter): Name = "LCSC Part Number"; Value = "C437557"; VariantName = "[No Variations]"
Add component (AddParameter): Name = "Live Cycle Status"; Value = "1"; VariantName = "[No Variations]"
Add component (AddParameter): Name = "Manufacturer"; Value = "TDK"; VariantName = "[No Variations]"
Add component (AddParameter): Name = "Manufacturer Part Number"; Value = "C2012X7R1H475K125AC"; VariantName = "[No Variations]"
Add component (AddParameter): Name = "Mounting Type"; Value = "SMD"; VariantName = "[No Variations]"
Add component (AddParameter): Name = "Operating Temperature"; Value = "-55 - 125°C"; VariantName = "[No Variations]"
Add component (AddParameter): Name = "PartID"; Value = "15"; VariantName = "[No Variations]"
Add component (AddParameter): Name = "Series"; Value = "C"; VariantName = "[No Variations]"
Add component (AddParameter): Name = "Stock number"; Value = "Labor SMD Container"; VariantName = "[No Variations]"
Add component (AddParameter): Name = "Supplier 1"; Value = "Mouser"; VariantName = "[No Variations]"
Add component (AddParameter): Name = "Supplier 2"; Value = "LCSC"; VariantName = "[No Variations]"
Add component (AddParameter): Name = "Supplier Part Number 1"; Value = "810-C2012X7R475K125C"; VariantName = "[No Variations]"
Add component (AddParameter): Name = "Supplier Part Number 2"; Value = "C437557"; VariantName = "[No Variations]"
Add component (AddParameter): Name = "Tolerance"; Value = "10 %"; VariantName = "[No Variations]"
Add component (AddParameter): Name = "Type"; Value = "Capacitor"; VariantName = "[No Variations]"
Add component (AddParameter): Name = "Value"; Value = "4.7 µF"; VariantName = "[No Variations]"
Add component (AddParameter): Name = "Voltage Rating"; Value = "50 VDC"; VariantName = "[No Variations]"
Added Component: Designator=C62B(C_0805)
Add component (AddParameter): Name = "Component Type"; Value = "Capacitor 0805"; VariantName = "[No Variations]"
Add component (AddParameter): Name = "ComponentLink1Description"; Value = "Datasheet"; VariantName = "[No Variations]"
Add component (AddParameter): Name = "ComponentLink1URL"; Value = "https://product.tdk.com/info/en/catalog/datasheets/mlcc_commercial_general_en.pdf"; VariantName = "[No Variations]"
Add component (AddParameter): Name = "Created from"; Value = "MGremer"; VariantName = "[No Variations]"
Add component (AddParameter): Name = "Created On"; Value = "20.12.2020 13:54:13"; VariantName = "[No Variations]"
Add component (AddParameter): Name = "Device Package"; Value = "0805"; VariantName = "[No Variations]"
Add component (AddParameter): Name = "Last Updated"; Value = "21.02.2024 14:33:48"; VariantName = "[No Variations]"
Add component (AddParameter): Name = "LCSC Part Number"; Value = "C437557"; VariantName = "[No Variations]"
Add component (AddParameter): Name = "Live Cycle Status"; Value = "1"; VariantName = "[No Variations]"
Add component (AddParameter): Name = "Manufacturer"; Value = "TDK"; VariantName = "[No Variations]"
Add component (AddParameter): Name = "Manufacturer Part Number"; Value = "C2012X7R1H475K125AC"; VariantName = "[No Variations]"
Add component (AddParameter): Name = "Mounting Type"; Value = "SMD"; VariantName = "[No Variations]"
Add component (AddParameter): Name = "Operating Temperature"; Value = "-55 - 125°C"; VariantName = "[No Variations]"
Add component (AddParameter): Name = "PartID"; Value = "15"; VariantName = "[No Variations]"
Add component (AddParameter): Name = "Series"; Value = "C"; VariantName = "[No Variations]"
Add component (AddParameter): Name = "Stock number"; Value = "Labor SMD Container"; VariantName = "[No Variations]"
Add component (AddParameter): Name = "Supplier 1"; Value = "Mouser"; VariantName = "[No Variations]"
Add component (AddParameter): Name = "Supplier 2"; Value = "LCSC"; VariantName = "[No Variations]"
Add component (AddParameter): Name = "Supplier Part Number 1"; Value = "810-C2012X7R475K125C"; VariantName = "[No Variations]"
Add component (AddParameter): Name = "Supplier Part Number 2"; Value = "C437557"; VariantName = "[No Variations]"
Add component (AddParameter): Name = "Tolerance"; Value = "10 %"; VariantName = "[No Variations]"
Add component (AddParameter): Name = "Type"; Value = "Capacitor"; VariantName = "[No Variations]"
Add component (AddParameter): Name = "Value"; Value = "4.7 µF"; VariantName = "[No Variations]"
Add component (AddParameter): Name = "Voltage Rating"; Value = "50 VDC"; VariantName = "[No Variations]"
Added Component: Designator=C62C(C_0805)
Add component (AddParameter): Name = "Component Type"; Value = "Capacitor 0805"; VariantName = "[No Variations]"
Add component (AddParameter): Name = "ComponentLink1Description"; Value = "Datasheet"; VariantName = "[No Variations]"
Add component (AddParameter): Name = "ComponentLink1URL"; Value = "https://product.tdk.com/info/en/catalog/datasheets/mlcc_commercial_general_en.pdf"; VariantName = "[No Variations]"
Add component (AddParameter): Name = "Created from"; Value = "MGremer"; VariantName = "[No Variations]"
Add component (AddParameter): Name = "Created On"; Value = "20.12.2020 13:54:13"; VariantName = "[No Variations]"
Add component (AddParameter): Name = "Device Package"; Value = "0805"; VariantName = "[No Variations]"
Add component (AddParameter): Name = "Last Updated"; Value = "21.02.2024 14:33:48"; VariantName = "[No Variations]"
Add component (AddParameter): Name = "LCSC Part Number"; Value = "C437557"; VariantName = "[No Variations]"
Add component (AddParameter): Name = "Live Cycle Status"; Value = "1"; VariantName = "[No Variations]"
Add component (AddParameter): Name = "Manufacturer"; Value = "TDK"; VariantName = "[No Variations]"
Add component (AddParameter): Name = "Manufacturer Part Number"; Value = "C2012X7R1H475K125AC"; VariantName = "[No Variations]"
Add component (AddParameter): Name = "Mounting Type"; Value = "SMD"; VariantName = "[No Variations]"
Add component (AddParameter): Name = "Operating Temperature"; Value = "-55 - 125°C"; VariantName = "[No Variations]"
Add component (AddParameter): Name = "PartID"; Value = "15"; VariantName = "[No Variations]"
Add component (AddParameter): Name = "Series"; Value = "C"; VariantName = "[No Variations]"
Add component (AddParameter): Name = "Stock number"; Value = "Labor SMD Container"; VariantName = "[No Variations]"
Add component (AddParameter): Name = "Supplier 1"; Value = "Mouser"; VariantName = "[No Variations]"
Add component (AddParameter): Name = "Supplier 2"; Value = "LCSC"; VariantName = "[No Variations]"
Add component (AddParameter): Name = "Supplier Part Number 1"; Value = "810-C2012X7R475K125C"; VariantName = "[No Variations]"
Add component (AddParameter): Name = "Supplier Part Number 2"; Value = "C437557"; VariantName = "[No Variations]"
Add component (AddParameter): Name = "Tolerance"; Value = "10 %"; VariantName = "[No Variations]"
Add component (AddParameter): Name = "Type"; Value = "Capacitor"; VariantName = "[No Variations]"
Add component (AddParameter): Name = "Value"; Value = "4.7 µF"; VariantName = "[No Variations]"
Add component (AddParameter): Name = "Voltage Rating"; Value = "50 VDC"; VariantName = "[No Variations]"
Added Component: Designator=C63A(C_0805)
Add component (AddParameter): Name = "Component Type"; Value = "Capacitor 0805"; VariantName = "[No Variations]"
Add component (AddParameter): Name = "ComponentLink1Description"; Value = "Datasheet"; VariantName = "[No Variations]"
Add component (AddParameter): Name = "ComponentLink1URL"; Value = "https://product.tdk.com/info/en/catalog/datasheets/mlcc_commercial_general_en.pdf"; VariantName = "[No Variations]"
Add component (AddParameter): Name = "Created from"; Value = "MGremer"; VariantName = "[No Variations]"
Add component (AddParameter): Name = "Created On"; Value = "20.12.2020 13:54:13"; VariantName = "[No Variations]"
Add component (AddParameter): Name = "Device Package"; Value = "0805"; VariantName = "[No Variations]"
Add component (AddParameter): Name = "Last Updated"; Value = "21.02.2024 14:33:48"; VariantName = "[No Variations]"
Add component (AddParameter): Name = "LCSC Part Number"; Value = "C437557"; VariantName = "[No Variations]"
Add component (AddParameter): Name = "Live Cycle Status"; Value = "1"; VariantName = "[No Variations]"
Add component (AddParameter): Name = "Manufacturer"; Value = "TDK"; VariantName = "[No Variations]"
Add component (AddParameter): Name = "Manufacturer Part Number"; Value = "C2012X7R1H475K125AC"; VariantName = "[No Variations]"
Add component (AddParameter): Name = "Mounting Type"; Value = "SMD"; VariantName = "[No Variations]"
Add component (AddParameter): Name = "Operating Temperature"; Value = "-55 - 125°C"; VariantName = "[No Variations]"
Add component (AddParameter): Name = "PartID"; Value = "15"; VariantName = "[No Variations]"
Add component (AddParameter): Name = "Series"; Value = "C"; VariantName = "[No Variations]"
Add component (AddParameter): Name = "Stock number"; Value = "Labor SMD Container"; VariantName = "[No Variations]"
Add component (AddParameter): Name = "Supplier 1"; Value = "Mouser"; VariantName = "[No Variations]"
Add component (AddParameter): Name = "Supplier 2"; Value = "LCSC"; VariantName = "[No Variations]"
Add component (AddParameter): Name = "Supplier Part Number 1"; Value = "810-C2012X7R475K125C"; VariantName = "[No Variations]"
Add component (AddParameter): Name = "Supplier Part Number 2"; Value = "C437557"; VariantName = "[No Variations]"
Add component (AddParameter): Name = "Tolerance"; Value = "10 %"; VariantName = "[No Variations]"
Add component (AddParameter): Name = "Type"; Value = "Capacitor"; VariantName = "[No Variations]"
Add component (AddParameter): Name = "Value"; Value = "4.7 µF"; VariantName = "[No Variations]"
Add component (AddParameter): Name = "Voltage Rating"; Value = "50 VDC"; VariantName = "[No Variations]"
Added Component: Designator=C63B(C_0805)
Add component (AddParameter): Name = "Component Type"; Value = "Capacitor 0805"; VariantName = "[No Variations]"
Add component (AddParameter): Name = "ComponentLink1Description"; Value = "Datasheet"; VariantName = "[No Variations]"
Add component (AddParameter): Name = "ComponentLink1URL"; Value = "https://product.tdk.com/info/en/catalog/datasheets/mlcc_commercial_general_en.pdf"; VariantName = "[No Variations]"
Add component (AddParameter): Name = "Created from"; Value = "MGremer"; VariantName = "[No Variations]"
Add component (AddParameter): Name = "Created On"; Value = "20.12.2020 13:54:13"; VariantName = "[No Variations]"
Add component (AddParameter): Name = "Device Package"; Value = "0805"; VariantName = "[No Variations]"
Add component (AddParameter): Name = "Last Updated"; Value = "21.02.2024 14:33:48"; VariantName = "[No Variations]"
Add component (AddParameter): Name = "LCSC Part Number"; Value = "C437557"; VariantName = "[No Variations]"
Add component (AddParameter): Name = "Live Cycle Status"; Value = "1"; VariantName = "[No Variations]"
Add component (AddParameter): Name = "Manufacturer"; Value = "TDK"; VariantName = "[No Variations]"
Add component (AddParameter): Name = "Manufacturer Part Number"; Value = "C2012X7R1H475K125AC"; VariantName = "[No Variations]"
Add component (AddParameter): Name = "Mounting Type"; Value = "SMD"; VariantName = "[No Variations]"
Add component (AddParameter): Name = "Operating Temperature"; Value = "-55 - 125°C"; VariantName = "[No Variations]"
Add component (AddParameter): Name = "PartID"; Value = "15"; VariantName = "[No Variations]"
Add component (AddParameter): Name = "Series"; Value = "C"; VariantName = "[No Variations]"
Add component (AddParameter): Name = "Stock number"; Value = "Labor SMD Container"; VariantName = "[No Variations]"
Add component (AddParameter): Name = "Supplier 1"; Value = "Mouser"; VariantName = "[No Variations]"
Add component (AddParameter): Name = "Supplier 2"; Value = "LCSC"; VariantName = "[No Variations]"
Add component (AddParameter): Name = "Supplier Part Number 1"; Value = "810-C2012X7R475K125C"; VariantName = "[No Variations]"
Add component (AddParameter): Name = "Supplier Part Number 2"; Value = "C437557"; VariantName = "[No Variations]"
Add component (AddParameter): Name = "Tolerance"; Value = "10 %"; VariantName = "[No Variations]"
Add component (AddParameter): Name = "Type"; Value = "Capacitor"; VariantName = "[No Variations]"
Add component (AddParameter): Name = "Value"; Value = "4.7 µF"; VariantName = "[No Variations]"
Add component (AddParameter): Name = "Voltage Rating"; Value = "50 VDC"; VariantName = "[No Variations]"
Added Component: Designator=C63C(C_0805)
Add component (AddParameter): Name = "Component Type"; Value = "Capacitor 0805"; VariantName = "[No Variations]"
Add component (AddParameter): Name = "ComponentLink1Description"; Value = "Datasheet"; VariantName = "[No Variations]"
Add component (AddParameter): Name = "ComponentLink1URL"; Value = "https://product.tdk.com/info/en/catalog/datasheets/mlcc_commercial_general_en.pdf"; VariantName = "[No Variations]"
Add component (AddParameter): Name = "Created from"; Value = "MGremer"; VariantName = "[No Variations]"
Add component (AddParameter): Name = "Created On"; Value = "20.12.2020 13:54:13"; VariantName = "[No Variations]"
Add component (AddParameter): Name = "Device Package"; Value = "0805"; VariantName = "[No Variations]"
Add component (AddParameter): Name = "Last Updated"; Value = "21.02.2024 14:33:48"; VariantName = "[No Variations]"
Add component (AddParameter): Name = "LCSC Part Number"; Value = "C437557"; VariantName = "[No Variations]"
Add component (AddParameter): Name = "Live Cycle Status"; Value = "1"; VariantName = "[No Variations]"
Add component (AddParameter): Name = "Manufacturer"; Value = "TDK"; VariantName = "[No Variations]"
Add component (AddParameter): Name = "Manufacturer Part Number"; Value = "C2012X7R1H475K125AC"; VariantName = "[No Variations]"
Add component (AddParameter): Name = "Mounting Type"; Value = "SMD"; VariantName = "[No Variations]"
Add component (AddParameter): Name = "Operating Temperature"; Value = "-55 - 125°C"; VariantName = "[No Variations]"
Add component (AddParameter): Name = "PartID"; Value = "15"; VariantName = "[No Variations]"
Add component (AddParameter): Name = "Series"; Value = "C"; VariantName = "[No Variations]"
Add component (AddParameter): Name = "Stock number"; Value = "Labor SMD Container"; VariantName = "[No Variations]"
Add component (AddParameter): Name = "Supplier 1"; Value = "Mouser"; VariantName = "[No Variations]"
Add component (AddParameter): Name = "Supplier 2"; Value = "LCSC"; VariantName = "[No Variations]"
Add component (AddParameter): Name = "Supplier Part Number 1"; Value = "810-C2012X7R475K125C"; VariantName = "[No Variations]"
Add component (AddParameter): Name = "Supplier Part Number 2"; Value = "C437557"; VariantName = "[No Variations]"
Add component (AddParameter): Name = "Tolerance"; Value = "10 %"; VariantName = "[No Variations]"
Add component (AddParameter): Name = "Type"; Value = "Capacitor"; VariantName = "[No Variations]"
Add component (AddParameter): Name = "Value"; Value = "4.7 µF"; VariantName = "[No Variations]"
Add component (AddParameter): Name = "Voltage Rating"; Value = "50 VDC"; VariantName = "[No Variations]"
Added Component: Designator=C64A(C_0603)
Add component (AddParameter): Name = "Component Type"; Value = "Capacitor 0603"; VariantName = "[No Variations]"
Add component (AddParameter): Name = "ComponentLink1Description"; Value = "Datasheet"; VariantName = "[No Variations]"
Add component (AddParameter): Name = "ComponentLink1URL"; Value = "https://product.tdk.com/system/files/dam/doc/product/capacitor/ceramic/mlcc/catalog/mlcc_commercial_general_en.pdf?ref_disty=mouser"; VariantName = "[No Variations]"
Add component (AddParameter): Name = "Created from"; Value = "DHufnagel"; VariantName = "[No Variations]"
Add component (AddParameter): Name = "Created On"; Value = "20.07.2022 09:02:16"; VariantName = "[No Variations]"
Add component (AddParameter): Name = "Device Package"; Value = "0603"; VariantName = "[No Variations]"
Add component (AddParameter): Name = "Last Updated"; Value = "20.07.2022 09:02:16"; VariantName = "[No Variations]"
Add component (AddParameter): Name = "LCSC Part Number"; Value = "C2929194"; VariantName = "[No Variations]"
Add component (AddParameter): Name = "Live Cycle Status"; Value = "1"; VariantName = "[No Variations]"
Add component (AddParameter): Name = "Manufacturer"; Value = "TDK"; VariantName = "[No Variations]"
Add component (AddParameter): Name = "Manufacturer Part Number"; Value = "C1608X5R1E225K080AB"; VariantName = "[No Variations]"
Add component (AddParameter): Name = "Mounting Type"; Value = "SMD"; VariantName = "[No Variations]"
Add component (AddParameter): Name = "Operating Temperature"; Value = "-55 - 85°C"; VariantName = "[No Variations]"
Add component (AddParameter): Name = "PartID"; Value = "96"; VariantName = "[No Variations]"
Add component (AddParameter): Name = "Series"; Value = "X5R"; VariantName = "[No Variations]"
Add component (AddParameter): Name = "Stock number"; Value = "not stored"; VariantName = "[No Variations]"
Add component (AddParameter): Name = "Supplier 1"; Value = "Mouser"; VariantName = "[No Variations]"
Add component (AddParameter): Name = "Supplier 2"; Value = "LCSC"; VariantName = "[No Variations]"
Add component (AddParameter): Name = "Supplier Part Number 1"; Value = "810-C1608X5R1E225K"; VariantName = "[No Variations]"
Add component (AddParameter): Name = "Supplier Part Number 2"; Value = "C2929194"; VariantName = "[No Variations]"
Add component (AddParameter): Name = "Tolerance"; Value = "10 %"; VariantName = "[No Variations]"
Add component (AddParameter): Name = "Type"; Value = "Capacitor"; VariantName = "[No Variations]"
Add component (AddParameter): Name = "Value"; Value = "2.2 uF"; VariantName = "[No Variations]"
Add component (AddParameter): Name = "Voltage Rating"; Value = "25VDC"; VariantName = "[No Variations]"
Added Component: Designator=C64B(C_0603)
Add component (AddParameter): Name = "Component Type"; Value = "Capacitor 0603"; VariantName = "[No Variations]"
Add component (AddParameter): Name = "ComponentLink1Description"; Value = "Datasheet"; VariantName = "[No Variations]"
Add component (AddParameter): Name = "ComponentLink1URL"; Value = "https://product.tdk.com/system/files/dam/doc/product/capacitor/ceramic/mlcc/catalog/mlcc_commercial_general_en.pdf?ref_disty=mouser"; VariantName = "[No Variations]"
Add component (AddParameter): Name = "Created from"; Value = "DHufnagel"; VariantName = "[No Variations]"
Add component (AddParameter): Name = "Created On"; Value = "20.07.2022 09:02:16"; VariantName = "[No Variations]"
Add component (AddParameter): Name = "Device Package"; Value = "0603"; VariantName = "[No Variations]"
Add component (AddParameter): Name = "Last Updated"; Value = "20.07.2022 09:02:16"; VariantName = "[No Variations]"
Add component (AddParameter): Name = "LCSC Part Number"; Value = "C2929194"; VariantName = "[No Variations]"
Add component (AddParameter): Name = "Live Cycle Status"; Value = "1"; VariantName = "[No Variations]"
Add component (AddParameter): Name = "Manufacturer"; Value = "TDK"; VariantName = "[No Variations]"
Add component (AddParameter): Name = "Manufacturer Part Number"; Value = "C1608X5R1E225K080AB"; VariantName = "[No Variations]"
Add component (AddParameter): Name = "Mounting Type"; Value = "SMD"; VariantName = "[No Variations]"
Add component (AddParameter): Name = "Operating Temperature"; Value = "-55 - 85°C"; VariantName = "[No Variations]"
Add component (AddParameter): Name = "PartID"; Value = "96"; VariantName = "[No Variations]"
Add component (AddParameter): Name = "Series"; Value = "X5R"; VariantName = "[No Variations]"
Add component (AddParameter): Name = "Stock number"; Value = "not stored"; VariantName = "[No Variations]"
Add component (AddParameter): Name = "Supplier 1"; Value = "Mouser"; VariantName = "[No Variations]"
Add component (AddParameter): Name = "Supplier 2"; Value = "LCSC"; VariantName = "[No Variations]"
Add component (AddParameter): Name = "Supplier Part Number 1"; Value = "810-C1608X5R1E225K"; VariantName = "[No Variations]"
Add component (AddParameter): Name = "Supplier Part Number 2"; Value = "C2929194"; VariantName = "[No Variations]"
Add component (AddParameter): Name = "Tolerance"; Value = "10 %"; VariantName = "[No Variations]"
Add component (AddParameter): Name = "Type"; Value = "Capacitor"; VariantName = "[No Variations]"
Add component (AddParameter): Name = "Value"; Value = "2.2 uF"; VariantName = "[No Variations]"
Add component (AddParameter): Name = "Voltage Rating"; Value = "25VDC"; VariantName = "[No Variations]"
Added Component: Designator=C64C(C_0603)
Add component (AddParameter): Name = "Component Type"; Value = "Capacitor 0603"; VariantName = "[No Variations]"
Add component (AddParameter): Name = "ComponentLink1Description"; Value = "Datasheet"; VariantName = "[No Variations]"
Add component (AddParameter): Name = "ComponentLink1URL"; Value = "https://product.tdk.com/system/files/dam/doc/product/capacitor/ceramic/mlcc/catalog/mlcc_commercial_general_en.pdf?ref_disty=mouser"; VariantName = "[No Variations]"
Add component (AddParameter): Name = "Created from"; Value = "DHufnagel"; VariantName = "[No Variations]"
Add component (AddParameter): Name = "Created On"; Value = "20.07.2022 09:02:16"; VariantName = "[No Variations]"
Add component (AddParameter): Name = "Device Package"; Value = "0603"; VariantName = "[No Variations]"
Add component (AddParameter): Name = "Last Updated"; Value = "20.07.2022 09:02:16"; VariantName = "[No Variations]"
Add component (AddParameter): Name = "LCSC Part Number"; Value = "C2929194"; VariantName = "[No Variations]"
Add component (AddParameter): Name = "Live Cycle Status"; Value = "1"; VariantName = "[No Variations]"
Add component (AddParameter): Name = "Manufacturer"; Value = "TDK"; VariantName = "[No Variations]"
Add component (AddParameter): Name = "Manufacturer Part Number"; Value = "C1608X5R1E225K080AB"; VariantName = "[No Variations]"
Add component (AddParameter): Name = "Mounting Type"; Value = "SMD"; VariantName = "[No Variations]"
Add component (AddParameter): Name = "Operating Temperature"; Value = "-55 - 85°C"; VariantName = "[No Variations]"
Add component (AddParameter): Name = "PartID"; Value = "96"; VariantName = "[No Variations]"
Add component (AddParameter): Name = "Series"; Value = "X5R"; VariantName = "[No Variations]"
Add component (AddParameter): Name = "Stock number"; Value = "not stored"; VariantName = "[No Variations]"
Add component (AddParameter): Name = "Supplier 1"; Value = "Mouser"; VariantName = "[No Variations]"
Add component (AddParameter): Name = "Supplier 2"; Value = "LCSC"; VariantName = "[No Variations]"
Add component (AddParameter): Name = "Supplier Part Number 1"; Value = "810-C1608X5R1E225K"; VariantName = "[No Variations]"
Add component (AddParameter): Name = "Supplier Part Number 2"; Value = "C2929194"; VariantName = "[No Variations]"
Add component (AddParameter): Name = "Tolerance"; Value = "10 %"; VariantName = "[No Variations]"
Add component (AddParameter): Name = "Type"; Value = "Capacitor"; VariantName = "[No Variations]"
Add component (AddParameter): Name = "Value"; Value = "2.2 uF"; VariantName = "[No Variations]"
Add component (AddParameter): Name = "Voltage Rating"; Value = "25VDC"; VariantName = "[No Variations]"
Added Component: Designator=C65A(C_0603)
Add component (AddParameter): Name = "Component Type"; Value = "Capacitor 0603"; VariantName = "[No Variations]"
Add component (AddParameter): Name = "ComponentLink1Description"; Value = "Datasheet"; VariantName = "[No Variations]"
Add component (AddParameter): Name = "ComponentLink1URL"; Value = "https://product.tdk.com/system/files/dam/doc/product/capacitor/ceramic/mlcc/catalog/mlcc_commercial_general_en.pdf?ref_disty=mouser"; VariantName = "[No Variations]"
Add component (AddParameter): Name = "Created from"; Value = "DHufnagel"; VariantName = "[No Variations]"
Add component (AddParameter): Name = "Created On"; Value = "20.07.2022 09:02:16"; VariantName = "[No Variations]"
Add component (AddParameter): Name = "Device Package"; Value = "0603"; VariantName = "[No Variations]"
Add component (AddParameter): Name = "Last Updated"; Value = "20.07.2022 09:02:16"; VariantName = "[No Variations]"
Add component (AddParameter): Name = "LCSC Part Number"; Value = "C2929194"; VariantName = "[No Variations]"
Add component (AddParameter): Name = "Live Cycle Status"; Value = "1"; VariantName = "[No Variations]"
Add component (AddParameter): Name = "Manufacturer"; Value = "TDK"; VariantName = "[No Variations]"
Add component (AddParameter): Name = "Manufacturer Part Number"; Value = "C1608X5R1E225K080AB"; VariantName = "[No Variations]"
Add component (AddParameter): Name = "Mounting Type"; Value = "SMD"; VariantName = "[No Variations]"
Add component (AddParameter): Name = "Operating Temperature"; Value = "-55 - 85°C"; VariantName = "[No Variations]"
Add component (AddParameter): Name = "PartID"; Value = "96"; VariantName = "[No Variations]"
Add component (AddParameter): Name = "Series"; Value = "X5R"; VariantName = "[No Variations]"
Add component (AddParameter): Name = "Stock number"; Value = "not stored"; VariantName = "[No Variations]"
Add component (AddParameter): Name = "Supplier 1"; Value = "Mouser"; VariantName = "[No Variations]"
Add component (AddParameter): Name = "Supplier 2"; Value = "LCSC"; VariantName = "[No Variations]"
Add component (AddParameter): Name = "Supplier Part Number 1"; Value = "810-C1608X5R1E225K"; VariantName = "[No Variations]"
Add component (AddParameter): Name = "Supplier Part Number 2"; Value = "C2929194"; VariantName = "[No Variations]"
Add component (AddParameter): Name = "Tolerance"; Value = "10 %"; VariantName = "[No Variations]"
Add component (AddParameter): Name = "Type"; Value = "Capacitor"; VariantName = "[No Variations]"
Add component (AddParameter): Name = "Value"; Value = "2.2 uF"; VariantName = "[No Variations]"
Add component (AddParameter): Name = "Voltage Rating"; Value = "25VDC"; VariantName = "[No Variations]"
Added Component: Designator=C65B(C_0603)
Add component (AddParameter): Name = "Component Type"; Value = "Capacitor 0603"; VariantName = "[No Variations]"
Add component (AddParameter): Name = "ComponentLink1Description"; Value = "Datasheet"; VariantName = "[No Variations]"
Add component (AddParameter): Name = "ComponentLink1URL"; Value = "https://product.tdk.com/system/files/dam/doc/product/capacitor/ceramic/mlcc/catalog/mlcc_commercial_general_en.pdf?ref_disty=mouser"; VariantName = "[No Variations]"
Add component (AddParameter): Name = "Created from"; Value = "DHufnagel"; VariantName = "[No Variations]"
Add component (AddParameter): Name = "Created On"; Value = "20.07.2022 09:02:16"; VariantName = "[No Variations]"
Add component (AddParameter): Name = "Device Package"; Value = "0603"; VariantName = "[No Variations]"
Add component (AddParameter): Name = "Last Updated"; Value = "20.07.2022 09:02:16"; VariantName = "[No Variations]"
Add component (AddParameter): Name = "LCSC Part Number"; Value = "C2929194"; VariantName = "[No Variations]"
Add component (AddParameter): Name = "Live Cycle Status"; Value = "1"; VariantName = "[No Variations]"
Add component (AddParameter): Name = "Manufacturer"; Value = "TDK"; VariantName = "[No Variations]"
Add component (AddParameter): Name = "Manufacturer Part Number"; Value = "C1608X5R1E225K080AB"; VariantName = "[No Variations]"
Add component (AddParameter): Name = "Mounting Type"; Value = "SMD"; VariantName = "[No Variations]"
Add component (AddParameter): Name = "Operating Temperature"; Value = "-55 - 85°C"; VariantName = "[No Variations]"
Add component (AddParameter): Name = "PartID"; Value = "96"; VariantName = "[No Variations]"
Add component (AddParameter): Name = "Series"; Value = "X5R"; VariantName = "[No Variations]"
Add component (AddParameter): Name = "Stock number"; Value = "not stored"; VariantName = "[No Variations]"
Add component (AddParameter): Name = "Supplier 1"; Value = "Mouser"; VariantName = "[No Variations]"
Add component (AddParameter): Name = "Supplier 2"; Value = "LCSC"; VariantName = "[No Variations]"
Add component (AddParameter): Name = "Supplier Part Number 1"; Value = "810-C1608X5R1E225K"; VariantName = "[No Variations]"
Add component (AddParameter): Name = "Supplier Part Number 2"; Value = "C2929194"; VariantName = "[No Variations]"
Add component (AddParameter): Name = "Tolerance"; Value = "10 %"; VariantName = "[No Variations]"
Add component (AddParameter): Name = "Type"; Value = "Capacitor"; VariantName = "[No Variations]"
Add component (AddParameter): Name = "Value"; Value = "2.2 uF"; VariantName = "[No Variations]"
Add component (AddParameter): Name = "Voltage Rating"; Value = "25VDC"; VariantName = "[No Variations]"
Added Component: Designator=C65C(C_0603)
Add component (AddParameter): Name = "Component Type"; Value = "Capacitor 0603"; VariantName = "[No Variations]"
Add component (AddParameter): Name = "ComponentLink1Description"; Value = "Datasheet"; VariantName = "[No Variations]"
Add component (AddParameter): Name = "ComponentLink1URL"; Value = "https://product.tdk.com/system/files/dam/doc/product/capacitor/ceramic/mlcc/catalog/mlcc_commercial_general_en.pdf?ref_disty=mouser"; VariantName = "[No Variations]"
Add component (AddParameter): Name = "Created from"; Value = "DHufnagel"; VariantName = "[No Variations]"
Add component (AddParameter): Name = "Created On"; Value = "20.07.2022 09:02:16"; VariantName = "[No Variations]"
Add component (AddParameter): Name = "Device Package"; Value = "0603"; VariantName = "[No Variations]"
Add component (AddParameter): Name = "Last Updated"; Value = "20.07.2022 09:02:16"; VariantName = "[No Variations]"
Add component (AddParameter): Name = "LCSC Part Number"; Value = "C2929194"; VariantName = "[No Variations]"
Add component (AddParameter): Name = "Live Cycle Status"; Value = "1"; VariantName = "[No Variations]"
Add component (AddParameter): Name = "Manufacturer"; Value = "TDK"; VariantName = "[No Variations]"
Add component (AddParameter): Name = "Manufacturer Part Number"; Value = "C1608X5R1E225K080AB"; VariantName = "[No Variations]"
Add component (AddParameter): Name = "Mounting Type"; Value = "SMD"; VariantName = "[No Variations]"
Add component (AddParameter): Name = "Operating Temperature"; Value = "-55 - 85°C"; VariantName = "[No Variations]"
Add component (AddParameter): Name = "PartID"; Value = "96"; VariantName = "[No Variations]"
Add component (AddParameter): Name = "Series"; Value = "X5R"; VariantName = "[No Variations]"
Add component (AddParameter): Name = "Stock number"; Value = "not stored"; VariantName = "[No Variations]"
Add component (AddParameter): Name = "Supplier 1"; Value = "Mouser"; VariantName = "[No Variations]"
Add component (AddParameter): Name = "Supplier 2"; Value = "LCSC"; VariantName = "[No Variations]"
Add component (AddParameter): Name = "Supplier Part Number 1"; Value = "810-C1608X5R1E225K"; VariantName = "[No Variations]"
Add component (AddParameter): Name = "Supplier Part Number 2"; Value = "C2929194"; VariantName = "[No Variations]"
Add component (AddParameter): Name = "Tolerance"; Value = "10 %"; VariantName = "[No Variations]"
Add component (AddParameter): Name = "Type"; Value = "Capacitor"; VariantName = "[No Variations]"
Add component (AddParameter): Name = "Value"; Value = "2.2 uF"; VariantName = "[No Variations]"
Add component (AddParameter): Name = "Voltage Rating"; Value = "25VDC"; VariantName = "[No Variations]"
Added Component: Designator=C66A(C_0603)
Add component (AddParameter): Name = "Component Type"; Value = "Capacitor 0603"; VariantName = "[No Variations]"
Add component (AddParameter): Name = "ComponentLink1Description"; Value = "Datasheet"; VariantName = "[No Variations]"
Add component (AddParameter): Name = "ComponentLink1URL"; Value = "https://datasheet.lcsc.com/lcsc/2304140030_TDK-C1608X7S2A104KT000N_C343025.pdf"; VariantName = "[No Variations]"
Add component (AddParameter): Name = "Created from"; Value = "AGeiger"; VariantName = "[No Variations]"
Add component (AddParameter): Name = "Created On"; Value = "20.12.2020 13:54:13"; VariantName = "[No Variations]"
Add component (AddParameter): Name = "Device Package"; Value = "0603"; VariantName = "[No Variations]"
Add component (AddParameter): Name = "Last Updated"; Value = "14.12.2022 12:14:21"; VariantName = "[No Variations]"
Add component (AddParameter): Name = "LCSC Part Number"; Value = "C343025"; VariantName = "[No Variations]"
Add component (AddParameter): Name = "Live Cycle Status"; Value = "1"; VariantName = "[No Variations]"
Add component (AddParameter): Name = "Manufacturer"; Value = "TDK"; VariantName = "[No Variations]"
Add component (AddParameter): Name = "Manufacturer Part Number"; Value = "C1608X7S2A104KT000N"; VariantName = "[No Variations]"
Add component (AddParameter): Name = "Mounting Type"; Value = "SMD"; VariantName = "[No Variations]"
Add component (AddParameter): Name = "Operating Temperature"; Value = "-55 to 125°C"; VariantName = "[No Variations]"
Add component (AddParameter): Name = "PartID"; Value = "148"; VariantName = "[No Variations]"
Add component (AddParameter): Name = "Series"; Value = "X7R"; VariantName = "[No Variations]"
Add component (AddParameter): Name = "Stock number"; Value = "not stored"; VariantName = "[No Variations]"
Add component (AddParameter): Name = "Supplier 1"; Value = "LCSC"; VariantName = "[No Variations]"
Add component (AddParameter): Name = "Supplier Part Number 1"; Value = "C343025"; VariantName = "[No Variations]"
Add component (AddParameter): Name = "Tolerance"; Value = "10 %"; VariantName = "[No Variations]"
Add component (AddParameter): Name = "Type"; Value = "Capacitor"; VariantName = "[No Variations]"
Add component (AddParameter): Name = "Value"; Value = "100 nF"; VariantName = "[No Variations]"
Add component (AddParameter): Name = "Voltage Rating"; Value = "100 VDC"; VariantName = "[No Variations]"
Added Component: Designator=C66B(C_0603)
Add component (AddParameter): Name = "Component Type"; Value = "Capacitor 0603"; VariantName = "[No Variations]"
Add component (AddParameter): Name = "ComponentLink1Description"; Value = "Datasheet"; VariantName = "[No Variations]"
Add component (AddParameter): Name = "ComponentLink1URL"; Value = "https://datasheet.lcsc.com/lcsc/2304140030_TDK-C1608X7S2A104KT000N_C343025.pdf"; VariantName = "[No Variations]"
Add component (AddParameter): Name = "Created from"; Value = "AGeiger"; VariantName = "[No Variations]"
Add component (AddParameter): Name = "Created On"; Value = "20.12.2020 13:54:13"; VariantName = "[No Variations]"
Add component (AddParameter): Name = "Device Package"; Value = "0603"; VariantName = "[No Variations]"
Add component (AddParameter): Name = "Last Updated"; Value = "14.12.2022 12:14:21"; VariantName = "[No Variations]"
Add component (AddParameter): Name = "LCSC Part Number"; Value = "C343025"; VariantName = "[No Variations]"
Add component (AddParameter): Name = "Live Cycle Status"; Value = "1"; VariantName = "[No Variations]"
Add component (AddParameter): Name = "Manufacturer"; Value = "TDK"; VariantName = "[No Variations]"
Add component (AddParameter): Name = "Manufacturer Part Number"; Value = "C1608X7S2A104KT000N"; VariantName = "[No Variations]"
Add component (AddParameter): Name = "Mounting Type"; Value = "SMD"; VariantName = "[No Variations]"
Add component (AddParameter): Name = "Operating Temperature"; Value = "-55 to 125°C"; VariantName = "[No Variations]"
Add component (AddParameter): Name = "PartID"; Value = "148"; VariantName = "[No Variations]"
Add component (AddParameter): Name = "Series"; Value = "X7R"; VariantName = "[No Variations]"
Add component (AddParameter): Name = "Stock number"; Value = "not stored"; VariantName = "[No Variations]"
Add component (AddParameter): Name = "Supplier 1"; Value = "LCSC"; VariantName = "[No Variations]"
Add component (AddParameter): Name = "Supplier Part Number 1"; Value = "C343025"; VariantName = "[No Variations]"
Add component (AddParameter): Name = "Tolerance"; Value = "10 %"; VariantName = "[No Variations]"
Add component (AddParameter): Name = "Type"; Value = "Capacitor"; VariantName = "[No Variations]"
Add component (AddParameter): Name = "Value"; Value = "100 nF"; VariantName = "[No Variations]"
Add component (AddParameter): Name = "Voltage Rating"; Value = "100 VDC"; VariantName = "[No Variations]"
Added Component: Designator=C66C(C_0603)
Add component (AddParameter): Name = "Component Type"; Value = "Capacitor 0603"; VariantName = "[No Variations]"
Add component (AddParameter): Name = "ComponentLink1Description"; Value = "Datasheet"; VariantName = "[No Variations]"
Add component (AddParameter): Name = "ComponentLink1URL"; Value = "https://datasheet.lcsc.com/lcsc/2304140030_TDK-C1608X7S2A104KT000N_C343025.pdf"; VariantName = "[No Variations]"
Add component (AddParameter): Name = "Created from"; Value = "AGeiger"; VariantName = "[No Variations]"
Add component (AddParameter): Name = "Created On"; Value = "20.12.2020 13:54:13"; VariantName = "[No Variations]"
Add component (AddParameter): Name = "Device Package"; Value = "0603"; VariantName = "[No Variations]"
Add component (AddParameter): Name = "Last Updated"; Value = "14.12.2022 12:14:21"; VariantName = "[No Variations]"
Add component (AddParameter): Name = "LCSC Part Number"; Value = "C343025"; VariantName = "[No Variations]"
Add component (AddParameter): Name = "Live Cycle Status"; Value = "1"; VariantName = "[No Variations]"
Add component (AddParameter): Name = "Manufacturer"; Value = "TDK"; VariantName = "[No Variations]"
Add component (AddParameter): Name = "Manufacturer Part Number"; Value = "C1608X7S2A104KT000N"; VariantName = "[No Variations]"
Add component (AddParameter): Name = "Mounting Type"; Value = "SMD"; VariantName = "[No Variations]"
Add component (AddParameter): Name = "Operating Temperature"; Value = "-55 to 125°C"; VariantName = "[No Variations]"
Add component (AddParameter): Name = "PartID"; Value = "148"; VariantName = "[No Variations]"
Add component (AddParameter): Name = "Series"; Value = "X7R"; VariantName = "[No Variations]"
Add component (AddParameter): Name = "Stock number"; Value = "not stored"; VariantName = "[No Variations]"
Add component (AddParameter): Name = "Supplier 1"; Value = "LCSC"; VariantName = "[No Variations]"
Add component (AddParameter): Name = "Supplier Part Number 1"; Value = "C343025"; VariantName = "[No Variations]"
Add component (AddParameter): Name = "Tolerance"; Value = "10 %"; VariantName = "[No Variations]"
Add component (AddParameter): Name = "Type"; Value = "Capacitor"; VariantName = "[No Variations]"
Add component (AddParameter): Name = "Value"; Value = "100 nF"; VariantName = "[No Variations]"
Add component (AddParameter): Name = "Voltage Rating"; Value = "100 VDC"; VariantName = "[No Variations]"
Added Component: Designator=C67A(C_0603)
Add component (AddParameter): Name = "Component Type"; Value = "Capacitor 0603"; VariantName = "[No Variations]"
Add component (AddParameter): Name = "ComponentLink1Description"; Value = "Datasheet"; VariantName = "[No Variations]"
Add component (AddParameter): Name = "ComponentLink1URL"; Value = "https://datasheet.lcsc.com/lcsc/2304140030_TDK-C1608X7S2A104KT000N_C343025.pdf"; VariantName = "[No Variations]"
Add component (AddParameter): Name = "Created from"; Value = "AGeiger"; VariantName = "[No Variations]"
Add component (AddParameter): Name = "Created On"; Value = "20.12.2020 13:54:13"; VariantName = "[No Variations]"
Add component (AddParameter): Name = "Device Package"; Value = "0603"; VariantName = "[No Variations]"
Add component (AddParameter): Name = "Last Updated"; Value = "14.12.2022 12:14:21"; VariantName = "[No Variations]"
Add component (AddParameter): Name = "LCSC Part Number"; Value = "C343025"; VariantName = "[No Variations]"
Add component (AddParameter): Name = "Live Cycle Status"; Value = "1"; VariantName = "[No Variations]"
Add component (AddParameter): Name = "Manufacturer"; Value = "TDK"; VariantName = "[No Variations]"
Add component (AddParameter): Name = "Manufacturer Part Number"; Value = "C1608X7S2A104KT000N"; VariantName = "[No Variations]"
Add component (AddParameter): Name = "Mounting Type"; Value = "SMD"; VariantName = "[No Variations]"
Add component (AddParameter): Name = "Operating Temperature"; Value = "-55 to 125°C"; VariantName = "[No Variations]"
Add component (AddParameter): Name = "PartID"; Value = "148"; VariantName = "[No Variations]"
Add component (AddParameter): Name = "Series"; Value = "X7R"; VariantName = "[No Variations]"
Add component (AddParameter): Name = "Stock number"; Value = "not stored"; VariantName = "[No Variations]"
Add component (AddParameter): Name = "Supplier 1"; Value = "LCSC"; VariantName = "[No Variations]"
Add component (AddParameter): Name = "Supplier Part Number 1"; Value = "C343025"; VariantName = "[No Variations]"
Add component (AddParameter): Name = "Tolerance"; Value = "10 %"; VariantName = "[No Variations]"
Add component (AddParameter): Name = "Type"; Value = "Capacitor"; VariantName = "[No Variations]"
Add component (AddParameter): Name = "Value"; Value = "100 nF"; VariantName = "[No Variations]"
Add component (AddParameter): Name = "Voltage Rating"; Value = "100 VDC"; VariantName = "[No Variations]"
Added Component: Designator=C67B(C_0603)
Add component (AddParameter): Name = "Component Type"; Value = "Capacitor 0603"; VariantName = "[No Variations]"
Add component (AddParameter): Name = "ComponentLink1Description"; Value = "Datasheet"; VariantName = "[No Variations]"
Add component (AddParameter): Name = "ComponentLink1URL"; Value = "https://datasheet.lcsc.com/lcsc/2304140030_TDK-C1608X7S2A104KT000N_C343025.pdf"; VariantName = "[No Variations]"
Add component (AddParameter): Name = "Created from"; Value = "AGeiger"; VariantName = "[No Variations]"
Add component (AddParameter): Name = "Created On"; Value = "20.12.2020 13:54:13"; VariantName = "[No Variations]"
Add component (AddParameter): Name = "Device Package"; Value = "0603"; VariantName = "[No Variations]"
Add component (AddParameter): Name = "Last Updated"; Value = "14.12.2022 12:14:21"; VariantName = "[No Variations]"
Add component (AddParameter): Name = "LCSC Part Number"; Value = "C343025"; VariantName = "[No Variations]"
Add component (AddParameter): Name = "Live Cycle Status"; Value = "1"; VariantName = "[No Variations]"
Add component (AddParameter): Name = "Manufacturer"; Value = "TDK"; VariantName = "[No Variations]"
Add component (AddParameter): Name = "Manufacturer Part Number"; Value = "C1608X7S2A104KT000N"; VariantName = "[No Variations]"
Add component (AddParameter): Name = "Mounting Type"; Value = "SMD"; VariantName = "[No Variations]"
Add component (AddParameter): Name = "Operating Temperature"; Value = "-55 to 125°C"; VariantName = "[No Variations]"
Add component (AddParameter): Name = "PartID"; Value = "148"; VariantName = "[No Variations]"
Add component (AddParameter): Name = "Series"; Value = "X7R"; VariantName = "[No Variations]"
Add component (AddParameter): Name = "Stock number"; Value = "not stored"; VariantName = "[No Variations]"
Add component (AddParameter): Name = "Supplier 1"; Value = "LCSC"; VariantName = "[No Variations]"
Add component (AddParameter): Name = "Supplier Part Number 1"; Value = "C343025"; VariantName = "[No Variations]"
Add component (AddParameter): Name = "Tolerance"; Value = "10 %"; VariantName = "[No Variations]"
Add component (AddParameter): Name = "Type"; Value = "Capacitor"; VariantName = "[No Variations]"
Add component (AddParameter): Name = "Value"; Value = "100 nF"; VariantName = "[No Variations]"
Add component (AddParameter): Name = "Voltage Rating"; Value = "100 VDC"; VariantName = "[No Variations]"
Added Component: Designator=C67C(C_0603)
Add component (AddParameter): Name = "Component Type"; Value = "Capacitor 0603"; VariantName = "[No Variations]"
Add component (AddParameter): Name = "ComponentLink1Description"; Value = "Datasheet"; VariantName = "[No Variations]"
Add component (AddParameter): Name = "ComponentLink1URL"; Value = "https://datasheet.lcsc.com/lcsc/2304140030_TDK-C1608X7S2A104KT000N_C343025.pdf"; VariantName = "[No Variations]"
Add component (AddParameter): Name = "Created from"; Value = "AGeiger"; VariantName = "[No Variations]"
Add component (AddParameter): Name = "Created On"; Value = "20.12.2020 13:54:13"; VariantName = "[No Variations]"
Add component (AddParameter): Name = "Device Package"; Value = "0603"; VariantName = "[No Variations]"
Add component (AddParameter): Name = "Last Updated"; Value = "14.12.2022 12:14:21"; VariantName = "[No Variations]"
Add component (AddParameter): Name = "LCSC Part Number"; Value = "C343025"; VariantName = "[No Variations]"
Add component (AddParameter): Name = "Live Cycle Status"; Value = "1"; VariantName = "[No Variations]"
Add component (AddParameter): Name = "Manufacturer"; Value = "TDK"; VariantName = "[No Variations]"
Add component (AddParameter): Name = "Manufacturer Part Number"; Value = "C1608X7S2A104KT000N"; VariantName = "[No Variations]"
Add component (AddParameter): Name = "Mounting Type"; Value = "SMD"; VariantName = "[No Variations]"
Add component (AddParameter): Name = "Operating Temperature"; Value = "-55 to 125°C"; VariantName = "[No Variations]"
Add component (AddParameter): Name = "PartID"; Value = "148"; VariantName = "[No Variations]"
Add component (AddParameter): Name = "Series"; Value = "X7R"; VariantName = "[No Variations]"
Add component (AddParameter): Name = "Stock number"; Value = "not stored"; VariantName = "[No Variations]"
Add component (AddParameter): Name = "Supplier 1"; Value = "LCSC"; VariantName = "[No Variations]"
Add component (AddParameter): Name = "Supplier Part Number 1"; Value = "C343025"; VariantName = "[No Variations]"
Add component (AddParameter): Name = "Tolerance"; Value = "10 %"; VariantName = "[No Variations]"
Add component (AddParameter): Name = "Type"; Value = "Capacitor"; VariantName = "[No Variations]"
Add component (AddParameter): Name = "Value"; Value = "100 nF"; VariantName = "[No Variations]"
Add component (AddParameter): Name = "Voltage Rating"; Value = "100 VDC"; VariantName = "[No Variations]"
Added Component: Designator=C68A(C_0603)
Add component (AddParameter): Name = "Component Type"; Value = "Capacitor 0603"; VariantName = "[No Variations]"
Add component (AddParameter): Name = "ComponentLink1Description"; Value = "Datasheet"; VariantName = "[No Variations]"
Add component (AddParameter): Name = "ComponentLink1URL"; Value = "https://datasheet.lcsc.com/lcsc/2304140030_TDK-C1608X7S2A104KT000N_C343025.pdf"; VariantName = "[No Variations]"
Add component (AddParameter): Name = "Created from"; Value = "AGeiger"; VariantName = "[No Variations]"
Add component (AddParameter): Name = "Created On"; Value = "20.12.2020 13:54:13"; VariantName = "[No Variations]"
Add component (AddParameter): Name = "Device Package"; Value = "0603"; VariantName = "[No Variations]"
Add component (AddParameter): Name = "Last Updated"; Value = "14.12.2022 12:14:21"; VariantName = "[No Variations]"
Add component (AddParameter): Name = "LCSC Part Number"; Value = "C343025"; VariantName = "[No Variations]"
Add component (AddParameter): Name = "Live Cycle Status"; Value = "1"; VariantName = "[No Variations]"
Add component (AddParameter): Name = "Manufacturer"; Value = "TDK"; VariantName = "[No Variations]"
Add component (AddParameter): Name = "Manufacturer Part Number"; Value = "C1608X7S2A104KT000N"; VariantName = "[No Variations]"
Add component (AddParameter): Name = "Mounting Type"; Value = "SMD"; VariantName = "[No Variations]"
Add component (AddParameter): Name = "Operating Temperature"; Value = "-55 to 125°C"; VariantName = "[No Variations]"
Add component (AddParameter): Name = "PartID"; Value = "148"; VariantName = "[No Variations]"
Add component (AddParameter): Name = "Series"; Value = "X7R"; VariantName = "[No Variations]"
Add component (AddParameter): Name = "Stock number"; Value = "not stored"; VariantName = "[No Variations]"
Add component (AddParameter): Name = "Supplier 1"; Value = "LCSC"; VariantName = "[No Variations]"
Add component (AddParameter): Name = "Supplier Part Number 1"; Value = "C343025"; VariantName = "[No Variations]"
Add component (AddParameter): Name = "Tolerance"; Value = "10 %"; VariantName = "[No Variations]"
Add component (AddParameter): Name = "Type"; Value = "Capacitor"; VariantName = "[No Variations]"
Add component (AddParameter): Name = "Value"; Value = "100 nF"; VariantName = "[No Variations]"
Add component (AddParameter): Name = "Voltage Rating"; Value = "100 VDC"; VariantName = "[No Variations]"
Added Component: Designator=C68B(C_0603)
Add component (AddParameter): Name = "Component Type"; Value = "Capacitor 0603"; VariantName = "[No Variations]"
Add component (AddParameter): Name = "ComponentLink1Description"; Value = "Datasheet"; VariantName = "[No Variations]"
Add component (AddParameter): Name = "ComponentLink1URL"; Value = "https://datasheet.lcsc.com/lcsc/2304140030_TDK-C1608X7S2A104KT000N_C343025.pdf"; VariantName = "[No Variations]"
Add component (AddParameter): Name = "Created from"; Value = "AGeiger"; VariantName = "[No Variations]"
Add component (AddParameter): Name = "Created On"; Value = "20.12.2020 13:54:13"; VariantName = "[No Variations]"
Add component (AddParameter): Name = "Device Package"; Value = "0603"; VariantName = "[No Variations]"
Add component (AddParameter): Name = "Last Updated"; Value = "14.12.2022 12:14:21"; VariantName = "[No Variations]"
Add component (AddParameter): Name = "LCSC Part Number"; Value = "C343025"; VariantName = "[No Variations]"
Add component (AddParameter): Name = "Live Cycle Status"; Value = "1"; VariantName = "[No Variations]"
Add component (AddParameter): Name = "Manufacturer"; Value = "TDK"; VariantName = "[No Variations]"
Add component (AddParameter): Name = "Manufacturer Part Number"; Value = "C1608X7S2A104KT000N"; VariantName = "[No Variations]"
Add component (AddParameter): Name = "Mounting Type"; Value = "SMD"; VariantName = "[No Variations]"
Add component (AddParameter): Name = "Operating Temperature"; Value = "-55 to 125°C"; VariantName = "[No Variations]"
Add component (AddParameter): Name = "PartID"; Value = "148"; VariantName = "[No Variations]"
Add component (AddParameter): Name = "Series"; Value = "X7R"; VariantName = "[No Variations]"
Add component (AddParameter): Name = "Stock number"; Value = "not stored"; VariantName = "[No Variations]"
Add component (AddParameter): Name = "Supplier 1"; Value = "LCSC"; VariantName = "[No Variations]"
Add component (AddParameter): Name = "Supplier Part Number 1"; Value = "C343025"; VariantName = "[No Variations]"
Add component (AddParameter): Name = "Tolerance"; Value = "10 %"; VariantName = "[No Variations]"
Add component (AddParameter): Name = "Type"; Value = "Capacitor"; VariantName = "[No Variations]"
Add component (AddParameter): Name = "Value"; Value = "100 nF"; VariantName = "[No Variations]"
Add component (AddParameter): Name = "Voltage Rating"; Value = "100 VDC"; VariantName = "[No Variations]"
Added Component: Designator=C68C(C_0603)
Add component (AddParameter): Name = "Component Type"; Value = "Capacitor 0603"; VariantName = "[No Variations]"
Add component (AddParameter): Name = "ComponentLink1Description"; Value = "Datasheet"; VariantName = "[No Variations]"
Add component (AddParameter): Name = "ComponentLink1URL"; Value = "https://datasheet.lcsc.com/lcsc/2304140030_TDK-C1608X7S2A104KT000N_C343025.pdf"; VariantName = "[No Variations]"
Add component (AddParameter): Name = "Created from"; Value = "AGeiger"; VariantName = "[No Variations]"
Add component (AddParameter): Name = "Created On"; Value = "20.12.2020 13:54:13"; VariantName = "[No Variations]"
Add component (AddParameter): Name = "Device Package"; Value = "0603"; VariantName = "[No Variations]"
Add component (AddParameter): Name = "Last Updated"; Value = "14.12.2022 12:14:21"; VariantName = "[No Variations]"
Add component (AddParameter): Name = "LCSC Part Number"; Value = "C343025"; VariantName = "[No Variations]"
Add component (AddParameter): Name = "Live Cycle Status"; Value = "1"; VariantName = "[No Variations]"
Add component (AddParameter): Name = "Manufacturer"; Value = "TDK"; VariantName = "[No Variations]"
Add component (AddParameter): Name = "Manufacturer Part Number"; Value = "C1608X7S2A104KT000N"; VariantName = "[No Variations]"
Add component (AddParameter): Name = "Mounting Type"; Value = "SMD"; VariantName = "[No Variations]"
Add component (AddParameter): Name = "Operating Temperature"; Value = "-55 to 125°C"; VariantName = "[No Variations]"
Add component (AddParameter): Name = "PartID"; Value = "148"; VariantName = "[No Variations]"
Add component (AddParameter): Name = "Series"; Value = "X7R"; VariantName = "[No Variations]"
Add component (AddParameter): Name = "Stock number"; Value = "not stored"; VariantName = "[No Variations]"
Add component (AddParameter): Name = "Supplier 1"; Value = "LCSC"; VariantName = "[No Variations]"
Add component (AddParameter): Name = "Supplier Part Number 1"; Value = "C343025"; VariantName = "[No Variations]"
Add component (AddParameter): Name = "Tolerance"; Value = "10 %"; VariantName = "[No Variations]"
Add component (AddParameter): Name = "Type"; Value = "Capacitor"; VariantName = "[No Variations]"
Add component (AddParameter): Name = "Value"; Value = "100 nF"; VariantName = "[No Variations]"
Add component (AddParameter): Name = "Voltage Rating"; Value = "100 VDC"; VariantName = "[No Variations]"
Added Component: Designator=C69A(C_0603)
Add component (AddParameter): Name = "Component Type"; Value = "Capacitor 0603"; VariantName = "[No Variations]"
Add component (AddParameter): Name = "ComponentLink1Description"; Value = "Datasheet"; VariantName = "[No Variations]"
Add component (AddParameter): Name = "ComponentLink1URL"; Value = "https://datasheet.lcsc.com/lcsc/2304140030_TDK-C1608X7S2A104KT000N_C343025.pdf"; VariantName = "[No Variations]"
Add component (AddParameter): Name = "Created from"; Value = "AGeiger"; VariantName = "[No Variations]"
Add component (AddParameter): Name = "Created On"; Value = "20.12.2020 13:54:13"; VariantName = "[No Variations]"
Add component (AddParameter): Name = "Device Package"; Value = "0603"; VariantName = "[No Variations]"
Add component (AddParameter): Name = "Last Updated"; Value = "14.12.2022 12:14:21"; VariantName = "[No Variations]"
Add component (AddParameter): Name = "LCSC Part Number"; Value = "C343025"; VariantName = "[No Variations]"
Add component (AddParameter): Name = "Live Cycle Status"; Value = "1"; VariantName = "[No Variations]"
Add component (AddParameter): Name = "Manufacturer"; Value = "TDK"; VariantName = "[No Variations]"
Add component (AddParameter): Name = "Manufacturer Part Number"; Value = "C1608X7S2A104KT000N"; VariantName = "[No Variations]"
Add component (AddParameter): Name = "Mounting Type"; Value = "SMD"; VariantName = "[No Variations]"
Add component (AddParameter): Name = "Operating Temperature"; Value = "-55 to 125°C"; VariantName = "[No Variations]"
Add component (AddParameter): Name = "PartID"; Value = "148"; VariantName = "[No Variations]"
Add component (AddParameter): Name = "Series"; Value = "X7R"; VariantName = "[No Variations]"
Add component (AddParameter): Name = "Stock number"; Value = "not stored"; VariantName = "[No Variations]"
Add component (AddParameter): Name = "Supplier 1"; Value = "LCSC"; VariantName = "[No Variations]"
Add component (AddParameter): Name = "Supplier Part Number 1"; Value = "C343025"; VariantName = "[No Variations]"
Add component (AddParameter): Name = "Tolerance"; Value = "10 %"; VariantName = "[No Variations]"
Add component (AddParameter): Name = "Type"; Value = "Capacitor"; VariantName = "[No Variations]"
Add component (AddParameter): Name = "Value"; Value = "100 nF"; VariantName = "[No Variations]"
Add component (AddParameter): Name = "Voltage Rating"; Value = "100 VDC"; VariantName = "[No Variations]"
Added Component: Designator=C69B(C_0603)
Add component (AddParameter): Name = "Component Type"; Value = "Capacitor 0603"; VariantName = "[No Variations]"
Add component (AddParameter): Name = "ComponentLink1Description"; Value = "Datasheet"; VariantName = "[No Variations]"
Add component (AddParameter): Name = "ComponentLink1URL"; Value = "https://datasheet.lcsc.com/lcsc/2304140030_TDK-C1608X7S2A104KT000N_C343025.pdf"; VariantName = "[No Variations]"
Add component (AddParameter): Name = "Created from"; Value = "AGeiger"; VariantName = "[No Variations]"
Add component (AddParameter): Name = "Created On"; Value = "20.12.2020 13:54:13"; VariantName = "[No Variations]"
Add component (AddParameter): Name = "Device Package"; Value = "0603"; VariantName = "[No Variations]"
Add component (AddParameter): Name = "Last Updated"; Value = "14.12.2022 12:14:21"; VariantName = "[No Variations]"
Add component (AddParameter): Name = "LCSC Part Number"; Value = "C343025"; VariantName = "[No Variations]"
Add component (AddParameter): Name = "Live Cycle Status"; Value = "1"; VariantName = "[No Variations]"
Add component (AddParameter): Name = "Manufacturer"; Value = "TDK"; VariantName = "[No Variations]"
Add component (AddParameter): Name = "Manufacturer Part Number"; Value = "C1608X7S2A104KT000N"; VariantName = "[No Variations]"
Add component (AddParameter): Name = "Mounting Type"; Value = "SMD"; VariantName = "[No Variations]"
Add component (AddParameter): Name = "Operating Temperature"; Value = "-55 to 125°C"; VariantName = "[No Variations]"
Add component (AddParameter): Name = "PartID"; Value = "148"; VariantName = "[No Variations]"
Add component (AddParameter): Name = "Series"; Value = "X7R"; VariantName = "[No Variations]"
Add component (AddParameter): Name = "Stock number"; Value = "not stored"; VariantName = "[No Variations]"
Add component (AddParameter): Name = "Supplier 1"; Value = "LCSC"; VariantName = "[No Variations]"
Add component (AddParameter): Name = "Supplier Part Number 1"; Value = "C343025"; VariantName = "[No Variations]"
Add component (AddParameter): Name = "Tolerance"; Value = "10 %"; VariantName = "[No Variations]"
Add component (AddParameter): Name = "Type"; Value = "Capacitor"; VariantName = "[No Variations]"
Add component (AddParameter): Name = "Value"; Value = "100 nF"; VariantName = "[No Variations]"
Add component (AddParameter): Name = "Voltage Rating"; Value = "100 VDC"; VariantName = "[No Variations]"
Added Component: Designator=C69C(C_0603)
Add component (AddParameter): Name = "Component Type"; Value = "Capacitor 0603"; VariantName = "[No Variations]"
Add component (AddParameter): Name = "ComponentLink1Description"; Value = "Datasheet"; VariantName = "[No Variations]"
Add component (AddParameter): Name = "ComponentLink1URL"; Value = "https://datasheet.lcsc.com/lcsc/2304140030_TDK-C1608X7S2A104KT000N_C343025.pdf"; VariantName = "[No Variations]"
Add component (AddParameter): Name = "Created from"; Value = "AGeiger"; VariantName = "[No Variations]"
Add component (AddParameter): Name = "Created On"; Value = "20.12.2020 13:54:13"; VariantName = "[No Variations]"
Add component (AddParameter): Name = "Device Package"; Value = "0603"; VariantName = "[No Variations]"
Add component (AddParameter): Name = "Last Updated"; Value = "14.12.2022 12:14:21"; VariantName = "[No Variations]"
Add component (AddParameter): Name = "LCSC Part Number"; Value = "C343025"; VariantName = "[No Variations]"
Add component (AddParameter): Name = "Live Cycle Status"; Value = "1"; VariantName = "[No Variations]"
Add component (AddParameter): Name = "Manufacturer"; Value = "TDK"; VariantName = "[No Variations]"
Add component (AddParameter): Name = "Manufacturer Part Number"; Value = "C1608X7S2A104KT000N"; VariantName = "[No Variations]"
Add component (AddParameter): Name = "Mounting Type"; Value = "SMD"; VariantName = "[No Variations]"
Add component (AddParameter): Name = "Operating Temperature"; Value = "-55 to 125°C"; VariantName = "[No Variations]"
Add component (AddParameter): Name = "PartID"; Value = "148"; VariantName = "[No Variations]"
Add component (AddParameter): Name = "Series"; Value = "X7R"; VariantName = "[No Variations]"
Add component (AddParameter): Name = "Stock number"; Value = "not stored"; VariantName = "[No Variations]"
Add component (AddParameter): Name = "Supplier 1"; Value = "LCSC"; VariantName = "[No Variations]"
Add component (AddParameter): Name = "Supplier Part Number 1"; Value = "C343025"; VariantName = "[No Variations]"
Add component (AddParameter): Name = "Tolerance"; Value = "10 %"; VariantName = "[No Variations]"
Add component (AddParameter): Name = "Type"; Value = "Capacitor"; VariantName = "[No Variations]"
Add component (AddParameter): Name = "Value"; Value = "100 nF"; VariantName = "[No Variations]"
Add component (AddParameter): Name = "Voltage Rating"; Value = "100 VDC"; VariantName = "[No Variations]"
Added Component: Designator=C72A(C_0603)
Add component (AddParameter): Name = "Component Type"; Value = "Capacitor 0603"; VariantName = "[No Variations]"
Add component (AddParameter): Name = "ComponentLink1Description"; Value = "Datasheet"; VariantName = "[No Variations]"
Add component (AddParameter): Name = "ComponentLink1URL"; Value = "https://datasheet.lcsc.com/lcsc/2304140030_TDK-C1608X7S2A104KT000N_C343025.pdf"; VariantName = "[No Variations]"
Add component (AddParameter): Name = "Created from"; Value = "AGeiger"; VariantName = "[No Variations]"
Add component (AddParameter): Name = "Created On"; Value = "20.12.2020 13:54:13"; VariantName = "[No Variations]"
Add component (AddParameter): Name = "Device Package"; Value = "0603"; VariantName = "[No Variations]"
Add component (AddParameter): Name = "Last Updated"; Value = "14.12.2022 12:14:21"; VariantName = "[No Variations]"
Add component (AddParameter): Name = "LCSC Part Number"; Value = "C343025"; VariantName = "[No Variations]"
Add component (AddParameter): Name = "Live Cycle Status"; Value = "1"; VariantName = "[No Variations]"
Add component (AddParameter): Name = "Manufacturer"; Value = "TDK"; VariantName = "[No Variations]"
Add component (AddParameter): Name = "Manufacturer Part Number"; Value = "C1608X7S2A104KT000N"; VariantName = "[No Variations]"
Add component (AddParameter): Name = "Mounting Type"; Value = "SMD"; VariantName = "[No Variations]"
Add component (AddParameter): Name = "Operating Temperature"; Value = "-55 to 125°C"; VariantName = "[No Variations]"
Add component (AddParameter): Name = "PartID"; Value = "148"; VariantName = "[No Variations]"
Add component (AddParameter): Name = "Series"; Value = "X7R"; VariantName = "[No Variations]"
Add component (AddParameter): Name = "Stock number"; Value = "not stored"; VariantName = "[No Variations]"
Add component (AddParameter): Name = "Supplier 1"; Value = "LCSC"; VariantName = "[No Variations]"
Add component (AddParameter): Name = "Supplier Part Number 1"; Value = "C343025"; VariantName = "[No Variations]"
Add component (AddParameter): Name = "Tolerance"; Value = "10 %"; VariantName = "[No Variations]"
Add component (AddParameter): Name = "Type"; Value = "Capacitor"; VariantName = "[No Variations]"
Add component (AddParameter): Name = "Value"; Value = "100 nF"; VariantName = "[No Variations]"
Add component (AddParameter): Name = "Voltage Rating"; Value = "100 VDC"; VariantName = "[No Variations]"
Added Component: Designator=C72B(C_0603)
Add component (AddParameter): Name = "Component Type"; Value = "Capacitor 0603"; VariantName = "[No Variations]"
Add component (AddParameter): Name = "ComponentLink1Description"; Value = "Datasheet"; VariantName = "[No Variations]"
Add component (AddParameter): Name = "ComponentLink1URL"; Value = "https://datasheet.lcsc.com/lcsc/2304140030_TDK-C1608X7S2A104KT000N_C343025.pdf"; VariantName = "[No Variations]"
Add component (AddParameter): Name = "Created from"; Value = "AGeiger"; VariantName = "[No Variations]"
Add component (AddParameter): Name = "Created On"; Value = "20.12.2020 13:54:13"; VariantName = "[No Variations]"
Add component (AddParameter): Name = "Device Package"; Value = "0603"; VariantName = "[No Variations]"
Add component (AddParameter): Name = "Last Updated"; Value = "14.12.2022 12:14:21"; VariantName = "[No Variations]"
Add component (AddParameter): Name = "LCSC Part Number"; Value = "C343025"; VariantName = "[No Variations]"
Add component (AddParameter): Name = "Live Cycle Status"; Value = "1"; VariantName = "[No Variations]"
Add component (AddParameter): Name = "Manufacturer"; Value = "TDK"; VariantName = "[No Variations]"
Add component (AddParameter): Name = "Manufacturer Part Number"; Value = "C1608X7S2A104KT000N"; VariantName = "[No Variations]"
Add component (AddParameter): Name = "Mounting Type"; Value = "SMD"; VariantName = "[No Variations]"
Add component (AddParameter): Name = "Operating Temperature"; Value = "-55 to 125°C"; VariantName = "[No Variations]"
Add component (AddParameter): Name = "PartID"; Value = "148"; VariantName = "[No Variations]"
Add component (AddParameter): Name = "Series"; Value = "X7R"; VariantName = "[No Variations]"
Add component (AddParameter): Name = "Stock number"; Value = "not stored"; VariantName = "[No Variations]"
Add component (AddParameter): Name = "Supplier 1"; Value = "LCSC"; VariantName = "[No Variations]"
Add component (AddParameter): Name = "Supplier Part Number 1"; Value = "C343025"; VariantName = "[No Variations]"
Add component (AddParameter): Name = "Tolerance"; Value = "10 %"; VariantName = "[No Variations]"
Add component (AddParameter): Name = "Type"; Value = "Capacitor"; VariantName = "[No Variations]"
Add component (AddParameter): Name = "Value"; Value = "100 nF"; VariantName = "[No Variations]"
Add component (AddParameter): Name = "Voltage Rating"; Value = "100 VDC"; VariantName = "[No Variations]"
Added Component: Designator=C72C(C_0603)
Add component (AddParameter): Name = "Component Type"; Value = "Capacitor 0603"; VariantName = "[No Variations]"
Add component (AddParameter): Name = "ComponentLink1Description"; Value = "Datasheet"; VariantName = "[No Variations]"
Add component (AddParameter): Name = "ComponentLink1URL"; Value = "https://datasheet.lcsc.com/lcsc/2304140030_TDK-C1608X7S2A104KT000N_C343025.pdf"; VariantName = "[No Variations]"
Add component (AddParameter): Name = "Created from"; Value = "AGeiger"; VariantName = "[No Variations]"
Add component (AddParameter): Name = "Created On"; Value = "20.12.2020 13:54:13"; VariantName = "[No Variations]"
Add component (AddParameter): Name = "Device Package"; Value = "0603"; VariantName = "[No Variations]"
Add component (AddParameter): Name = "Last Updated"; Value = "14.12.2022 12:14:21"; VariantName = "[No Variations]"
Add component (AddParameter): Name = "LCSC Part Number"; Value = "C343025"; VariantName = "[No Variations]"
Add component (AddParameter): Name = "Live Cycle Status"; Value = "1"; VariantName = "[No Variations]"
Add component (AddParameter): Name = "Manufacturer"; Value = "TDK"; VariantName = "[No Variations]"
Add component (AddParameter): Name = "Manufacturer Part Number"; Value = "C1608X7S2A104KT000N"; VariantName = "[No Variations]"
Add component (AddParameter): Name = "Mounting Type"; Value = "SMD"; VariantName = "[No Variations]"
Add component (AddParameter): Name = "Operating Temperature"; Value = "-55 to 125°C"; VariantName = "[No Variations]"
Add component (AddParameter): Name = "PartID"; Value = "148"; VariantName = "[No Variations]"
Add component (AddParameter): Name = "Series"; Value = "X7R"; VariantName = "[No Variations]"
Add component (AddParameter): Name = "Stock number"; Value = "not stored"; VariantName = "[No Variations]"
Add component (AddParameter): Name = "Supplier 1"; Value = "LCSC"; VariantName = "[No Variations]"
Add component (AddParameter): Name = "Supplier Part Number 1"; Value = "C343025"; VariantName = "[No Variations]"
Add component (AddParameter): Name = "Tolerance"; Value = "10 %"; VariantName = "[No Variations]"
Add component (AddParameter): Name = "Type"; Value = "Capacitor"; VariantName = "[No Variations]"
Add component (AddParameter): Name = "Value"; Value = "100 nF"; VariantName = "[No Variations]"
Add component (AddParameter): Name = "Voltage Rating"; Value = "100 VDC"; VariantName = "[No Variations]"
Added Component: Designator=C73A(C_0603)
Add component (AddParameter): Name = "Component Type"; Value = "Capacitor 0603"; VariantName = "[No Variations]"
Add component (AddParameter): Name = "ComponentLink1Description"; Value = "Datasheet"; VariantName = "[No Variations]"
Add component (AddParameter): Name = "ComponentLink1URL"; Value = "https://datasheet.lcsc.com/lcsc/2304140030_TDK-C1608X7S2A104KT000N_C343025.pdf"; VariantName = "[No Variations]"
Add component (AddParameter): Name = "Created from"; Value = "AGeiger"; VariantName = "[No Variations]"
Add component (AddParameter): Name = "Created On"; Value = "20.12.2020 13:54:13"; VariantName = "[No Variations]"
Add component (AddParameter): Name = "Device Package"; Value = "0603"; VariantName = "[No Variations]"
Add component (AddParameter): Name = "Last Updated"; Value = "14.12.2022 12:14:21"; VariantName = "[No Variations]"
Add component (AddParameter): Name = "LCSC Part Number"; Value = "C343025"; VariantName = "[No Variations]"
Add component (AddParameter): Name = "Live Cycle Status"; Value = "1"; VariantName = "[No Variations]"
Add component (AddParameter): Name = "Manufacturer"; Value = "TDK"; VariantName = "[No Variations]"
Add component (AddParameter): Name = "Manufacturer Part Number"; Value = "C1608X7S2A104KT000N"; VariantName = "[No Variations]"
Add component (AddParameter): Name = "Mounting Type"; Value = "SMD"; VariantName = "[No Variations]"
Add component (AddParameter): Name = "Operating Temperature"; Value = "-55 to 125°C"; VariantName = "[No Variations]"
Add component (AddParameter): Name = "PartID"; Value = "148"; VariantName = "[No Variations]"
Add component (AddParameter): Name = "Series"; Value = "X7R"; VariantName = "[No Variations]"
Add component (AddParameter): Name = "Stock number"; Value = "not stored"; VariantName = "[No Variations]"
Add component (AddParameter): Name = "Supplier 1"; Value = "LCSC"; VariantName = "[No Variations]"
Add component (AddParameter): Name = "Supplier Part Number 1"; Value = "C343025"; VariantName = "[No Variations]"
Add component (AddParameter): Name = "Tolerance"; Value = "10 %"; VariantName = "[No Variations]"
Add component (AddParameter): Name = "Type"; Value = "Capacitor"; VariantName = "[No Variations]"
Add component (AddParameter): Name = "Value"; Value = "100 nF"; VariantName = "[No Variations]"
Add component (AddParameter): Name = "Voltage Rating"; Value = "100 VDC"; VariantName = "[No Variations]"
Added Component: Designator=C73B(C_0603)
Add component (AddParameter): Name = "Component Type"; Value = "Capacitor 0603"; VariantName = "[No Variations]"
Add component (AddParameter): Name = "ComponentLink1Description"; Value = "Datasheet"; VariantName = "[No Variations]"
Add component (AddParameter): Name = "ComponentLink1URL"; Value = "https://datasheet.lcsc.com/lcsc/2304140030_TDK-C1608X7S2A104KT000N_C343025.pdf"; VariantName = "[No Variations]"
Add component (AddParameter): Name = "Created from"; Value = "AGeiger"; VariantName = "[No Variations]"
Add component (AddParameter): Name = "Created On"; Value = "20.12.2020 13:54:13"; VariantName = "[No Variations]"
Add component (AddParameter): Name = "Device Package"; Value = "0603"; VariantName = "[No Variations]"
Add component (AddParameter): Name = "Last Updated"; Value = "14.12.2022 12:14:21"; VariantName = "[No Variations]"
Add component (AddParameter): Name = "LCSC Part Number"; Value = "C343025"; VariantName = "[No Variations]"
Add component (AddParameter): Name = "Live Cycle Status"; Value = "1"; VariantName = "[No Variations]"
Add component (AddParameter): Name = "Manufacturer"; Value = "TDK"; VariantName = "[No Variations]"
Add component (AddParameter): Name = "Manufacturer Part Number"; Value = "C1608X7S2A104KT000N"; VariantName = "[No Variations]"
Add component (AddParameter): Name = "Mounting Type"; Value = "SMD"; VariantName = "[No Variations]"
Add component (AddParameter): Name = "Operating Temperature"; Value = "-55 to 125°C"; VariantName = "[No Variations]"
Add component (AddParameter): Name = "PartID"; Value = "148"; VariantName = "[No Variations]"
Add component (AddParameter): Name = "Series"; Value = "X7R"; VariantName = "[No Variations]"
Add component (AddParameter): Name = "Stock number"; Value = "not stored"; VariantName = "[No Variations]"
Add component (AddParameter): Name = "Supplier 1"; Value = "LCSC"; VariantName = "[No Variations]"
Add component (AddParameter): Name = "Supplier Part Number 1"; Value = "C343025"; VariantName = "[No Variations]"
Add component (AddParameter): Name = "Tolerance"; Value = "10 %"; VariantName = "[No Variations]"
Add component (AddParameter): Name = "Type"; Value = "Capacitor"; VariantName = "[No Variations]"
Add component (AddParameter): Name = "Value"; Value = "100 nF"; VariantName = "[No Variations]"
Add component (AddParameter): Name = "Voltage Rating"; Value = "100 VDC"; VariantName = "[No Variations]"
Added Component: Designator=C73C(C_0603)
Add component (AddParameter): Name = "Component Type"; Value = "Capacitor 0603"; VariantName = "[No Variations]"
Add component (AddParameter): Name = "ComponentLink1Description"; Value = "Datasheet"; VariantName = "[No Variations]"
Add component (AddParameter): Name = "ComponentLink1URL"; Value = "https://datasheet.lcsc.com/lcsc/2304140030_TDK-C1608X7S2A104KT000N_C343025.pdf"; VariantName = "[No Variations]"
Add component (AddParameter): Name = "Created from"; Value = "AGeiger"; VariantName = "[No Variations]"
Add component (AddParameter): Name = "Created On"; Value = "20.12.2020 13:54:13"; VariantName = "[No Variations]"
Add component (AddParameter): Name = "Device Package"; Value = "0603"; VariantName = "[No Variations]"
Add component (AddParameter): Name = "Last Updated"; Value = "14.12.2022 12:14:21"; VariantName = "[No Variations]"
Add component (AddParameter): Name = "LCSC Part Number"; Value = "C343025"; VariantName = "[No Variations]"
Add component (AddParameter): Name = "Live Cycle Status"; Value = "1"; VariantName = "[No Variations]"
Add component (AddParameter): Name = "Manufacturer"; Value = "TDK"; VariantName = "[No Variations]"
Add component (AddParameter): Name = "Manufacturer Part Number"; Value = "C1608X7S2A104KT000N"; VariantName = "[No Variations]"
Add component (AddParameter): Name = "Mounting Type"; Value = "SMD"; VariantName = "[No Variations]"
Add component (AddParameter): Name = "Operating Temperature"; Value = "-55 to 125°C"; VariantName = "[No Variations]"
Add component (AddParameter): Name = "PartID"; Value = "148"; VariantName = "[No Variations]"
Add component (AddParameter): Name = "Series"; Value = "X7R"; VariantName = "[No Variations]"
Add component (AddParameter): Name = "Stock number"; Value = "not stored"; VariantName = "[No Variations]"
Add component (AddParameter): Name = "Supplier 1"; Value = "LCSC"; VariantName = "[No Variations]"
Add component (AddParameter): Name = "Supplier Part Number 1"; Value = "C343025"; VariantName = "[No Variations]"
Add component (AddParameter): Name = "Tolerance"; Value = "10 %"; VariantName = "[No Variations]"
Add component (AddParameter): Name = "Type"; Value = "Capacitor"; VariantName = "[No Variations]"
Add component (AddParameter): Name = "Value"; Value = "100 nF"; VariantName = "[No Variations]"
Add component (AddParameter): Name = "Voltage Rating"; Value = "100 VDC"; VariantName = "[No Variations]"
Added Component: Designator=C80A(C_0603)
Add component (AddParameter): Name = "Component Type"; Value = "Capacitor 0603"; VariantName = "[No Variations]"
Add component (AddParameter): Name = "ComponentLink1Description"; Value = "Datasheet"; VariantName = "[No Variations]"
Add component (AddParameter): Name = "ComponentLink1URL"; Value = "https://datasheet.lcsc.com/lcsc/2304140030_TDK-C1608X7S2A104KT000N_C343025.pdf"; VariantName = "[No Variations]"
Add component (AddParameter): Name = "Created from"; Value = "AGeiger"; VariantName = "[No Variations]"
Add component (AddParameter): Name = "Created On"; Value = "20.12.2020 13:54:13"; VariantName = "[No Variations]"
Add component (AddParameter): Name = "Device Package"; Value = "0603"; VariantName = "[No Variations]"
Add component (AddParameter): Name = "Last Updated"; Value = "14.12.2022 12:14:21"; VariantName = "[No Variations]"
Add component (AddParameter): Name = "LCSC Part Number"; Value = "C343025"; VariantName = "[No Variations]"
Add component (AddParameter): Name = "Live Cycle Status"; Value = "1"; VariantName = "[No Variations]"
Add component (AddParameter): Name = "Manufacturer"; Value = "TDK"; VariantName = "[No Variations]"
Add component (AddParameter): Name = "Manufacturer Part Number"; Value = "C1608X7S2A104KT000N"; VariantName = "[No Variations]"
Add component (AddParameter): Name = "Mounting Type"; Value = "SMD"; VariantName = "[No Variations]"
Add component (AddParameter): Name = "Operating Temperature"; Value = "-55 to 125°C"; VariantName = "[No Variations]"
Add component (AddParameter): Name = "PartID"; Value = "148"; VariantName = "[No Variations]"
Add component (AddParameter): Name = "Series"; Value = "X7R"; VariantName = "[No Variations]"
Add component (AddParameter): Name = "Stock number"; Value = "not stored"; VariantName = "[No Variations]"
Add component (AddParameter): Name = "Supplier 1"; Value = "LCSC"; VariantName = "[No Variations]"
Add component (AddParameter): Name = "Supplier Part Number 1"; Value = "C343025"; VariantName = "[No Variations]"
Add component (AddParameter): Name = "Tolerance"; Value = "10 %"; VariantName = "[No Variations]"
Add component (AddParameter): Name = "Type"; Value = "Capacitor"; VariantName = "[No Variations]"
Add component (AddParameter): Name = "Value"; Value = "100 nF"; VariantName = "[No Variations]"
Add component (AddParameter): Name = "Voltage Rating"; Value = "100 VDC"; VariantName = "[No Variations]"
Added Component: Designator=C80B(C_0603)
Add component (AddParameter): Name = "Component Type"; Value = "Capacitor 0603"; VariantName = "[No Variations]"
Add component (AddParameter): Name = "ComponentLink1Description"; Value = "Datasheet"; VariantName = "[No Variations]"
Add component (AddParameter): Name = "ComponentLink1URL"; Value = "https://datasheet.lcsc.com/lcsc/2304140030_TDK-C1608X7S2A104KT000N_C343025.pdf"; VariantName = "[No Variations]"
Add component (AddParameter): Name = "Created from"; Value = "AGeiger"; VariantName = "[No Variations]"
Add component (AddParameter): Name = "Created On"; Value = "20.12.2020 13:54:13"; VariantName = "[No Variations]"
Add component (AddParameter): Name = "Device Package"; Value = "0603"; VariantName = "[No Variations]"
Add component (AddParameter): Name = "Last Updated"; Value = "14.12.2022 12:14:21"; VariantName = "[No Variations]"
Add component (AddParameter): Name = "LCSC Part Number"; Value = "C343025"; VariantName = "[No Variations]"
Add component (AddParameter): Name = "Live Cycle Status"; Value = "1"; VariantName = "[No Variations]"
Add component (AddParameter): Name = "Manufacturer"; Value = "TDK"; VariantName = "[No Variations]"
Add component (AddParameter): Name = "Manufacturer Part Number"; Value = "C1608X7S2A104KT000N"; VariantName = "[No Variations]"
Add component (AddParameter): Name = "Mounting Type"; Value = "SMD"; VariantName = "[No Variations]"
Add component (AddParameter): Name = "Operating Temperature"; Value = "-55 to 125°C"; VariantName = "[No Variations]"
Add component (AddParameter): Name = "PartID"; Value = "148"; VariantName = "[No Variations]"
Add component (AddParameter): Name = "Series"; Value = "X7R"; VariantName = "[No Variations]"
Add component (AddParameter): Name = "Stock number"; Value = "not stored"; VariantName = "[No Variations]"
Add component (AddParameter): Name = "Supplier 1"; Value = "LCSC"; VariantName = "[No Variations]"
Add component (AddParameter): Name = "Supplier Part Number 1"; Value = "C343025"; VariantName = "[No Variations]"
Add component (AddParameter): Name = "Tolerance"; Value = "10 %"; VariantName = "[No Variations]"
Add component (AddParameter): Name = "Type"; Value = "Capacitor"; VariantName = "[No Variations]"
Add component (AddParameter): Name = "Value"; Value = "100 nF"; VariantName = "[No Variations]"
Add component (AddParameter): Name = "Voltage Rating"; Value = "100 VDC"; VariantName = "[No Variations]"
Added Component: Designator=C80C(C_0603)
Add component (AddParameter): Name = "Component Type"; Value = "Capacitor 0603"; VariantName = "[No Variations]"
Add component (AddParameter): Name = "ComponentLink1Description"; Value = "Datasheet"; VariantName = "[No Variations]"
Add component (AddParameter): Name = "ComponentLink1URL"; Value = "https://datasheet.lcsc.com/lcsc/2304140030_TDK-C1608X7S2A104KT000N_C343025.pdf"; VariantName = "[No Variations]"
Add component (AddParameter): Name = "Created from"; Value = "AGeiger"; VariantName = "[No Variations]"
Add component (AddParameter): Name = "Created On"; Value = "20.12.2020 13:54:13"; VariantName = "[No Variations]"
Add component (AddParameter): Name = "Device Package"; Value = "0603"; VariantName = "[No Variations]"
Add component (AddParameter): Name = "Last Updated"; Value = "14.12.2022 12:14:21"; VariantName = "[No Variations]"
Add component (AddParameter): Name = "LCSC Part Number"; Value = "C343025"; VariantName = "[No Variations]"
Add component (AddParameter): Name = "Live Cycle Status"; Value = "1"; VariantName = "[No Variations]"
Add component (AddParameter): Name = "Manufacturer"; Value = "TDK"; VariantName = "[No Variations]"
Add component (AddParameter): Name = "Manufacturer Part Number"; Value = "C1608X7S2A104KT000N"; VariantName = "[No Variations]"
Add component (AddParameter): Name = "Mounting Type"; Value = "SMD"; VariantName = "[No Variations]"
Add component (AddParameter): Name = "Operating Temperature"; Value = "-55 to 125°C"; VariantName = "[No Variations]"
Add component (AddParameter): Name = "PartID"; Value = "148"; VariantName = "[No Variations]"
Add component (AddParameter): Name = "Series"; Value = "X7R"; VariantName = "[No Variations]"
Add component (AddParameter): Name = "Stock number"; Value = "not stored"; VariantName = "[No Variations]"
Add component (AddParameter): Name = "Supplier 1"; Value = "LCSC"; VariantName = "[No Variations]"
Add component (AddParameter): Name = "Supplier Part Number 1"; Value = "C343025"; VariantName = "[No Variations]"
Add component (AddParameter): Name = "Tolerance"; Value = "10 %"; VariantName = "[No Variations]"
Add component (AddParameter): Name = "Type"; Value = "Capacitor"; VariantName = "[No Variations]"
Add component (AddParameter): Name = "Value"; Value = "100 nF"; VariantName = "[No Variations]"
Add component (AddParameter): Name = "Voltage Rating"; Value = "100 VDC"; VariantName = "[No Variations]"
Added Component: Designator=C80(C_0603)
Add component (AddParameter): Name = "Component Type"; Value = "Capacitor 0603"; VariantName = "[No Variations]"
Add component (AddParameter): Name = "ComponentLink1Description"; Value = "Datasheet"; VariantName = "[No Variations]"
Add component (AddParameter): Name = "ComponentLink1URL"; Value = "https://datasheet.lcsc.com/lcsc/2304140030_TDK-C1608X7S2A104KT000N_C343025.pdf"; VariantName = "[No Variations]"
Add component (AddParameter): Name = "Created from"; Value = "AGeiger"; VariantName = "[No Variations]"
Add component (AddParameter): Name = "Created On"; Value = "20.12.2020 13:54:13"; VariantName = "[No Variations]"
Add component (AddParameter): Name = "Device Package"; Value = "0603"; VariantName = "[No Variations]"
Add component (AddParameter): Name = "Last Updated"; Value = "14.12.2022 12:14:21"; VariantName = "[No Variations]"
Add component (AddParameter): Name = "LCSC Part Number"; Value = "C343025"; VariantName = "[No Variations]"
Add component (AddParameter): Name = "Live Cycle Status"; Value = "1"; VariantName = "[No Variations]"
Add component (AddParameter): Name = "Manufacturer"; Value = "TDK"; VariantName = "[No Variations]"
Add component (AddParameter): Name = "Manufacturer Part Number"; Value = "C1608X7S2A104KT000N"; VariantName = "[No Variations]"
Add component (AddParameter): Name = "Mounting Type"; Value = "SMD"; VariantName = "[No Variations]"
Add component (AddParameter): Name = "Operating Temperature"; Value = "-55 to 125°C"; VariantName = "[No Variations]"
Add component (AddParameter): Name = "PartID"; Value = "148"; VariantName = "[No Variations]"
Add component (AddParameter): Name = "Series"; Value = "X7R"; VariantName = "[No Variations]"
Add component (AddParameter): Name = "Stock number"; Value = "not stored"; VariantName = "[No Variations]"
Add component (AddParameter): Name = "Supplier 1"; Value = "LCSC"; VariantName = "[No Variations]"
Add component (AddParameter): Name = "Supplier Part Number 1"; Value = "C343025"; VariantName = "[No Variations]"
Add component (AddParameter): Name = "Tolerance"; Value = "10 %"; VariantName = "[No Variations]"
Add component (AddParameter): Name = "Type"; Value = "Capacitor"; VariantName = "[No Variations]"
Add component (AddParameter): Name = "Value"; Value = "100 nF"; VariantName = "[No Variations]"
Add component (AddParameter): Name = "Voltage Rating"; Value = "100 VDC"; VariantName = "[No Variations]"
Added Component: Designator=C81(C_1210_N)
Add component (AddParameter): Name = "Component Type"; Value = "Capacitor 1210"; VariantName = "[No Variations]"
Add component (AddParameter): Name = "ComponentLink1Description"; Value = "Datasheet"; VariantName = "[No Variations]"
Add component (AddParameter): Name = "ComponentLink1URL"; Value = "https://www.mouser.de/datasheet/2/281/1/GRM32EC72A106KE05_01A-1988109.pdf"; VariantName = "[No Variations]"
Add component (AddParameter): Name = "Created from"; Value = "DHufnagel"; VariantName = "[No Variations]"
Add component (AddParameter): Name = "Created On"; Value = "21.12.2022 14:25:08"; VariantName = "[No Variations]"
Add component (AddParameter): Name = "Device Package"; Value = "1210"; VariantName = "[No Variations]"
Add component (AddParameter): Name = "Last Updated"; Value = "21.02.2024 14:40:52"; VariantName = "[No Variations]"
Add component (AddParameter): Name = "LCSC Part Number"; Value = "C576517"; VariantName = "[No Variations]"
Add component (AddParameter): Name = "Live Cycle Status"; Value = "1"; VariantName = "[No Variations]"
Add component (AddParameter): Name = "Manufacturer"; Value = "Murata Electronics"; VariantName = "[No Variations]"
Add component (AddParameter): Name = "Manufacturer Part Number"; Value = "GRM32EC72A106KE05L"; VariantName = "[No Variations]"
Add component (AddParameter): Name = "Mounting Type"; Value = "SMD"; VariantName = "[No Variations]"
Add component (AddParameter): Name = "Operating Temperature"; Value = "-55 - 125°C"; VariantName = "[No Variations]"
Add component (AddParameter): Name = "PartID"; Value = "118"; VariantName = "[No Variations]"
Add component (AddParameter): Name = "Series"; Value = "GRM"; VariantName = "[No Variations]"
Add component (AddParameter): Name = "Stock number"; Value = "not stored"; VariantName = "[No Variations]"
Add component (AddParameter): Name = "Supplier 1"; Value = "Mouser"; VariantName = "[No Variations]"
Add component (AddParameter): Name = "Supplier 2"; Value = "LCSC"; VariantName = "[No Variations]"
Add component (AddParameter): Name = "Supplier Part Number 1"; Value = "81-GRM32EC72A106KE05"; VariantName = "[No Variations]"
Add component (AddParameter): Name = "Supplier Part Number 2"; Value = "C576517"; VariantName = "[No Variations]"
Add component (AddParameter): Name = "Tolerance"; Value = "10 %"; VariantName = "[No Variations]"
Add component (AddParameter): Name = "Type"; Value = "Capacitor"; VariantName = "[No Variations]"
Add component (AddParameter): Name = "Value"; Value = "10 µF"; VariantName = "[No Variations]"
Add component (AddParameter): Name = "Voltage Rating"; Value = "100 VDC"; VariantName = "[No Variations]"
Added Component: Designator=C82A(C_0603)
Add component (AddParameter): Name = "Component Type"; Value = "Capacitor 0603"; VariantName = "[No Variations]"
Add component (AddParameter): Name = "ComponentLink1Description"; Value = "Datasheet"; VariantName = "[No Variations]"
Add component (AddParameter): Name = "ComponentLink1URL"; Value = "https://datasheet.lcsc.com/lcsc/2304140030_TDK-C1608X7S2A104KT000N_C343025.pdf"; VariantName = "[No Variations]"
Add component (AddParameter): Name = "Created from"; Value = "AGeiger"; VariantName = "[No Variations]"
Add component (AddParameter): Name = "Created On"; Value = "20.12.2020 13:54:13"; VariantName = "[No Variations]"
Add component (AddParameter): Name = "Device Package"; Value = "0603"; VariantName = "[No Variations]"
Add component (AddParameter): Name = "Last Updated"; Value = "14.12.2022 12:14:21"; VariantName = "[No Variations]"
Add component (AddParameter): Name = "LCSC Part Number"; Value = "C343025"; VariantName = "[No Variations]"
Add component (AddParameter): Name = "Live Cycle Status"; Value = "1"; VariantName = "[No Variations]"
Add component (AddParameter): Name = "Manufacturer"; Value = "TDK"; VariantName = "[No Variations]"
Add component (AddParameter): Name = "Manufacturer Part Number"; Value = "C1608X7S2A104KT000N"; VariantName = "[No Variations]"
Add component (AddParameter): Name = "Mounting Type"; Value = "SMD"; VariantName = "[No Variations]"
Add component (AddParameter): Name = "Operating Temperature"; Value = "-55 to 125°C"; VariantName = "[No Variations]"
Add component (AddParameter): Name = "PartID"; Value = "148"; VariantName = "[No Variations]"
Add component (AddParameter): Name = "Series"; Value = "X7R"; VariantName = "[No Variations]"
Add component (AddParameter): Name = "Stock number"; Value = "not stored"; VariantName = "[No Variations]"
Add component (AddParameter): Name = "Supplier 1"; Value = "LCSC"; VariantName = "[No Variations]"
Add component (AddParameter): Name = "Supplier Part Number 1"; Value = "C343025"; VariantName = "[No Variations]"
Add component (AddParameter): Name = "Tolerance"; Value = "10 %"; VariantName = "[No Variations]"
Add component (AddParameter): Name = "Type"; Value = "Capacitor"; VariantName = "[No Variations]"
Add component (AddParameter): Name = "Value"; Value = "100 nF"; VariantName = "[No Variations]"
Add component (AddParameter): Name = "Voltage Rating"; Value = "100 VDC"; VariantName = "[No Variations]"
Added Component: Designator=C82B(C_0603)
Add component (AddParameter): Name = "Component Type"; Value = "Capacitor 0603"; VariantName = "[No Variations]"
Add component (AddParameter): Name = "ComponentLink1Description"; Value = "Datasheet"; VariantName = "[No Variations]"
Add component (AddParameter): Name = "ComponentLink1URL"; Value = "https://datasheet.lcsc.com/lcsc/2304140030_TDK-C1608X7S2A104KT000N_C343025.pdf"; VariantName = "[No Variations]"
Add component (AddParameter): Name = "Created from"; Value = "AGeiger"; VariantName = "[No Variations]"
Add component (AddParameter): Name = "Created On"; Value = "20.12.2020 13:54:13"; VariantName = "[No Variations]"
Add component (AddParameter): Name = "Device Package"; Value = "0603"; VariantName = "[No Variations]"
Add component (AddParameter): Name = "Last Updated"; Value = "14.12.2022 12:14:21"; VariantName = "[No Variations]"
Add component (AddParameter): Name = "LCSC Part Number"; Value = "C343025"; VariantName = "[No Variations]"
Add component (AddParameter): Name = "Live Cycle Status"; Value = "1"; VariantName = "[No Variations]"
Add component (AddParameter): Name = "Manufacturer"; Value = "TDK"; VariantName = "[No Variations]"
Add component (AddParameter): Name = "Manufacturer Part Number"; Value = "C1608X7S2A104KT000N"; VariantName = "[No Variations]"
Add component (AddParameter): Name = "Mounting Type"; Value = "SMD"; VariantName = "[No Variations]"
Add component (AddParameter): Name = "Operating Temperature"; Value = "-55 to 125°C"; VariantName = "[No Variations]"
Add component (AddParameter): Name = "PartID"; Value = "148"; VariantName = "[No Variations]"
Add component (AddParameter): Name = "Series"; Value = "X7R"; VariantName = "[No Variations]"
Add component (AddParameter): Name = "Stock number"; Value = "not stored"; VariantName = "[No Variations]"
Add component (AddParameter): Name = "Supplier 1"; Value = "LCSC"; VariantName = "[No Variations]"
Add component (AddParameter): Name = "Supplier Part Number 1"; Value = "C343025"; VariantName = "[No Variations]"
Add component (AddParameter): Name = "Tolerance"; Value = "10 %"; VariantName = "[No Variations]"
Add component (AddParameter): Name = "Type"; Value = "Capacitor"; VariantName = "[No Variations]"
Add component (AddParameter): Name = "Value"; Value = "100 nF"; VariantName = "[No Variations]"
Add component (AddParameter): Name = "Voltage Rating"; Value = "100 VDC"; VariantName = "[No Variations]"
Added Component: Designator=C82C(C_0603)
Add component (AddParameter): Name = "Component Type"; Value = "Capacitor 0603"; VariantName = "[No Variations]"
Add component (AddParameter): Name = "ComponentLink1Description"; Value = "Datasheet"; VariantName = "[No Variations]"
Add component (AddParameter): Name = "ComponentLink1URL"; Value = "https://datasheet.lcsc.com/lcsc/2304140030_TDK-C1608X7S2A104KT000N_C343025.pdf"; VariantName = "[No Variations]"
Add component (AddParameter): Name = "Created from"; Value = "AGeiger"; VariantName = "[No Variations]"
Add component (AddParameter): Name = "Created On"; Value = "20.12.2020 13:54:13"; VariantName = "[No Variations]"
Add component (AddParameter): Name = "Device Package"; Value = "0603"; VariantName = "[No Variations]"
Add component (AddParameter): Name = "Last Updated"; Value = "14.12.2022 12:14:21"; VariantName = "[No Variations]"
Add component (AddParameter): Name = "LCSC Part Number"; Value = "C343025"; VariantName = "[No Variations]"
Add component (AddParameter): Name = "Live Cycle Status"; Value = "1"; VariantName = "[No Variations]"
Add component (AddParameter): Name = "Manufacturer"; Value = "TDK"; VariantName = "[No Variations]"
Add component (AddParameter): Name = "Manufacturer Part Number"; Value = "C1608X7S2A104KT000N"; VariantName = "[No Variations]"
Add component (AddParameter): Name = "Mounting Type"; Value = "SMD"; VariantName = "[No Variations]"
Add component (AddParameter): Name = "Operating Temperature"; Value = "-55 to 125°C"; VariantName = "[No Variations]"
Add component (AddParameter): Name = "PartID"; Value = "148"; VariantName = "[No Variations]"
Add component (AddParameter): Name = "Series"; Value = "X7R"; VariantName = "[No Variations]"
Add component (AddParameter): Name = "Stock number"; Value = "not stored"; VariantName = "[No Variations]"
Add component (AddParameter): Name = "Supplier 1"; Value = "LCSC"; VariantName = "[No Variations]"
Add component (AddParameter): Name = "Supplier Part Number 1"; Value = "C343025"; VariantName = "[No Variations]"
Add component (AddParameter): Name = "Tolerance"; Value = "10 %"; VariantName = "[No Variations]"
Add component (AddParameter): Name = "Type"; Value = "Capacitor"; VariantName = "[No Variations]"
Add component (AddParameter): Name = "Value"; Value = "100 nF"; VariantName = "[No Variations]"
Add component (AddParameter): Name = "Voltage Rating"; Value = "100 VDC"; VariantName = "[No Variations]"
Added Component: Designator=C82(C_1210_N)
Add component (AddParameter): Name = "Component Type"; Value = "Capacitor 1210"; VariantName = "[No Variations]"
Add component (AddParameter): Name = "ComponentLink1Description"; Value = "Datasheet"; VariantName = "[No Variations]"
Add component (AddParameter): Name = "ComponentLink1URL"; Value = "https://www.mouser.de/datasheet/2/281/1/GRM32EC72A106KE05_01A-1988109.pdf"; VariantName = "[No Variations]"
Add component (AddParameter): Name = "Created from"; Value = "DHufnagel"; VariantName = "[No Variations]"
Add component (AddParameter): Name = "Created On"; Value = "21.12.2022 14:25:08"; VariantName = "[No Variations]"
Add component (AddParameter): Name = "Device Package"; Value = "1210"; VariantName = "[No Variations]"
Add component (AddParameter): Name = "Last Updated"; Value = "21.02.2024 14:40:52"; VariantName = "[No Variations]"
Add component (AddParameter): Name = "LCSC Part Number"; Value = "C576517"; VariantName = "[No Variations]"
Add component (AddParameter): Name = "Live Cycle Status"; Value = "1"; VariantName = "[No Variations]"
Add component (AddParameter): Name = "Manufacturer"; Value = "Murata Electronics"; VariantName = "[No Variations]"
Add component (AddParameter): Name = "Manufacturer Part Number"; Value = "GRM32EC72A106KE05L"; VariantName = "[No Variations]"
Add component (AddParameter): Name = "Mounting Type"; Value = "SMD"; VariantName = "[No Variations]"
Add component (AddParameter): Name = "Operating Temperature"; Value = "-55 - 125°C"; VariantName = "[No Variations]"
Add component (AddParameter): Name = "PartID"; Value = "118"; VariantName = "[No Variations]"
Add component (AddParameter): Name = "Series"; Value = "GRM"; VariantName = "[No Variations]"
Add component (AddParameter): Name = "Stock number"; Value = "not stored"; VariantName = "[No Variations]"
Add component (AddParameter): Name = "Supplier 1"; Value = "Mouser"; VariantName = "[No Variations]"
Add component (AddParameter): Name = "Supplier 2"; Value = "LCSC"; VariantName = "[No Variations]"
Add component (AddParameter): Name = "Supplier Part Number 1"; Value = "81-GRM32EC72A106KE05"; VariantName = "[No Variations]"
Add component (AddParameter): Name = "Supplier Part Number 2"; Value = "C576517"; VariantName = "[No Variations]"
Add component (AddParameter): Name = "Tolerance"; Value = "10 %"; VariantName = "[No Variations]"
Add component (AddParameter): Name = "Type"; Value = "Capacitor"; VariantName = "[No Variations]"
Add component (AddParameter): Name = "Value"; Value = "10 µF"; VariantName = "[No Variations]"
Add component (AddParameter): Name = "Voltage Rating"; Value = "100 VDC"; VariantName = "[No Variations]"
Added Component: Designator=C83A(C_0603)
Add component (AddParameter): Name = "Component Type"; Value = "Capacitor 0603"; VariantName = "[No Variations]"
Add component (AddParameter): Name = "ComponentLink1Description"; Value = "Datasheet"; VariantName = "[No Variations]"
Add component (AddParameter): Name = "ComponentLink1URL"; Value = "https://datasheet.lcsc.com/lcsc/2304140030_TDK-C1608X7S2A104KT000N_C343025.pdf"; VariantName = "[No Variations]"
Add component (AddParameter): Name = "Created from"; Value = "AGeiger"; VariantName = "[No Variations]"
Add component (AddParameter): Name = "Created On"; Value = "20.12.2020 13:54:13"; VariantName = "[No Variations]"
Add component (AddParameter): Name = "Device Package"; Value = "0603"; VariantName = "[No Variations]"
Add component (AddParameter): Name = "Last Updated"; Value = "14.12.2022 12:14:21"; VariantName = "[No Variations]"
Add component (AddParameter): Name = "LCSC Part Number"; Value = "C343025"; VariantName = "[No Variations]"
Add component (AddParameter): Name = "Live Cycle Status"; Value = "1"; VariantName = "[No Variations]"
Add component (AddParameter): Name = "Manufacturer"; Value = "TDK"; VariantName = "[No Variations]"
Add component (AddParameter): Name = "Manufacturer Part Number"; Value = "C1608X7S2A104KT000N"; VariantName = "[No Variations]"
Add component (AddParameter): Name = "Mounting Type"; Value = "SMD"; VariantName = "[No Variations]"
Add component (AddParameter): Name = "Operating Temperature"; Value = "-55 to 125°C"; VariantName = "[No Variations]"
Add component (AddParameter): Name = "PartID"; Value = "148"; VariantName = "[No Variations]"
Add component (AddParameter): Name = "Series"; Value = "X7R"; VariantName = "[No Variations]"
Add component (AddParameter): Name = "Stock number"; Value = "not stored"; VariantName = "[No Variations]"
Add component (AddParameter): Name = "Supplier 1"; Value = "LCSC"; VariantName = "[No Variations]"
Add component (AddParameter): Name = "Supplier Part Number 1"; Value = "C343025"; VariantName = "[No Variations]"
Add component (AddParameter): Name = "Tolerance"; Value = "10 %"; VariantName = "[No Variations]"
Add component (AddParameter): Name = "Type"; Value = "Capacitor"; VariantName = "[No Variations]"
Add component (AddParameter): Name = "Value"; Value = "100 nF"; VariantName = "[No Variations]"
Add component (AddParameter): Name = "Voltage Rating"; Value = "100 VDC"; VariantName = "[No Variations]"
Added Component: Designator=C83B(C_0603)
Add component (AddParameter): Name = "Component Type"; Value = "Capacitor 0603"; VariantName = "[No Variations]"
Add component (AddParameter): Name = "ComponentLink1Description"; Value = "Datasheet"; VariantName = "[No Variations]"
Add component (AddParameter): Name = "ComponentLink1URL"; Value = "https://datasheet.lcsc.com/lcsc/2304140030_TDK-C1608X7S2A104KT000N_C343025.pdf"; VariantName = "[No Variations]"
Add component (AddParameter): Name = "Created from"; Value = "AGeiger"; VariantName = "[No Variations]"
Add component (AddParameter): Name = "Created On"; Value = "20.12.2020 13:54:13"; VariantName = "[No Variations]"
Add component (AddParameter): Name = "Device Package"; Value = "0603"; VariantName = "[No Variations]"
Add component (AddParameter): Name = "Last Updated"; Value = "14.12.2022 12:14:21"; VariantName = "[No Variations]"
Add component (AddParameter): Name = "LCSC Part Number"; Value = "C343025"; VariantName = "[No Variations]"
Add component (AddParameter): Name = "Live Cycle Status"; Value = "1"; VariantName = "[No Variations]"
Add component (AddParameter): Name = "Manufacturer"; Value = "TDK"; VariantName = "[No Variations]"
Add component (AddParameter): Name = "Manufacturer Part Number"; Value = "C1608X7S2A104KT000N"; VariantName = "[No Variations]"
Add component (AddParameter): Name = "Mounting Type"; Value = "SMD"; VariantName = "[No Variations]"
Add component (AddParameter): Name = "Operating Temperature"; Value = "-55 to 125°C"; VariantName = "[No Variations]"
Add component (AddParameter): Name = "PartID"; Value = "148"; VariantName = "[No Variations]"
Add component (AddParameter): Name = "Series"; Value = "X7R"; VariantName = "[No Variations]"
Add component (AddParameter): Name = "Stock number"; Value = "not stored"; VariantName = "[No Variations]"
Add component (AddParameter): Name = "Supplier 1"; Value = "LCSC"; VariantName = "[No Variations]"
Add component (AddParameter): Name = "Supplier Part Number 1"; Value = "C343025"; VariantName = "[No Variations]"
Add component (AddParameter): Name = "Tolerance"; Value = "10 %"; VariantName = "[No Variations]"
Add component (AddParameter): Name = "Type"; Value = "Capacitor"; VariantName = "[No Variations]"
Add component (AddParameter): Name = "Value"; Value = "100 nF"; VariantName = "[No Variations]"
Add component (AddParameter): Name = "Voltage Rating"; Value = "100 VDC"; VariantName = "[No Variations]"
Added Component: Designator=C83C(C_0603)
Add component (AddParameter): Name = "Component Type"; Value = "Capacitor 0603"; VariantName = "[No Variations]"
Add component (AddParameter): Name = "ComponentLink1Description"; Value = "Datasheet"; VariantName = "[No Variations]"
Add component (AddParameter): Name = "ComponentLink1URL"; Value = "https://datasheet.lcsc.com/lcsc/2304140030_TDK-C1608X7S2A104KT000N_C343025.pdf"; VariantName = "[No Variations]"
Add component (AddParameter): Name = "Created from"; Value = "AGeiger"; VariantName = "[No Variations]"
Add component (AddParameter): Name = "Created On"; Value = "20.12.2020 13:54:13"; VariantName = "[No Variations]"
Add component (AddParameter): Name = "Device Package"; Value = "0603"; VariantName = "[No Variations]"
Add component (AddParameter): Name = "Last Updated"; Value = "14.12.2022 12:14:21"; VariantName = "[No Variations]"
Add component (AddParameter): Name = "LCSC Part Number"; Value = "C343025"; VariantName = "[No Variations]"
Add component (AddParameter): Name = "Live Cycle Status"; Value = "1"; VariantName = "[No Variations]"
Add component (AddParameter): Name = "Manufacturer"; Value = "TDK"; VariantName = "[No Variations]"
Add component (AddParameter): Name = "Manufacturer Part Number"; Value = "C1608X7S2A104KT000N"; VariantName = "[No Variations]"
Add component (AddParameter): Name = "Mounting Type"; Value = "SMD"; VariantName = "[No Variations]"
Add component (AddParameter): Name = "Operating Temperature"; Value = "-55 to 125°C"; VariantName = "[No Variations]"
Add component (AddParameter): Name = "PartID"; Value = "148"; VariantName = "[No Variations]"
Add component (AddParameter): Name = "Series"; Value = "X7R"; VariantName = "[No Variations]"
Add component (AddParameter): Name = "Stock number"; Value = "not stored"; VariantName = "[No Variations]"
Add component (AddParameter): Name = "Supplier 1"; Value = "LCSC"; VariantName = "[No Variations]"
Add component (AddParameter): Name = "Supplier Part Number 1"; Value = "C343025"; VariantName = "[No Variations]"
Add component (AddParameter): Name = "Tolerance"; Value = "10 %"; VariantName = "[No Variations]"
Add component (AddParameter): Name = "Type"; Value = "Capacitor"; VariantName = "[No Variations]"
Add component (AddParameter): Name = "Value"; Value = "100 nF"; VariantName = "[No Variations]"
Add component (AddParameter): Name = "Voltage Rating"; Value = "100 VDC"; VariantName = "[No Variations]"
Added Component: Designator=C83(C_1210_N)
Add component (AddParameter): Name = "Component Type"; Value = "Capacitor 1210"; VariantName = "[No Variations]"
Add component (AddParameter): Name = "ComponentLink1Description"; Value = "Datasheet"; VariantName = "[No Variations]"
Add component (AddParameter): Name = "ComponentLink1URL"; Value = "https://www.mouser.de/datasheet/2/281/1/GRM32EC72A106KE05_01A-1988109.pdf"; VariantName = "[No Variations]"
Add component (AddParameter): Name = "Created from"; Value = "DHufnagel"; VariantName = "[No Variations]"
Add component (AddParameter): Name = "Created On"; Value = "21.12.2022 14:25:08"; VariantName = "[No Variations]"
Add component (AddParameter): Name = "Device Package"; Value = "1210"; VariantName = "[No Variations]"
Add component (AddParameter): Name = "Last Updated"; Value = "21.02.2024 14:40:52"; VariantName = "[No Variations]"
Add component (AddParameter): Name = "LCSC Part Number"; Value = "C576517"; VariantName = "[No Variations]"
Add component (AddParameter): Name = "Live Cycle Status"; Value = "1"; VariantName = "[No Variations]"
Add component (AddParameter): Name = "Manufacturer"; Value = "Murata Electronics"; VariantName = "[No Variations]"
Add component (AddParameter): Name = "Manufacturer Part Number"; Value = "GRM32EC72A106KE05L"; VariantName = "[No Variations]"
Add component (AddParameter): Name = "Mounting Type"; Value = "SMD"; VariantName = "[No Variations]"
Add component (AddParameter): Name = "Operating Temperature"; Value = "-55 - 125°C"; VariantName = "[No Variations]"
Add component (AddParameter): Name = "PartID"; Value = "118"; VariantName = "[No Variations]"
Add component (AddParameter): Name = "Series"; Value = "GRM"; VariantName = "[No Variations]"
Add component (AddParameter): Name = "Stock number"; Value = "not stored"; VariantName = "[No Variations]"
Add component (AddParameter): Name = "Supplier 1"; Value = "Mouser"; VariantName = "[No Variations]"
Add component (AddParameter): Name = "Supplier 2"; Value = "LCSC"; VariantName = "[No Variations]"
Add component (AddParameter): Name = "Supplier Part Number 1"; Value = "81-GRM32EC72A106KE05"; VariantName = "[No Variations]"
Add component (AddParameter): Name = "Supplier Part Number 2"; Value = "C576517"; VariantName = "[No Variations]"
Add component (AddParameter): Name = "Tolerance"; Value = "10 %"; VariantName = "[No Variations]"
Add component (AddParameter): Name = "Type"; Value = "Capacitor"; VariantName = "[No Variations]"
Add component (AddParameter): Name = "Value"; Value = "10 µF"; VariantName = "[No Variations]"
Add component (AddParameter): Name = "Voltage Rating"; Value = "100 VDC"; VariantName = "[No Variations]"
Added Component: Designator=C84(C_0603)
Add component (AddParameter): Name = "Component Type"; Value = "Capacitor 0603"; VariantName = "[No Variations]"
Add component (AddParameter): Name = "ComponentLink1Description"; Value = "Datasheet"; VariantName = "[No Variations]"
Add component (AddParameter): Name = "ComponentLink1URL"; Value = "https://datasheet.lcsc.com/lcsc/2304140030_TDK-C1608X7S2A104KT000N_C343025.pdf"; VariantName = "[No Variations]"
Add component (AddParameter): Name = "Created from"; Value = "AGeiger"; VariantName = "[No Variations]"
Add component (AddParameter): Name = "Created On"; Value = "20.12.2020 13:54:13"; VariantName = "[No Variations]"
Add component (AddParameter): Name = "Device Package"; Value = "0603"; VariantName = "[No Variations]"
Add component (AddParameter): Name = "Last Updated"; Value = "14.12.2022 12:14:21"; VariantName = "[No Variations]"
Add component (AddParameter): Name = "LCSC Part Number"; Value = "C343025"; VariantName = "[No Variations]"
Add component (AddParameter): Name = "Live Cycle Status"; Value = "1"; VariantName = "[No Variations]"
Add component (AddParameter): Name = "Manufacturer"; Value = "TDK"; VariantName = "[No Variations]"
Add component (AddParameter): Name = "Manufacturer Part Number"; Value = "C1608X7S2A104KT000N"; VariantName = "[No Variations]"
Add component (AddParameter): Name = "Mounting Type"; Value = "SMD"; VariantName = "[No Variations]"
Add component (AddParameter): Name = "Operating Temperature"; Value = "-55 to 125°C"; VariantName = "[No Variations]"
Add component (AddParameter): Name = "PartID"; Value = "148"; VariantName = "[No Variations]"
Add component (AddParameter): Name = "Series"; Value = "X7R"; VariantName = "[No Variations]"
Add component (AddParameter): Name = "Stock number"; Value = "not stored"; VariantName = "[No Variations]"
Add component (AddParameter): Name = "Supplier 1"; Value = "LCSC"; VariantName = "[No Variations]"
Add component (AddParameter): Name = "Supplier Part Number 1"; Value = "C343025"; VariantName = "[No Variations]"
Add component (AddParameter): Name = "Tolerance"; Value = "10 %"; VariantName = "[No Variations]"
Add component (AddParameter): Name = "Type"; Value = "Capacitor"; VariantName = "[No Variations]"
Add component (AddParameter): Name = "Value"; Value = "100 nF"; VariantName = "[No Variations]"
Add component (AddParameter): Name = "Voltage Rating"; Value = "100 VDC"; VariantName = "[No Variations]"
Added Component: Designator=C85(C_1210_N)
Add component (AddParameter): Name = "Component Type"; Value = "Capacitor 1210"; VariantName = "[No Variations]"
Add component (AddParameter): Name = "ComponentLink1Description"; Value = "Datasheet"; VariantName = "[No Variations]"
Add component (AddParameter): Name = "ComponentLink1URL"; Value = "https://www.mouser.de/datasheet/2/281/1/GRM32EC72A106KE05_01A-1988109.pdf"; VariantName = "[No Variations]"
Add component (AddParameter): Name = "Created from"; Value = "DHufnagel"; VariantName = "[No Variations]"
Add component (AddParameter): Name = "Created On"; Value = "21.12.2022 14:25:08"; VariantName = "[No Variations]"
Add component (AddParameter): Name = "Device Package"; Value = "1210"; VariantName = "[No Variations]"
Add component (AddParameter): Name = "Last Updated"; Value = "21.02.2024 14:40:52"; VariantName = "[No Variations]"
Add component (AddParameter): Name = "LCSC Part Number"; Value = "C576517"; VariantName = "[No Variations]"
Add component (AddParameter): Name = "Live Cycle Status"; Value = "1"; VariantName = "[No Variations]"
Add component (AddParameter): Name = "Manufacturer"; Value = "Murata Electronics"; VariantName = "[No Variations]"
Add component (AddParameter): Name = "Manufacturer Part Number"; Value = "GRM32EC72A106KE05L"; VariantName = "[No Variations]"
Add component (AddParameter): Name = "Mounting Type"; Value = "SMD"; VariantName = "[No Variations]"
Add component (AddParameter): Name = "Operating Temperature"; Value = "-55 - 125°C"; VariantName = "[No Variations]"
Add component (AddParameter): Name = "PartID"; Value = "118"; VariantName = "[No Variations]"
Add component (AddParameter): Name = "Series"; Value = "GRM"; VariantName = "[No Variations]"
Add component (AddParameter): Name = "Stock number"; Value = "not stored"; VariantName = "[No Variations]"
Add component (AddParameter): Name = "Supplier 1"; Value = "Mouser"; VariantName = "[No Variations]"
Add component (AddParameter): Name = "Supplier 2"; Value = "LCSC"; VariantName = "[No Variations]"
Add component (AddParameter): Name = "Supplier Part Number 1"; Value = "81-GRM32EC72A106KE05"; VariantName = "[No Variations]"
Add component (AddParameter): Name = "Supplier Part Number 2"; Value = "C576517"; VariantName = "[No Variations]"
Add component (AddParameter): Name = "Tolerance"; Value = "10 %"; VariantName = "[No Variations]"
Add component (AddParameter): Name = "Type"; Value = "Capacitor"; VariantName = "[No Variations]"
Add component (AddParameter): Name = "Value"; Value = "10 µF"; VariantName = "[No Variations]"
Add component (AddParameter): Name = "Voltage Rating"; Value = "100 VDC"; VariantName = "[No Variations]"
Added Component: Designator=C86(C_1210_N)
Add component (AddParameter): Name = "Component Type"; Value = "Capacitor 1210"; VariantName = "[No Variations]"
Add component (AddParameter): Name = "ComponentLink1Description"; Value = "Datasheet"; VariantName = "[No Variations]"
Add component (AddParameter): Name = "ComponentLink1URL"; Value = "https://www.mouser.de/datasheet/2/281/1/GRM32EC72A106KE05_01A-1988109.pdf"; VariantName = "[No Variations]"
Add component (AddParameter): Name = "Created from"; Value = "DHufnagel"; VariantName = "[No Variations]"
Add component (AddParameter): Name = "Created On"; Value = "21.12.2022 14:25:08"; VariantName = "[No Variations]"
Add component (AddParameter): Name = "Device Package"; Value = "1210"; VariantName = "[No Variations]"
Add component (AddParameter): Name = "Last Updated"; Value = "21.02.2024 14:40:52"; VariantName = "[No Variations]"
Add component (AddParameter): Name = "LCSC Part Number"; Value = "C576517"; VariantName = "[No Variations]"
Add component (AddParameter): Name = "Live Cycle Status"; Value = "1"; VariantName = "[No Variations]"
Add component (AddParameter): Name = "Manufacturer"; Value = "Murata Electronics"; VariantName = "[No Variations]"
Add component (AddParameter): Name = "Manufacturer Part Number"; Value = "GRM32EC72A106KE05L"; VariantName = "[No Variations]"
Add component (AddParameter): Name = "Mounting Type"; Value = "SMD"; VariantName = "[No Variations]"
Add component (AddParameter): Name = "Operating Temperature"; Value = "-55 - 125°C"; VariantName = "[No Variations]"
Add component (AddParameter): Name = "PartID"; Value = "118"; VariantName = "[No Variations]"
Add component (AddParameter): Name = "Series"; Value = "GRM"; VariantName = "[No Variations]"
Add component (AddParameter): Name = "Stock number"; Value = "not stored"; VariantName = "[No Variations]"
Add component (AddParameter): Name = "Supplier 1"; Value = "Mouser"; VariantName = "[No Variations]"
Add component (AddParameter): Name = "Supplier 2"; Value = "LCSC"; VariantName = "[No Variations]"
Add component (AddParameter): Name = "Supplier Part Number 1"; Value = "81-GRM32EC72A106KE05"; VariantName = "[No Variations]"
Add component (AddParameter): Name = "Supplier Part Number 2"; Value = "C576517"; VariantName = "[No Variations]"
Add component (AddParameter): Name = "Tolerance"; Value = "10 %"; VariantName = "[No Variations]"
Add component (AddParameter): Name = "Type"; Value = "Capacitor"; VariantName = "[No Variations]"
Add component (AddParameter): Name = "Value"; Value = "10 µF"; VariantName = "[No Variations]"
Add component (AddParameter): Name = "Voltage Rating"; Value = "100 VDC"; VariantName = "[No Variations]"
Added Component: Designator=C87(C_1210_N)
Add component (AddParameter): Name = "Component Type"; Value = "Capacitor 1210"; VariantName = "[No Variations]"
Add component (AddParameter): Name = "ComponentLink1Description"; Value = "Datasheet"; VariantName = "[No Variations]"
Add component (AddParameter): Name = "ComponentLink1URL"; Value = "https://www.mouser.de/datasheet/2/281/1/GRM32EC72A106KE05_01A-1988109.pdf"; VariantName = "[No Variations]"
Add component (AddParameter): Name = "Created from"; Value = "DHufnagel"; VariantName = "[No Variations]"
Add component (AddParameter): Name = "Created On"; Value = "21.12.2022 14:25:08"; VariantName = "[No Variations]"
Add component (AddParameter): Name = "Device Package"; Value = "1210"; VariantName = "[No Variations]"
Add component (AddParameter): Name = "Last Updated"; Value = "21.02.2024 14:40:52"; VariantName = "[No Variations]"
Add component (AddParameter): Name = "LCSC Part Number"; Value = "C576517"; VariantName = "[No Variations]"
Add component (AddParameter): Name = "Live Cycle Status"; Value = "1"; VariantName = "[No Variations]"
Add component (AddParameter): Name = "Manufacturer"; Value = "Murata Electronics"; VariantName = "[No Variations]"
Add component (AddParameter): Name = "Manufacturer Part Number"; Value = "GRM32EC72A106KE05L"; VariantName = "[No Variations]"
Add component (AddParameter): Name = "Mounting Type"; Value = "SMD"; VariantName = "[No Variations]"
Add component (AddParameter): Name = "Operating Temperature"; Value = "-55 - 125°C"; VariantName = "[No Variations]"
Add component (AddParameter): Name = "PartID"; Value = "118"; VariantName = "[No Variations]"
Add component (AddParameter): Name = "Series"; Value = "GRM"; VariantName = "[No Variations]"
Add component (AddParameter): Name = "Stock number"; Value = "not stored"; VariantName = "[No Variations]"
Add component (AddParameter): Name = "Supplier 1"; Value = "Mouser"; VariantName = "[No Variations]"
Add component (AddParameter): Name = "Supplier 2"; Value = "LCSC"; VariantName = "[No Variations]"
Add component (AddParameter): Name = "Supplier Part Number 1"; Value = "81-GRM32EC72A106KE05"; VariantName = "[No Variations]"
Add component (AddParameter): Name = "Supplier Part Number 2"; Value = "C576517"; VariantName = "[No Variations]"
Add component (AddParameter): Name = "Tolerance"; Value = "10 %"; VariantName = "[No Variations]"
Add component (AddParameter): Name = "Type"; Value = "Capacitor"; VariantName = "[No Variations]"
Add component (AddParameter): Name = "Value"; Value = "10 µF"; VariantName = "[No Variations]"
Add component (AddParameter): Name = "Voltage Rating"; Value = "100 VDC"; VariantName = "[No Variations]"
Added Component: Designator=C88(C_1210_N)
Add component (AddParameter): Name = "Component Type"; Value = "Capacitor 1210"; VariantName = "[No Variations]"
Add component (AddParameter): Name = "ComponentLink1Description"; Value = "Datasheet"; VariantName = "[No Variations]"
Add component (AddParameter): Name = "ComponentLink1URL"; Value = "https://www.mouser.de/datasheet/2/281/1/GRM32EC72A106KE05_01A-1988109.pdf"; VariantName = "[No Variations]"
Add component (AddParameter): Name = "Created from"; Value = "DHufnagel"; VariantName = "[No Variations]"
Add component (AddParameter): Name = "Created On"; Value = "21.12.2022 14:25:08"; VariantName = "[No Variations]"
Add component (AddParameter): Name = "Device Package"; Value = "1210"; VariantName = "[No Variations]"
Add component (AddParameter): Name = "Last Updated"; Value = "21.02.2024 14:40:52"; VariantName = "[No Variations]"
Add component (AddParameter): Name = "LCSC Part Number"; Value = "C576517"; VariantName = "[No Variations]"
Add component (AddParameter): Name = "Live Cycle Status"; Value = "1"; VariantName = "[No Variations]"
Add component (AddParameter): Name = "Manufacturer"; Value = "Murata Electronics"; VariantName = "[No Variations]"
Add component (AddParameter): Name = "Manufacturer Part Number"; Value = "GRM32EC72A106KE05L"; VariantName = "[No Variations]"
Add component (AddParameter): Name = "Mounting Type"; Value = "SMD"; VariantName = "[No Variations]"
Add component (AddParameter): Name = "Operating Temperature"; Value = "-55 - 125°C"; VariantName = "[No Variations]"
Add component (AddParameter): Name = "PartID"; Value = "118"; VariantName = "[No Variations]"
Add component (AddParameter): Name = "Series"; Value = "GRM"; VariantName = "[No Variations]"
Add component (AddParameter): Name = "Stock number"; Value = "not stored"; VariantName = "[No Variations]"
Add component (AddParameter): Name = "Supplier 1"; Value = "Mouser"; VariantName = "[No Variations]"
Add component (AddParameter): Name = "Supplier 2"; Value = "LCSC"; VariantName = "[No Variations]"
Add component (AddParameter): Name = "Supplier Part Number 1"; Value = "81-GRM32EC72A106KE05"; VariantName = "[No Variations]"
Add component (AddParameter): Name = "Supplier Part Number 2"; Value = "C576517"; VariantName = "[No Variations]"
Add component (AddParameter): Name = "Tolerance"; Value = "10 %"; VariantName = "[No Variations]"
Add component (AddParameter): Name = "Type"; Value = "Capacitor"; VariantName = "[No Variations]"
Add component (AddParameter): Name = "Value"; Value = "10 µF"; VariantName = "[No Variations]"
Add component (AddParameter): Name = "Voltage Rating"; Value = "100 VDC"; VariantName = "[No Variations]"
Added Component: Designator=C89(C_1210_N)
Add component (AddParameter): Name = "Component Type"; Value = "Capacitor 1210"; VariantName = "[No Variations]"
Add component (AddParameter): Name = "ComponentLink1Description"; Value = "Datasheet"; VariantName = "[No Variations]"
Add component (AddParameter): Name = "ComponentLink1URL"; Value = "https://www.mouser.de/datasheet/2/281/1/GRM32EC72A106KE05_01A-1988109.pdf"; VariantName = "[No Variations]"
Add component (AddParameter): Name = "Created from"; Value = "DHufnagel"; VariantName = "[No Variations]"
Add component (AddParameter): Name = "Created On"; Value = "21.12.2022 14:25:08"; VariantName = "[No Variations]"
Add component (AddParameter): Name = "Device Package"; Value = "1210"; VariantName = "[No Variations]"
Add component (AddParameter): Name = "Last Updated"; Value = "21.02.2024 14:40:52"; VariantName = "[No Variations]"
Add component (AddParameter): Name = "LCSC Part Number"; Value = "C576517"; VariantName = "[No Variations]"
Add component (AddParameter): Name = "Live Cycle Status"; Value = "1"; VariantName = "[No Variations]"
Add component (AddParameter): Name = "Manufacturer"; Value = "Murata Electronics"; VariantName = "[No Variations]"
Add component (AddParameter): Name = "Manufacturer Part Number"; Value = "GRM32EC72A106KE05L"; VariantName = "[No Variations]"
Add component (AddParameter): Name = "Mounting Type"; Value = "SMD"; VariantName = "[No Variations]"
Add component (AddParameter): Name = "Operating Temperature"; Value = "-55 - 125°C"; VariantName = "[No Variations]"
Add component (AddParameter): Name = "PartID"; Value = "118"; VariantName = "[No Variations]"
Add component (AddParameter): Name = "Series"; Value = "GRM"; VariantName = "[No Variations]"
Add component (AddParameter): Name = "Stock number"; Value = "not stored"; VariantName = "[No Variations]"
Add component (AddParameter): Name = "Supplier 1"; Value = "Mouser"; VariantName = "[No Variations]"
Add component (AddParameter): Name = "Supplier 2"; Value = "LCSC"; VariantName = "[No Variations]"
Add component (AddParameter): Name = "Supplier Part Number 1"; Value = "81-GRM32EC72A106KE05"; VariantName = "[No Variations]"
Add component (AddParameter): Name = "Supplier Part Number 2"; Value = "C576517"; VariantName = "[No Variations]"
Add component (AddParameter): Name = "Tolerance"; Value = "10 %"; VariantName = "[No Variations]"
Add component (AddParameter): Name = "Type"; Value = "Capacitor"; VariantName = "[No Variations]"
Add component (AddParameter): Name = "Value"; Value = "10 µF"; VariantName = "[No Variations]"
Add component (AddParameter): Name = "Voltage Rating"; Value = "100 VDC"; VariantName = "[No Variations]"
Added Component: Designator=C90(C_1210_N)
Add component (AddParameter): Name = "Component Type"; Value = "Capacitor 1210"; VariantName = "[No Variations]"
Add component (AddParameter): Name = "ComponentLink1Description"; Value = "Datasheet"; VariantName = "[No Variations]"
Add component (AddParameter): Name = "ComponentLink1URL"; Value = "https://www.mouser.de/datasheet/2/281/1/GRM32EC72A106KE05_01A-1988109.pdf"; VariantName = "[No Variations]"
Add component (AddParameter): Name = "Created from"; Value = "DHufnagel"; VariantName = "[No Variations]"
Add component (AddParameter): Name = "Created On"; Value = "21.12.2022 14:25:08"; VariantName = "[No Variations]"
Add component (AddParameter): Name = "Device Package"; Value = "1210"; VariantName = "[No Variations]"
Add component (AddParameter): Name = "Last Updated"; Value = "21.02.2024 14:40:52"; VariantName = "[No Variations]"
Add component (AddParameter): Name = "LCSC Part Number"; Value = "C576517"; VariantName = "[No Variations]"
Add component (AddParameter): Name = "Live Cycle Status"; Value = "1"; VariantName = "[No Variations]"
Add component (AddParameter): Name = "Manufacturer"; Value = "Murata Electronics"; VariantName = "[No Variations]"
Add component (AddParameter): Name = "Manufacturer Part Number"; Value = "GRM32EC72A106KE05L"; VariantName = "[No Variations]"
Add component (AddParameter): Name = "Mounting Type"; Value = "SMD"; VariantName = "[No Variations]"
Add component (AddParameter): Name = "Operating Temperature"; Value = "-55 - 125°C"; VariantName = "[No Variations]"
Add component (AddParameter): Name = "PartID"; Value = "118"; VariantName = "[No Variations]"
Add component (AddParameter): Name = "Series"; Value = "GRM"; VariantName = "[No Variations]"
Add component (AddParameter): Name = "Stock number"; Value = "not stored"; VariantName = "[No Variations]"
Add component (AddParameter): Name = "Supplier 1"; Value = "Mouser"; VariantName = "[No Variations]"
Add component (AddParameter): Name = "Supplier 2"; Value = "LCSC"; VariantName = "[No Variations]"
Add component (AddParameter): Name = "Supplier Part Number 1"; Value = "81-GRM32EC72A106KE05"; VariantName = "[No Variations]"
Add component (AddParameter): Name = "Supplier Part Number 2"; Value = "C576517"; VariantName = "[No Variations]"
Add component (AddParameter): Name = "Tolerance"; Value = "10 %"; VariantName = "[No Variations]"
Add component (AddParameter): Name = "Type"; Value = "Capacitor"; VariantName = "[No Variations]"
Add component (AddParameter): Name = "Value"; Value = "10 µF"; VariantName = "[No Variations]"
Add component (AddParameter): Name = "Voltage Rating"; Value = "100 VDC"; VariantName = "[No Variations]"
Added Component: Designator=C91(C_1210_N)
Add component (AddParameter): Name = "Component Type"; Value = "Capacitor 1210"; VariantName = "[No Variations]"
Add component (AddParameter): Name = "ComponentLink1Description"; Value = "Datasheet"; VariantName = "[No Variations]"
Add component (AddParameter): Name = "ComponentLink1URL"; Value = "https://www.mouser.de/datasheet/2/281/1/GRM32EC72A106KE05_01A-1988109.pdf"; VariantName = "[No Variations]"
Add component (AddParameter): Name = "Created from"; Value = "DHufnagel"; VariantName = "[No Variations]"
Add component (AddParameter): Name = "Created On"; Value = "21.12.2022 14:25:08"; VariantName = "[No Variations]"
Add component (AddParameter): Name = "Device Package"; Value = "1210"; VariantName = "[No Variations]"
Add component (AddParameter): Name = "Last Updated"; Value = "21.02.2024 14:40:52"; VariantName = "[No Variations]"
Add component (AddParameter): Name = "LCSC Part Number"; Value = "C576517"; VariantName = "[No Variations]"
Add component (AddParameter): Name = "Live Cycle Status"; Value = "1"; VariantName = "[No Variations]"
Add component (AddParameter): Name = "Manufacturer"; Value = "Murata Electronics"; VariantName = "[No Variations]"
Add component (AddParameter): Name = "Manufacturer Part Number"; Value = "GRM32EC72A106KE05L"; VariantName = "[No Variations]"
Add component (AddParameter): Name = "Mounting Type"; Value = "SMD"; VariantName = "[No Variations]"
Add component (AddParameter): Name = "Operating Temperature"; Value = "-55 - 125°C"; VariantName = "[No Variations]"
Add component (AddParameter): Name = "PartID"; Value = "118"; VariantName = "[No Variations]"
Add component (AddParameter): Name = "Series"; Value = "GRM"; VariantName = "[No Variations]"
Add component (AddParameter): Name = "Stock number"; Value = "not stored"; VariantName = "[No Variations]"
Add component (AddParameter): Name = "Supplier 1"; Value = "Mouser"; VariantName = "[No Variations]"
Add component (AddParameter): Name = "Supplier 2"; Value = "LCSC"; VariantName = "[No Variations]"
Add component (AddParameter): Name = "Supplier Part Number 1"; Value = "81-GRM32EC72A106KE05"; VariantName = "[No Variations]"
Add component (AddParameter): Name = "Supplier Part Number 2"; Value = "C576517"; VariantName = "[No Variations]"
Add component (AddParameter): Name = "Tolerance"; Value = "10 %"; VariantName = "[No Variations]"
Add component (AddParameter): Name = "Type"; Value = "Capacitor"; VariantName = "[No Variations]"
Add component (AddParameter): Name = "Value"; Value = "10 µF"; VariantName = "[No Variations]"
Add component (AddParameter): Name = "Voltage Rating"; Value = "100 VDC"; VariantName = "[No Variations]"
Added Component: Designator=C92(C_1210_N)
Add component (AddParameter): Name = "Component Type"; Value = "Capacitor 1210"; VariantName = "[No Variations]"
Add component (AddParameter): Name = "ComponentLink1Description"; Value = "Datasheet"; VariantName = "[No Variations]"
Add component (AddParameter): Name = "ComponentLink1URL"; Value = "https://www.mouser.de/datasheet/2/281/1/GRM32EC72A106KE05_01A-1988109.pdf"; VariantName = "[No Variations]"
Add component (AddParameter): Name = "Created from"; Value = "DHufnagel"; VariantName = "[No Variations]"
Add component (AddParameter): Name = "Created On"; Value = "21.12.2022 14:25:08"; VariantName = "[No Variations]"
Add component (AddParameter): Name = "Device Package"; Value = "1210"; VariantName = "[No Variations]"
Add component (AddParameter): Name = "Last Updated"; Value = "21.02.2024 14:40:52"; VariantName = "[No Variations]"
Add component (AddParameter): Name = "LCSC Part Number"; Value = "C576517"; VariantName = "[No Variations]"
Add component (AddParameter): Name = "Live Cycle Status"; Value = "1"; VariantName = "[No Variations]"
Add component (AddParameter): Name = "Manufacturer"; Value = "Murata Electronics"; VariantName = "[No Variations]"
Add component (AddParameter): Name = "Manufacturer Part Number"; Value = "GRM32EC72A106KE05L"; VariantName = "[No Variations]"
Add component (AddParameter): Name = "Mounting Type"; Value = "SMD"; VariantName = "[No Variations]"
Add component (AddParameter): Name = "Operating Temperature"; Value = "-55 - 125°C"; VariantName = "[No Variations]"
Add component (AddParameter): Name = "PartID"; Value = "118"; VariantName = "[No Variations]"
Add component (AddParameter): Name = "Series"; Value = "GRM"; VariantName = "[No Variations]"
Add component (AddParameter): Name = "Stock number"; Value = "not stored"; VariantName = "[No Variations]"
Add component (AddParameter): Name = "Supplier 1"; Value = "Mouser"; VariantName = "[No Variations]"
Add component (AddParameter): Name = "Supplier 2"; Value = "LCSC"; VariantName = "[No Variations]"
Add component (AddParameter): Name = "Supplier Part Number 1"; Value = "81-GRM32EC72A106KE05"; VariantName = "[No Variations]"
Add component (AddParameter): Name = "Supplier Part Number 2"; Value = "C576517"; VariantName = "[No Variations]"
Add component (AddParameter): Name = "Tolerance"; Value = "10 %"; VariantName = "[No Variations]"
Add component (AddParameter): Name = "Type"; Value = "Capacitor"; VariantName = "[No Variations]"
Add component (AddParameter): Name = "Value"; Value = "10 µF"; VariantName = "[No Variations]"
Add component (AddParameter): Name = "Voltage Rating"; Value = "100 VDC"; VariantName = "[No Variations]"
Added Component: Designator=C93(C_1210_N)
Add component (AddParameter): Name = "Component Type"; Value = "Capacitor 1210"; VariantName = "[No Variations]"
Add component (AddParameter): Name = "ComponentLink1Description"; Value = "Datasheet"; VariantName = "[No Variations]"
Add component (AddParameter): Name = "ComponentLink1URL"; Value = "https://www.mouser.de/datasheet/2/281/1/GRM32EC72A106KE05_01A-1988109.pdf"; VariantName = "[No Variations]"
Add component (AddParameter): Name = "Created from"; Value = "DHufnagel"; VariantName = "[No Variations]"
Add component (AddParameter): Name = "Created On"; Value = "21.12.2022 14:25:08"; VariantName = "[No Variations]"
Add component (AddParameter): Name = "Device Package"; Value = "1210"; VariantName = "[No Variations]"
Add component (AddParameter): Name = "Last Updated"; Value = "21.02.2024 14:40:52"; VariantName = "[No Variations]"
Add component (AddParameter): Name = "LCSC Part Number"; Value = "C576517"; VariantName = "[No Variations]"
Add component (AddParameter): Name = "Live Cycle Status"; Value = "1"; VariantName = "[No Variations]"
Add component (AddParameter): Name = "Manufacturer"; Value = "Murata Electronics"; VariantName = "[No Variations]"
Add component (AddParameter): Name = "Manufacturer Part Number"; Value = "GRM32EC72A106KE05L"; VariantName = "[No Variations]"
Add component (AddParameter): Name = "Mounting Type"; Value = "SMD"; VariantName = "[No Variations]"
Add component (AddParameter): Name = "Operating Temperature"; Value = "-55 - 125°C"; VariantName = "[No Variations]"
Add component (AddParameter): Name = "PartID"; Value = "118"; VariantName = "[No Variations]"
Add component (AddParameter): Name = "Series"; Value = "GRM"; VariantName = "[No Variations]"
Add component (AddParameter): Name = "Stock number"; Value = "not stored"; VariantName = "[No Variations]"
Add component (AddParameter): Name = "Supplier 1"; Value = "Mouser"; VariantName = "[No Variations]"
Add component (AddParameter): Name = "Supplier 2"; Value = "LCSC"; VariantName = "[No Variations]"
Add component (AddParameter): Name = "Supplier Part Number 1"; Value = "81-GRM32EC72A106KE05"; VariantName = "[No Variations]"
Add component (AddParameter): Name = "Supplier Part Number 2"; Value = "C576517"; VariantName = "[No Variations]"
Add component (AddParameter): Name = "Tolerance"; Value = "10 %"; VariantName = "[No Variations]"
Add component (AddParameter): Name = "Type"; Value = "Capacitor"; VariantName = "[No Variations]"
Add component (AddParameter): Name = "Value"; Value = "10 µF"; VariantName = "[No Variations]"
Add component (AddParameter): Name = "Voltage Rating"; Value = "100 VDC"; VariantName = "[No Variations]"
Added Component: Designator=C94(C_1210_N)
Add component (AddParameter): Name = "Component Type"; Value = "Capacitor 1210"; VariantName = "[No Variations]"
Add component (AddParameter): Name = "ComponentLink1Description"; Value = "Datasheet"; VariantName = "[No Variations]"
Add component (AddParameter): Name = "ComponentLink1URL"; Value = "https://www.mouser.de/datasheet/2/281/1/GRM32EC72A106KE05_01A-1988109.pdf"; VariantName = "[No Variations]"
Add component (AddParameter): Name = "Created from"; Value = "DHufnagel"; VariantName = "[No Variations]"
Add component (AddParameter): Name = "Created On"; Value = "21.12.2022 14:25:08"; VariantName = "[No Variations]"
Add component (AddParameter): Name = "Device Package"; Value = "1210"; VariantName = "[No Variations]"
Add component (AddParameter): Name = "Last Updated"; Value = "21.02.2024 14:40:52"; VariantName = "[No Variations]"
Add component (AddParameter): Name = "LCSC Part Number"; Value = "C576517"; VariantName = "[No Variations]"
Add component (AddParameter): Name = "Live Cycle Status"; Value = "1"; VariantName = "[No Variations]"
Add component (AddParameter): Name = "Manufacturer"; Value = "Murata Electronics"; VariantName = "[No Variations]"
Add component (AddParameter): Name = "Manufacturer Part Number"; Value = "GRM32EC72A106KE05L"; VariantName = "[No Variations]"
Add component (AddParameter): Name = "Mounting Type"; Value = "SMD"; VariantName = "[No Variations]"
Add component (AddParameter): Name = "Operating Temperature"; Value = "-55 - 125°C"; VariantName = "[No Variations]"
Add component (AddParameter): Name = "PartID"; Value = "118"; VariantName = "[No Variations]"
Add component (AddParameter): Name = "Series"; Value = "GRM"; VariantName = "[No Variations]"
Add component (AddParameter): Name = "Stock number"; Value = "not stored"; VariantName = "[No Variations]"
Add component (AddParameter): Name = "Supplier 1"; Value = "Mouser"; VariantName = "[No Variations]"
Add component (AddParameter): Name = "Supplier 2"; Value = "LCSC"; VariantName = "[No Variations]"
Add component (AddParameter): Name = "Supplier Part Number 1"; Value = "81-GRM32EC72A106KE05"; VariantName = "[No Variations]"
Add component (AddParameter): Name = "Supplier Part Number 2"; Value = "C576517"; VariantName = "[No Variations]"
Add component (AddParameter): Name = "Tolerance"; Value = "10 %"; VariantName = "[No Variations]"
Add component (AddParameter): Name = "Type"; Value = "Capacitor"; VariantName = "[No Variations]"
Add component (AddParameter): Name = "Value"; Value = "10 µF"; VariantName = "[No Variations]"
Add component (AddParameter): Name = "Voltage Rating"; Value = "100 VDC"; VariantName = "[No Variations]"
Added Component: Designator=C95(C_1210_N)
Add component (AddParameter): Name = "Component Type"; Value = "Capacitor 1210"; VariantName = "[No Variations]"
Add component (AddParameter): Name = "ComponentLink1Description"; Value = "Datasheet"; VariantName = "[No Variations]"
Add component (AddParameter): Name = "ComponentLink1URL"; Value = "https://www.mouser.de/datasheet/2/281/1/GRM32EC72A106KE05_01A-1988109.pdf"; VariantName = "[No Variations]"
Add component (AddParameter): Name = "Created from"; Value = "DHufnagel"; VariantName = "[No Variations]"
Add component (AddParameter): Name = "Created On"; Value = "21.12.2022 14:25:08"; VariantName = "[No Variations]"
Add component (AddParameter): Name = "Device Package"; Value = "1210"; VariantName = "[No Variations]"
Add component (AddParameter): Name = "Last Updated"; Value = "21.02.2024 14:40:52"; VariantName = "[No Variations]"
Add component (AddParameter): Name = "LCSC Part Number"; Value = "C576517"; VariantName = "[No Variations]"
Add component (AddParameter): Name = "Live Cycle Status"; Value = "1"; VariantName = "[No Variations]"
Add component (AddParameter): Name = "Manufacturer"; Value = "Murata Electronics"; VariantName = "[No Variations]"
Add component (AddParameter): Name = "Manufacturer Part Number"; Value = "GRM32EC72A106KE05L"; VariantName = "[No Variations]"
Add component (AddParameter): Name = "Mounting Type"; Value = "SMD"; VariantName = "[No Variations]"
Add component (AddParameter): Name = "Operating Temperature"; Value = "-55 - 125°C"; VariantName = "[No Variations]"
Add component (AddParameter): Name = "PartID"; Value = "118"; VariantName = "[No Variations]"
Add component (AddParameter): Name = "Series"; Value = "GRM"; VariantName = "[No Variations]"
Add component (AddParameter): Name = "Stock number"; Value = "not stored"; VariantName = "[No Variations]"
Add component (AddParameter): Name = "Supplier 1"; Value = "Mouser"; VariantName = "[No Variations]"
Add component (AddParameter): Name = "Supplier 2"; Value = "LCSC"; VariantName = "[No Variations]"
Add component (AddParameter): Name = "Supplier Part Number 1"; Value = "81-GRM32EC72A106KE05"; VariantName = "[No Variations]"
Add component (AddParameter): Name = "Supplier Part Number 2"; Value = "C576517"; VariantName = "[No Variations]"
Add component (AddParameter): Name = "Tolerance"; Value = "10 %"; VariantName = "[No Variations]"
Add component (AddParameter): Name = "Type"; Value = "Capacitor"; VariantName = "[No Variations]"
Add component (AddParameter): Name = "Value"; Value = "10 µF"; VariantName = "[No Variations]"
Add component (AddParameter): Name = "Voltage Rating"; Value = "100 VDC"; VariantName = "[No Variations]"
Added Component: Designator=C96(C_1210_N)
Add component (AddParameter): Name = "Component Type"; Value = "Capacitor 1210"; VariantName = "[No Variations]"
Add component (AddParameter): Name = "ComponentLink1Description"; Value = "Datasheet"; VariantName = "[No Variations]"
Add component (AddParameter): Name = "ComponentLink1URL"; Value = "https://www.mouser.de/datasheet/2/281/1/GRM32EC72A106KE05_01A-1988109.pdf"; VariantName = "[No Variations]"
Add component (AddParameter): Name = "Created from"; Value = "DHufnagel"; VariantName = "[No Variations]"
Add component (AddParameter): Name = "Created On"; Value = "21.12.2022 14:25:08"; VariantName = "[No Variations]"
Add component (AddParameter): Name = "Device Package"; Value = "1210"; VariantName = "[No Variations]"
Add component (AddParameter): Name = "Last Updated"; Value = "21.02.2024 14:40:52"; VariantName = "[No Variations]"
Add component (AddParameter): Name = "LCSC Part Number"; Value = "C576517"; VariantName = "[No Variations]"
Add component (AddParameter): Name = "Live Cycle Status"; Value = "1"; VariantName = "[No Variations]"
Add component (AddParameter): Name = "Manufacturer"; Value = "Murata Electronics"; VariantName = "[No Variations]"
Add component (AddParameter): Name = "Manufacturer Part Number"; Value = "GRM32EC72A106KE05L"; VariantName = "[No Variations]"
Add component (AddParameter): Name = "Mounting Type"; Value = "SMD"; VariantName = "[No Variations]"
Add component (AddParameter): Name = "Operating Temperature"; Value = "-55 - 125°C"; VariantName = "[No Variations]"
Add component (AddParameter): Name = "PartID"; Value = "118"; VariantName = "[No Variations]"
Add component (AddParameter): Name = "Series"; Value = "GRM"; VariantName = "[No Variations]"
Add component (AddParameter): Name = "Stock number"; Value = "not stored"; VariantName = "[No Variations]"
Add component (AddParameter): Name = "Supplier 1"; Value = "Mouser"; VariantName = "[No Variations]"
Add component (AddParameter): Name = "Supplier 2"; Value = "LCSC"; VariantName = "[No Variations]"
Add component (AddParameter): Name = "Supplier Part Number 1"; Value = "81-GRM32EC72A106KE05"; VariantName = "[No Variations]"
Add component (AddParameter): Name = "Supplier Part Number 2"; Value = "C576517"; VariantName = "[No Variations]"
Add component (AddParameter): Name = "Tolerance"; Value = "10 %"; VariantName = "[No Variations]"
Add component (AddParameter): Name = "Type"; Value = "Capacitor"; VariantName = "[No Variations]"
Add component (AddParameter): Name = "Value"; Value = "10 µF"; VariantName = "[No Variations]"
Add component (AddParameter): Name = "Voltage Rating"; Value = "100 VDC"; VariantName = "[No Variations]"
Added Component: Designator=C99(C_0603)
Add component (AddParameter): Name = "Component Type"; Value = "Capacitor 0603"; VariantName = "[No Variations]"
Add component (AddParameter): Name = "ComponentLink1Description"; Value = "Datasheet"; VariantName = "[No Variations]"
Add component (AddParameter): Name = "ComponentLink1URL"; Value = "https://datasheet.lcsc.com/lcsc/2304140030_TDK-C1608X7S2A104KT000N_C343025.pdf"; VariantName = "[No Variations]"
Add component (AddParameter): Name = "Created from"; Value = "AGeiger"; VariantName = "[No Variations]"
Add component (AddParameter): Name = "Created On"; Value = "20.12.2020 13:54:13"; VariantName = "[No Variations]"
Add component (AddParameter): Name = "Device Package"; Value = "0603"; VariantName = "[No Variations]"
Add component (AddParameter): Name = "Last Updated"; Value = "14.12.2022 12:14:21"; VariantName = "[No Variations]"
Add component (AddParameter): Name = "LCSC Part Number"; Value = "C343025"; VariantName = "[No Variations]"
Add component (AddParameter): Name = "Live Cycle Status"; Value = "1"; VariantName = "[No Variations]"
Add component (AddParameter): Name = "Manufacturer"; Value = "TDK"; VariantName = "[No Variations]"
Add component (AddParameter): Name = "Manufacturer Part Number"; Value = "C1608X7S2A104KT000N"; VariantName = "[No Variations]"
Add component (AddParameter): Name = "Mounting Type"; Value = "SMD"; VariantName = "[No Variations]"
Add component (AddParameter): Name = "Operating Temperature"; Value = "-55 to 125°C"; VariantName = "[No Variations]"
Add component (AddParameter): Name = "PartID"; Value = "148"; VariantName = "[No Variations]"
Add component (AddParameter): Name = "Series"; Value = "X7R"; VariantName = "[No Variations]"
Add component (AddParameter): Name = "Stock number"; Value = "not stored"; VariantName = "[No Variations]"
Add component (AddParameter): Name = "Supplier 1"; Value = "LCSC"; VariantName = "[No Variations]"
Add component (AddParameter): Name = "Supplier Part Number 1"; Value = "C343025"; VariantName = "[No Variations]"
Add component (AddParameter): Name = "Tolerance"; Value = "10 %"; VariantName = "[No Variations]"
Add component (AddParameter): Name = "Type"; Value = "Capacitor"; VariantName = "[No Variations]"
Add component (AddParameter): Name = "Value"; Value = "100 nF"; VariantName = "[No Variations]"
Add component (AddParameter): Name = "Voltage Rating"; Value = "100 VDC"; VariantName = "[No Variations]"
Added Component: Designator=C105(C_0603)
Add component (AddParameter): Name = "Component Type"; Value = "Capacitor 0603"; VariantName = "[No Variations]"
Add component (AddParameter): Name = "ComponentLink1Description"; Value = "Datasheet"; VariantName = "[No Variations]"
Add component (AddParameter): Name = "ComponentLink1URL"; Value = "https://www.mouser.de/datasheet/2/396/mlcc02_e-1307760.pdf"; VariantName = "[No Variations]"
Add component (AddParameter): Name = "Created from"; Value = "NDiringer"; VariantName = "[No Variations]"
Add component (AddParameter): Name = "Created On"; Value = "09.08.2022 09:35:02"; VariantName = "[No Variations]"
Add component (AddParameter): Name = "Device Package"; Value = "0603"; VariantName = "[No Variations]"
Add component (AddParameter): Name = "Last Updated"; Value = "21.09.2022 16:11:37"; VariantName = "[No Variations]"
Add component (AddParameter): Name = "LCSC Part Number"; Value = "C105174"; VariantName = "[No Variations]"
Add component (AddParameter): Name = "Live Cycle Status"; Value = "1"; VariantName = "[No Variations]"
Add component (AddParameter): Name = "Manufacturer"; Value = "Taiyo Yuden"; VariantName = "[No Variations]"
Add component (AddParameter): Name = "Manufacturer Part Number"; Value = "UMK107AB7105KA-T"; VariantName = "[No Variations]"
Add component (AddParameter): Name = "Mounting Type"; Value = "SMD"; VariantName = "[No Variations]"
Add component (AddParameter): Name = "Operating Temperature"; Value = "-55 - 125°C"; VariantName = "[No Variations]"
Add component (AddParameter): Name = "PartID"; Value = "98"; VariantName = "[No Variations]"
Add component (AddParameter): Name = "Series"; Value = "X7R"; VariantName = "[No Variations]"
Add component (AddParameter): Name = "Stock number"; Value = "not stored"; VariantName = "[No Variations]"
Add component (AddParameter): Name = "Supplier 1"; Value = "LCSC"; VariantName = "[No Variations]"
Add component (AddParameter): Name = "Supplier 2"; Value = "Mouser"; VariantName = "[No Variations]"
Add component (AddParameter): Name = "Supplier Part Number 1"; Value = "C105174"; VariantName = "[No Variations]"
Add component (AddParameter): Name = "Supplier Part Number 2"; Value = "963-UMK107AB7105MA-T"; VariantName = "[No Variations]"
Add component (AddParameter): Name = "Tolerance"; Value = "10 %"; VariantName = "[No Variations]"
Add component (AddParameter): Name = "Type"; Value = "Capacitor"; VariantName = "[No Variations]"
Add component (AddParameter): Name = "Value"; Value = "1 µF"; VariantName = "[No Variations]"
Add component (AddParameter): Name = "Voltage Rating"; Value = "50 VDC"; VariantName = "[No Variations]"
Added Component: Designator=D1(WL-SMCW_0603)
Add component (AddParameter): Name = "Color"; Value = "blue"; VariantName = "[No Variations]"
Add component (AddParameter): Name = "Component Type"; Value = "LED Diode"; VariantName = "[No Variations]"
Add component (AddParameter): Name = "ComponentLink1Description"; Value = "Datasheet"; VariantName = "[No Variations]"
Add component (AddParameter): Name = "ComponentLink1URL"; Value = "https://www.mouser.de/datasheet/2/445/150060BS84000-1838909.pdf"; VariantName = "[No Variations]"
Add component (AddParameter): Name = "Created from"; Value = "MGremer"; VariantName = "[No Variations]"
Add component (AddParameter): Name = "Created On"; Value = "08.12.2020 10:19:38"; VariantName = "[No Variations]"
Add component (AddParameter): Name = "Device Package"; Value = "0603"; VariantName = "[No Variations]"
Add component (AddParameter): Name = "Forward Current I_f"; Value = "20 mA"; VariantName = "[No Variations]"
Add component (AddParameter): Name = "Forward Voltage U_f"; Value = "3.2 V"; VariantName = "[No Variations]"
Add component (AddParameter): Name = "Last Updated"; Value = "21.02.2024 14:46:49"; VariantName = "[No Variations]"
Add component (AddParameter): Name = "LCSC Part Number"; Value = "C5197644"; VariantName = "[No Variations]"
Add component (AddParameter): Name = "Light Intensity"; Value = "560 mcd"; VariantName = "[No Variations]"
Add component (AddParameter): Name = "Live Cycle Status"; Value = "1"; VariantName = "[No Variations]"
Add component (AddParameter): Name = "Manufacturer"; Value = "Wuerth Elektronik"; VariantName = "[No Variations]"
Add component (AddParameter): Name = "Manufacturer Part Number"; Value = "150060BS84000"; VariantName = "[No Variations]"
Add component (AddParameter): Name = "Mounting Type"; Value = "SMD"; VariantName = "[No Variations]"
Add component (AddParameter): Name = "Nominal Power"; Value = "78 mW"; VariantName = "[No Variations]"
Add component (AddParameter): Name = "Operating Temperature"; Value = "-40 - 85 °C"; VariantName = "[No Variations]"
Add component (AddParameter): Name = "PartID"; Value = "1"; VariantName = "[No Variations]"
Add component (AddParameter): Name = "Stock number"; Value = "not stored"; VariantName = "[No Variations]"
Add component (AddParameter): Name = "Supplier 1"; Value = "Mouser"; VariantName = "[No Variations]"
Add component (AddParameter): Name = "Supplier 2"; Value = "Farnell"; VariantName = "[No Variations]"
Add component (AddParameter): Name = "Supplier 3"; Value = "Digi-Key"; VariantName = "[No Variations]"
Add component (AddParameter): Name = "Supplier Part Number 1"; Value = "710-150060BS84000"; VariantName = "[No Variations]"
Add component (AddParameter): Name = "Supplier Part Number 2"; Value = "3408611"; VariantName = "[No Variations]"
Add component (AddParameter): Name = "Supplier Part Number 3"; Value = "732-150060BS84000CT-ND"; VariantName = "[No Variations]"
Add component (AddParameter): Name = "Type"; Value = "Standard"; VariantName = "[No Variations]"
Add component (AddParameter): Name = "Wavelength"; Value = "470 nm"; VariantName = "[No Variations]"
Added Component: Designator=D2(WL-SMCW_0603)
Add component (AddParameter): Name = "Color"; Value = "green"; VariantName = "[No Variations]"
Add component (AddParameter): Name = "Component Type"; Value = "LED Diode"; VariantName = "[No Variations]"
Add component (AddParameter): Name = "ComponentLink1Description"; Value = "Datasheet"; VariantName = "[No Variations]"
Add component (AddParameter): Name = "ComponentLink1URL"; Value = "https://www.mouser.de/datasheet/2/445/150060GS75020-1714345.pdf"; VariantName = "[No Variations]"
Add component (AddParameter): Name = "Created from"; Value = "MGremer"; VariantName = "[No Variations]"
Add component (AddParameter): Name = "Created On"; Value = "08.12.2020 10:41:11"; VariantName = "[No Variations]"
Add component (AddParameter): Name = "Device Package"; Value = "0603"; VariantName = "[No Variations]"
Add component (AddParameter): Name = "Forward Current I_f"; Value = "20 mA"; VariantName = "[No Variations]"
Add component (AddParameter): Name = "Forward Voltage U_f"; Value = "3.2 V"; VariantName = "[No Variations]"
Add component (AddParameter): Name = "Last Updated"; Value = "25.01.2024 19:29:32"; VariantName = "[No Variations]"
Add component (AddParameter): Name = "LCSC Part Number"; Value = "C84267"; VariantName = "[No Variations]"
Add component (AddParameter): Name = "Light Intensity"; Value = "3000 mcd"; VariantName = "[No Variations]"
Add component (AddParameter): Name = "Live Cycle Status"; Value = "1"; VariantName = "[No Variations]"
Add component (AddParameter): Name = "Manufacturer"; Value = "Wuerth Elektronik"; VariantName = "[No Variations]"
Add component (AddParameter): Name = "Manufacturer Part Number"; Value = "150060GS84000"; VariantName = "[No Variations]"
Add component (AddParameter): Name = "Mounting Type"; Value = "SMD"; VariantName = "[No Variations]"
Add component (AddParameter): Name = "Nominal Power"; Value = "78 mW"; VariantName = "[No Variations]"
Add component (AddParameter): Name = "Operating Temperature"; Value = "-40 - 85 °C"; VariantName = "[No Variations]"
Add component (AddParameter): Name = "PartID"; Value = "2"; VariantName = "[No Variations]"
Add component (AddParameter): Name = "Stock number"; Value = "not stored"; VariantName = "[No Variations]"
Add component (AddParameter): Name = "Supplier 1"; Value = "Mouser"; VariantName = "[No Variations]"
Add component (AddParameter): Name = "Supplier 2"; Value = "Farnell"; VariantName = "[No Variations]"
Add component (AddParameter): Name = "Supplier 3"; Value = "Digi-Key"; VariantName = "[No Variations]"
Add component (AddParameter): Name = "Supplier Part Number 1"; Value = "710-150060GS84000"; VariantName = "[No Variations]"
Add component (AddParameter): Name = "Supplier Part Number 2"; Value = "3408612"; VariantName = "[No Variations]"
Add component (AddParameter): Name = "Supplier Part Number 3"; Value = "732-150060GS84000CT-ND"; VariantName = "[No Variations]"
Add component (AddParameter): Name = "Type"; Value = "Standard"; VariantName = "[No Variations]"
Add component (AddParameter): Name = "Wavelength"; Value = "525 nm"; VariantName = "[No Variations]"
Added Component: Designator=D3(WL-SMCW_0603)
Add component (AddParameter): Name = "Color"; Value = "red"; VariantName = "[No Variations]"
Add component (AddParameter): Name = "Component Type"; Value = "LED Diode"; VariantName = "[No Variations]"
Add component (AddParameter): Name = "ComponentLink1Description"; Value = "Datasheet"; VariantName = "[No Variations]"
Add component (AddParameter): Name = "ComponentLink1URL"; Value = "https://www.mouser.de/datasheet/2/445/150120RS75000-1714636.pdf"; VariantName = "[No Variations]"
Add component (AddParameter): Name = "Created from"; Value = "MGremer"; VariantName = "[No Variations]"
Add component (AddParameter): Name = "Created On"; Value = "08.12.2020 10:48:12"; VariantName = "[No Variations]"
Add component (AddParameter): Name = "Device Package"; Value = "0603"; VariantName = "[No Variations]"
Add component (AddParameter): Name = "Forward Current I_f"; Value = "20 mA"; VariantName = "[No Variations]"
Add component (AddParameter): Name = "Forward Voltage U_f"; Value = "2 V"; VariantName = "[No Variations]"
Add component (AddParameter): Name = "Last Updated"; Value = "15.02.2023 18:12:03"; VariantName = "[No Variations]"
Add component (AddParameter): Name = "LCSC Part Number"; Value = "C389517"; VariantName = "[No Variations]"
Add component (AddParameter): Name = "Light Intensity"; Value = "800 mcd"; VariantName = "[No Variations]"
Add component (AddParameter): Name = "Live Cycle Status"; Value = "1"; VariantName = "[No Variations]"
Add component (AddParameter): Name = "Manufacturer"; Value = "Wuerth Elektronik"; VariantName = "[No Variations]"
Add component (AddParameter): Name = "Manufacturer Part Number"; Value = "150060RS86000"; VariantName = "[No Variations]"
Add component (AddParameter): Name = "Mounting Type"; Value = "SMD"; VariantName = "[No Variations]"
Add component (AddParameter): Name = "Nominal Power"; Value = "48 mW"; VariantName = "[No Variations]"
Add component (AddParameter): Name = "Operating Temperature"; Value = "-40 - 85 °C"; VariantName = "[No Variations]"
Add component (AddParameter): Name = "PartID"; Value = "3"; VariantName = "[No Variations]"
Add component (AddParameter): Name = "Stock number"; Value = "not stored"; VariantName = "[No Variations]"
Add component (AddParameter): Name = "Supplier 1"; Value = "Mouser"; VariantName = "[No Variations]"
Add component (AddParameter): Name = "Supplier 2"; Value = "Farnell"; VariantName = "[No Variations]"
Add component (AddParameter): Name = "Supplier 3"; Value = "Digi-Key"; VariantName = "[No Variations]"
Add component (AddParameter): Name = "Supplier Part Number 1"; Value = "710-150060RS86000"; VariantName = "[No Variations]"
Add component (AddParameter): Name = "Supplier Part Number 2"; Value = "3408608"; VariantName = "[No Variations]"
Add component (AddParameter): Name = "Supplier Part Number 3"; Value = "732-150060RS86000CT-ND"; VariantName = "[No Variations]"
Add component (AddParameter): Name = "Type"; Value = "Standard"; VariantName = "[No Variations]"
Add component (AddParameter): Name = "Wavelength"; Value = "624 nm"; VariantName = "[No Variations]"
Added Component: Designator=DOFF_1A(SOD2513X110N)
Add component (AddParameter): Name = "Component Type"; Value = "Schottky Diode"; VariantName = "[No Variations]"
Add component (AddParameter): Name = "ComponentLink1Description"; Value = "Datasheet"; VariantName = "[No Variations]"
Add component (AddParameter): Name = "ComponentLink1URL"; Value = "https://www.mouser.de/datasheet/2/196/Infineon_BAT165SERIES_DS_v01_01_en-1226035.pdf"; VariantName = "[No Variations]"
Add component (AddParameter): Name = "Created from"; Value = "Kpatel"; VariantName = "[No Variations]"
Add component (AddParameter): Name = "Created On"; Value = "6/11/2024 12:14:10 PM"; VariantName = "[No Variations]"
Add component (AddParameter): Name = "Device Package"; Value = "SOD-323-2"; VariantName = "[No Variations]"
Add component (AddParameter): Name = "Forward Current"; Value = "0.75 A"; VariantName = "[No Variations]"
Add component (AddParameter): Name = "Forward Voltage"; Value = "40V"; VariantName = "[No Variations]"
Add component (AddParameter): Name = "Last Updated"; Value = "6/11/2024 12:29:15 PM"; VariantName = "[No Variations]"
Add component (AddParameter): Name = "Live Cycle Status"; Value = "1"; VariantName = "[No Variations]"
Add component (AddParameter): Name = "Manufacturer"; Value = "Infineon Technologies"; VariantName = "[No Variations]"
Add component (AddParameter): Name = "Manufacturer Part Number"; Value = "BAT165E6327HTSA1"; VariantName = "[No Variations]"
Add component (AddParameter): Name = "Mounting Type"; Value = "SMD"; VariantName = "[No Variations]"
Add component (AddParameter): Name = "Operating Temperature"; Value = "-65 - 150 °C"; VariantName = "[No Variations]"
Add component (AddParameter): Name = "PartID"; Value = "16"; VariantName = "[No Variations]"
Add component (AddParameter): Name = "Reverse Current"; Value = "50uA"; VariantName = "[No Variations]"
Add component (AddParameter): Name = "Series"; Value = "BAT165"; VariantName = "[No Variations]"
Add component (AddParameter): Name = "Stock number"; Value = "not stored"; VariantName = "[No Variations]"
Add component (AddParameter): Name = "Supplier 1"; Value = "Mouser"; VariantName = "[No Variations]"
Add component (AddParameter): Name = "Supplier Part Number 1"; Value = "726-BAT165E6327HTSA1"; VariantName = "[No Variations]"
Add component (AddParameter): Name = "Type"; Value = "Schotkey Diode"; VariantName = "[No Variations]"
Add component (AddParameter): Name = "Value"; Value = "40V"; VariantName = "[No Variations]"
Added Component: Designator=DOFF_1B(SOD2513X110N)
Add component (AddParameter): Name = "Component Type"; Value = "Schottky Diode"; VariantName = "[No Variations]"
Add component (AddParameter): Name = "ComponentLink1Description"; Value = "Datasheet"; VariantName = "[No Variations]"
Add component (AddParameter): Name = "ComponentLink1URL"; Value = "https://www.mouser.de/datasheet/2/196/Infineon_BAT165SERIES_DS_v01_01_en-1226035.pdf"; VariantName = "[No Variations]"
Add component (AddParameter): Name = "Created from"; Value = "Kpatel"; VariantName = "[No Variations]"
Add component (AddParameter): Name = "Created On"; Value = "6/11/2024 12:14:10 PM"; VariantName = "[No Variations]"
Add component (AddParameter): Name = "Device Package"; Value = "SOD-323-2"; VariantName = "[No Variations]"
Add component (AddParameter): Name = "Forward Current"; Value = "0.75 A"; VariantName = "[No Variations]"
Add component (AddParameter): Name = "Forward Voltage"; Value = "40V"; VariantName = "[No Variations]"
Add component (AddParameter): Name = "Last Updated"; Value = "6/11/2024 12:29:15 PM"; VariantName = "[No Variations]"
Add component (AddParameter): Name = "Live Cycle Status"; Value = "1"; VariantName = "[No Variations]"
Add component (AddParameter): Name = "Manufacturer"; Value = "Infineon Technologies"; VariantName = "[No Variations]"
Add component (AddParameter): Name = "Manufacturer Part Number"; Value = "BAT165E6327HTSA1"; VariantName = "[No Variations]"
Add component (AddParameter): Name = "Mounting Type"; Value = "SMD"; VariantName = "[No Variations]"
Add component (AddParameter): Name = "Operating Temperature"; Value = "-65 - 150 °C"; VariantName = "[No Variations]"
Add component (AddParameter): Name = "PartID"; Value = "16"; VariantName = "[No Variations]"
Add component (AddParameter): Name = "Reverse Current"; Value = "50uA"; VariantName = "[No Variations]"
Add component (AddParameter): Name = "Series"; Value = "BAT165"; VariantName = "[No Variations]"
Add component (AddParameter): Name = "Stock number"; Value = "not stored"; VariantName = "[No Variations]"
Add component (AddParameter): Name = "Supplier 1"; Value = "Mouser"; VariantName = "[No Variations]"
Add component (AddParameter): Name = "Supplier Part Number 1"; Value = "726-BAT165E6327HTSA1"; VariantName = "[No Variations]"
Add component (AddParameter): Name = "Type"; Value = "Schotkey Diode"; VariantName = "[No Variations]"
Add component (AddParameter): Name = "Value"; Value = "40V"; VariantName = "[No Variations]"
Added Component: Designator=DOFF_1C(SOD2513X110N)
Add component (AddParameter): Name = "Component Type"; Value = "Schottky Diode"; VariantName = "[No Variations]"
Add component (AddParameter): Name = "ComponentLink1Description"; Value = "Datasheet"; VariantName = "[No Variations]"
Add component (AddParameter): Name = "ComponentLink1URL"; Value = "https://www.mouser.de/datasheet/2/196/Infineon_BAT165SERIES_DS_v01_01_en-1226035.pdf"; VariantName = "[No Variations]"
Add component (AddParameter): Name = "Created from"; Value = "Kpatel"; VariantName = "[No Variations]"
Add component (AddParameter): Name = "Created On"; Value = "6/11/2024 12:14:10 PM"; VariantName = "[No Variations]"
Add component (AddParameter): Name = "Device Package"; Value = "SOD-323-2"; VariantName = "[No Variations]"
Add component (AddParameter): Name = "Forward Current"; Value = "0.75 A"; VariantName = "[No Variations]"
Add component (AddParameter): Name = "Forward Voltage"; Value = "40V"; VariantName = "[No Variations]"
Add component (AddParameter): Name = "Last Updated"; Value = "6/11/2024 12:29:15 PM"; VariantName = "[No Variations]"
Add component (AddParameter): Name = "Live Cycle Status"; Value = "1"; VariantName = "[No Variations]"
Add component (AddParameter): Name = "Manufacturer"; Value = "Infineon Technologies"; VariantName = "[No Variations]"
Add component (AddParameter): Name = "Manufacturer Part Number"; Value = "BAT165E6327HTSA1"; VariantName = "[No Variations]"
Add component (AddParameter): Name = "Mounting Type"; Value = "SMD"; VariantName = "[No Variations]"
Add component (AddParameter): Name = "Operating Temperature"; Value = "-65 - 150 °C"; VariantName = "[No Variations]"
Add component (AddParameter): Name = "PartID"; Value = "16"; VariantName = "[No Variations]"
Add component (AddParameter): Name = "Reverse Current"; Value = "50uA"; VariantName = "[No Variations]"
Add component (AddParameter): Name = "Series"; Value = "BAT165"; VariantName = "[No Variations]"
Add component (AddParameter): Name = "Stock number"; Value = "not stored"; VariantName = "[No Variations]"
Add component (AddParameter): Name = "Supplier 1"; Value = "Mouser"; VariantName = "[No Variations]"
Add component (AddParameter): Name = "Supplier Part Number 1"; Value = "726-BAT165E6327HTSA1"; VariantName = "[No Variations]"
Add component (AddParameter): Name = "Type"; Value = "Schotkey Diode"; VariantName = "[No Variations]"
Add component (AddParameter): Name = "Value"; Value = "40V"; VariantName = "[No Variations]"
Added Component: Designator=DOFF_2A(SOD2513X110N)
Add component (AddParameter): Name = "Component Type"; Value = "Schottky Diode"; VariantName = "[No Variations]"
Add component (AddParameter): Name = "ComponentLink1Description"; Value = "Datasheet"; VariantName = "[No Variations]"
Add component (AddParameter): Name = "ComponentLink1URL"; Value = "https://www.mouser.de/datasheet/2/196/Infineon_BAT165SERIES_DS_v01_01_en-1226035.pdf"; VariantName = "[No Variations]"
Add component (AddParameter): Name = "Created from"; Value = "Kpatel"; VariantName = "[No Variations]"
Add component (AddParameter): Name = "Created On"; Value = "6/11/2024 12:14:10 PM"; VariantName = "[No Variations]"
Add component (AddParameter): Name = "Device Package"; Value = "SOD-323-2"; VariantName = "[No Variations]"
Add component (AddParameter): Name = "Forward Current"; Value = "0.75 A"; VariantName = "[No Variations]"
Add component (AddParameter): Name = "Forward Voltage"; Value = "40V"; VariantName = "[No Variations]"
Add component (AddParameter): Name = "Last Updated"; Value = "6/11/2024 12:29:15 PM"; VariantName = "[No Variations]"
Add component (AddParameter): Name = "Live Cycle Status"; Value = "1"; VariantName = "[No Variations]"
Add component (AddParameter): Name = "Manufacturer"; Value = "Infineon Technologies"; VariantName = "[No Variations]"
Add component (AddParameter): Name = "Manufacturer Part Number"; Value = "BAT165E6327HTSA1"; VariantName = "[No Variations]"
Add component (AddParameter): Name = "Mounting Type"; Value = "SMD"; VariantName = "[No Variations]"
Add component (AddParameter): Name = "Operating Temperature"; Value = "-65 - 150 °C"; VariantName = "[No Variations]"
Add component (AddParameter): Name = "PartID"; Value = "16"; VariantName = "[No Variations]"
Add component (AddParameter): Name = "Reverse Current"; Value = "50uA"; VariantName = "[No Variations]"
Add component (AddParameter): Name = "Series"; Value = "BAT165"; VariantName = "[No Variations]"
Add component (AddParameter): Name = "Stock number"; Value = "not stored"; VariantName = "[No Variations]"
Add component (AddParameter): Name = "Supplier 1"; Value = "Mouser"; VariantName = "[No Variations]"
Add component (AddParameter): Name = "Supplier Part Number 1"; Value = "726-BAT165E6327HTSA1"; VariantName = "[No Variations]"
Add component (AddParameter): Name = "Type"; Value = "Schotkey Diode"; VariantName = "[No Variations]"
Add component (AddParameter): Name = "Value"; Value = "40V"; VariantName = "[No Variations]"
Added Component: Designator=DOFF_2B(SOD2513X110N)
Add component (AddParameter): Name = "Component Type"; Value = "Schottky Diode"; VariantName = "[No Variations]"
Add component (AddParameter): Name = "ComponentLink1Description"; Value = "Datasheet"; VariantName = "[No Variations]"
Add component (AddParameter): Name = "ComponentLink1URL"; Value = "https://www.mouser.de/datasheet/2/196/Infineon_BAT165SERIES_DS_v01_01_en-1226035.pdf"; VariantName = "[No Variations]"
Add component (AddParameter): Name = "Created from"; Value = "Kpatel"; VariantName = "[No Variations]"
Add component (AddParameter): Name = "Created On"; Value = "6/11/2024 12:14:10 PM"; VariantName = "[No Variations]"
Add component (AddParameter): Name = "Device Package"; Value = "SOD-323-2"; VariantName = "[No Variations]"
Add component (AddParameter): Name = "Forward Current"; Value = "0.75 A"; VariantName = "[No Variations]"
Add component (AddParameter): Name = "Forward Voltage"; Value = "40V"; VariantName = "[No Variations]"
Add component (AddParameter): Name = "Last Updated"; Value = "6/11/2024 12:29:15 PM"; VariantName = "[No Variations]"
Add component (AddParameter): Name = "Live Cycle Status"; Value = "1"; VariantName = "[No Variations]"
Add component (AddParameter): Name = "Manufacturer"; Value = "Infineon Technologies"; VariantName = "[No Variations]"
Add component (AddParameter): Name = "Manufacturer Part Number"; Value = "BAT165E6327HTSA1"; VariantName = "[No Variations]"
Add component (AddParameter): Name = "Mounting Type"; Value = "SMD"; VariantName = "[No Variations]"
Add component (AddParameter): Name = "Operating Temperature"; Value = "-65 - 150 °C"; VariantName = "[No Variations]"
Add component (AddParameter): Name = "PartID"; Value = "16"; VariantName = "[No Variations]"
Add component (AddParameter): Name = "Reverse Current"; Value = "50uA"; VariantName = "[No Variations]"
Add component (AddParameter): Name = "Series"; Value = "BAT165"; VariantName = "[No Variations]"
Add component (AddParameter): Name = "Stock number"; Value = "not stored"; VariantName = "[No Variations]"
Add component (AddParameter): Name = "Supplier 1"; Value = "Mouser"; VariantName = "[No Variations]"
Add component (AddParameter): Name = "Supplier Part Number 1"; Value = "726-BAT165E6327HTSA1"; VariantName = "[No Variations]"
Add component (AddParameter): Name = "Type"; Value = "Schotkey Diode"; VariantName = "[No Variations]"
Add component (AddParameter): Name = "Value"; Value = "40V"; VariantName = "[No Variations]"
Added Component: Designator=DOFF_2C(SOD2513X110N)
Add component (AddParameter): Name = "Component Type"; Value = "Schottky Diode"; VariantName = "[No Variations]"
Add component (AddParameter): Name = "ComponentLink1Description"; Value = "Datasheet"; VariantName = "[No Variations]"
Add component (AddParameter): Name = "ComponentLink1URL"; Value = "https://www.mouser.de/datasheet/2/196/Infineon_BAT165SERIES_DS_v01_01_en-1226035.pdf"; VariantName = "[No Variations]"
Add component (AddParameter): Name = "Created from"; Value = "Kpatel"; VariantName = "[No Variations]"
Add component (AddParameter): Name = "Created On"; Value = "6/11/2024 12:14:10 PM"; VariantName = "[No Variations]"
Add component (AddParameter): Name = "Device Package"; Value = "SOD-323-2"; VariantName = "[No Variations]"
Add component (AddParameter): Name = "Forward Current"; Value = "0.75 A"; VariantName = "[No Variations]"
Add component (AddParameter): Name = "Forward Voltage"; Value = "40V"; VariantName = "[No Variations]"
Add component (AddParameter): Name = "Last Updated"; Value = "6/11/2024 12:29:15 PM"; VariantName = "[No Variations]"
Add component (AddParameter): Name = "Live Cycle Status"; Value = "1"; VariantName = "[No Variations]"
Add component (AddParameter): Name = "Manufacturer"; Value = "Infineon Technologies"; VariantName = "[No Variations]"
Add component (AddParameter): Name = "Manufacturer Part Number"; Value = "BAT165E6327HTSA1"; VariantName = "[No Variations]"
Add component (AddParameter): Name = "Mounting Type"; Value = "SMD"; VariantName = "[No Variations]"
Add component (AddParameter): Name = "Operating Temperature"; Value = "-65 - 150 °C"; VariantName = "[No Variations]"
Add component (AddParameter): Name = "PartID"; Value = "16"; VariantName = "[No Variations]"
Add component (AddParameter): Name = "Reverse Current"; Value = "50uA"; VariantName = "[No Variations]"
Add component (AddParameter): Name = "Series"; Value = "BAT165"; VariantName = "[No Variations]"
Add component (AddParameter): Name = "Stock number"; Value = "not stored"; VariantName = "[No Variations]"
Add component (AddParameter): Name = "Supplier 1"; Value = "Mouser"; VariantName = "[No Variations]"
Add component (AddParameter): Name = "Supplier Part Number 1"; Value = "726-BAT165E6327HTSA1"; VariantName = "[No Variations]"
Add component (AddParameter): Name = "Type"; Value = "Schotkey Diode"; VariantName = "[No Variations]"
Add component (AddParameter): Name = "Value"; Value = "40V"; VariantName = "[No Variations]"
Added Component: Designator=F1(MINIASMDC260F162)
Add component (AddParameter): Name = "Arrow Part Number"; Value = "MINIASMDC110F/24-2"; VariantName = "[No Variations]"
Add component (AddParameter): Name = "Arrow Price/Stock"; Value = "https://www.arrow.com/en/products/miniasmdc110f24-2/littelfuse"; VariantName = "[No Variations]"
Add component (AddParameter): Name = "Component Type"; Value = "Littlefuse_PPTC_1812"; VariantName = "[No Variations]"
Add component (AddParameter): Name = "ComponentLink1Description"; Value = "Datasheet"; VariantName = "[No Variations]"
Add component (AddParameter): Name = "ComponentLink1URL"; Value = "https://www.mouser.de/datasheet/2/240/Littelfuse_PTC_Surface_Mount_Catalog_Datasheet_pdf-2999493.pdf"; VariantName = "[No Variations]"
Add component (AddParameter): Name = "Created from"; Value = "DHufnagel"; VariantName = "[No Variations]"
Add component (AddParameter): Name = "Created On"; Value = "20.12.2022 08:41:46"; VariantName = "[No Variations]"
Add component (AddParameter): Name = "Datasheet Link"; Value = "https://www.littelfuse.com/~/media/electronics/datasheets/resettable_ptcs/littelfuse_ptc_miniasmdc_datasheet.pdf.pdf"; VariantName = "[No Variations]"
Add component (AddParameter): Name = "Device Package"; Value = "1812"; VariantName = "[No Variations]"
Add component (AddParameter): Name = "Height"; Value = "0.89mm"; VariantName = "[No Variations]"
Add component (AddParameter): Name = "Last Updated"; Value = "21.02.2024 14:55:35"; VariantName = "[No Variations]"
Add component (AddParameter): Name = "LCSC Part Number"; Value = "C70119"; VariantName = "[No Variations]"
Add component (AddParameter): Name = "Live Cycle Status"; Value = "1"; VariantName = "[No Variations]"
Add component (AddParameter): Name = "Manufacturer"; Value = "Littelfuse"; VariantName = "[No Variations]"
Add component (AddParameter): Name = "Manufacturer Part Number"; Value = "MINIASMDC110F/24-2"; VariantName = "[No Variations]"
Add component (AddParameter): Name = "Manufacturer_Name"; Value = "LITTELFUSE"; VariantName = "[No Variations]"
Add component (AddParameter): Name = "Manufacturer_Part_Number"; Value = "MINIASMDC110F/24-2"; VariantName = "[No Variations]"
Add component (AddParameter): Name = "Mounting Type"; Value = "SMD"; VariantName = "[No Variations]"
Add component (AddParameter): Name = "Mouser Part Number"; Value = "650-MINIASMDC110F/24"; VariantName = "[No Variations]"
Add component (AddParameter): Name = "Mouser Price/Stock"; Value = "https://www.mouser.com/Search/Refine.aspx?Keyword=650-MINIASMDC110F%2F24"; VariantName = "[No Variations]"
Add component (AddParameter): Name = "Mouser Testing Part Number"; Value = ""; VariantName = "[No Variations]"
Add component (AddParameter): Name = "Mouser Testing Price/Stock"; Value = ""; VariantName = "[No Variations]"
Add component (AddParameter): Name = "Nominal current"; Value = "1.1 A"; VariantName = "[No Variations]"
Add component (AddParameter): Name = "Nominal voltage DC"; Value = "24 VDC"; VariantName = "[No Variations]"
Add component (AddParameter): Name = "Operating Temperature"; Value = "-40 - 85 °C"; VariantName = "[No Variations]"
Add component (AddParameter): Name = "PartID"; Value = "6"; VariantName = "[No Variations]"
Add component (AddParameter): Name = "Resistance"; Value = "180 mOhm"; VariantName = "[No Variations]"
Add component (AddParameter): Name = "Stock number"; Value = "not stored"; VariantName = "[No Variations]"
Add component (AddParameter): Name = "Supplier 1"; Value = "Mouser"; VariantName = "[No Variations]"
Add component (AddParameter): Name = "Supplier 2"; Value = "LCSC"; VariantName = "[No Variations]"
Add component (AddParameter): Name = "Supplier Part Number 1"; Value = "650-MINIASMDC110F/24"; VariantName = "[No Variations]"
Add component (AddParameter): Name = "Supplier Part Number 2"; Value = "C70119"; VariantName = "[No Variations]"
Add component (AddParameter): Name = "Type"; Value = "Fuse"; VariantName = "[No Variations]"
Add component (AddParameter): Name = "Value"; Value = "PPTC, 1.1 A, 24V"; VariantName = "[No Variations]"
Added Component: Designator=F2(MINIASMDC260F162)
Add component (AddParameter): Name = "Arrow Part Number"; Value = "MINIASMDC110F/24-2"; VariantName = "[No Variations]"
Add component (AddParameter): Name = "Arrow Price/Stock"; Value = "https://www.arrow.com/en/products/miniasmdc110f24-2/littelfuse"; VariantName = "[No Variations]"
Add component (AddParameter): Name = "Component Type"; Value = "Littlefuse_PPTC_1812"; VariantName = "[No Variations]"
Add component (AddParameter): Name = "ComponentLink1Description"; Value = "Datasheet"; VariantName = "[No Variations]"
Add component (AddParameter): Name = "ComponentLink1URL"; Value = "https://www.mouser.de/datasheet/2/240/Littelfuse_PTC_Surface_Mount_Catalog_Datasheet_pdf-2999493.pdf"; VariantName = "[No Variations]"
Add component (AddParameter): Name = "Created from"; Value = "DHufnagel"; VariantName = "[No Variations]"
Add component (AddParameter): Name = "Created On"; Value = "20.12.2022 08:41:46"; VariantName = "[No Variations]"
Add component (AddParameter): Name = "Datasheet Link"; Value = "https://www.littelfuse.com/~/media/electronics/datasheets/resettable_ptcs/littelfuse_ptc_miniasmdc_datasheet.pdf.pdf"; VariantName = "[No Variations]"
Add component (AddParameter): Name = "Device Package"; Value = "1812"; VariantName = "[No Variations]"
Add component (AddParameter): Name = "Height"; Value = "0.89mm"; VariantName = "[No Variations]"
Add component (AddParameter): Name = "Last Updated"; Value = "21.02.2024 14:55:35"; VariantName = "[No Variations]"
Add component (AddParameter): Name = "LCSC Part Number"; Value = "C70119"; VariantName = "[No Variations]"
Add component (AddParameter): Name = "Live Cycle Status"; Value = "1"; VariantName = "[No Variations]"
Add component (AddParameter): Name = "Manufacturer"; Value = "Littelfuse"; VariantName = "[No Variations]"
Add component (AddParameter): Name = "Manufacturer Part Number"; Value = "MINIASMDC110F/24-2"; VariantName = "[No Variations]"
Add component (AddParameter): Name = "Manufacturer_Name"; Value = "LITTELFUSE"; VariantName = "[No Variations]"
Add component (AddParameter): Name = "Manufacturer_Part_Number"; Value = "MINIASMDC110F/24-2"; VariantName = "[No Variations]"
Add component (AddParameter): Name = "Mounting Type"; Value = "SMD"; VariantName = "[No Variations]"
Add component (AddParameter): Name = "Mouser Part Number"; Value = "650-MINIASMDC110F/24"; VariantName = "[No Variations]"
Add component (AddParameter): Name = "Mouser Price/Stock"; Value = "https://www.mouser.com/Search/Refine.aspx?Keyword=650-MINIASMDC110F%2F24"; VariantName = "[No Variations]"
Add component (AddParameter): Name = "Mouser Testing Part Number"; Value = ""; VariantName = "[No Variations]"
Add component (AddParameter): Name = "Mouser Testing Price/Stock"; Value = ""; VariantName = "[No Variations]"
Add component (AddParameter): Name = "Nominal current"; Value = "1.1 A"; VariantName = "[No Variations]"
Add component (AddParameter): Name = "Nominal voltage DC"; Value = "24 VDC"; VariantName = "[No Variations]"
Add component (AddParameter): Name = "Operating Temperature"; Value = "-40 - 85 °C"; VariantName = "[No Variations]"
Add component (AddParameter): Name = "PartID"; Value = "6"; VariantName = "[No Variations]"
Add component (AddParameter): Name = "Resistance"; Value = "180 mOhm"; VariantName = "[No Variations]"
Add component (AddParameter): Name = "Stock number"; Value = "not stored"; VariantName = "[No Variations]"
Add component (AddParameter): Name = "Supplier 1"; Value = "Mouser"; VariantName = "[No Variations]"
Add component (AddParameter): Name = "Supplier 2"; Value = "LCSC"; VariantName = "[No Variations]"
Add component (AddParameter): Name = "Supplier Part Number 1"; Value = "650-MINIASMDC110F/24"; VariantName = "[No Variations]"
Add component (AddParameter): Name = "Supplier Part Number 2"; Value = "C70119"; VariantName = "[No Variations]"
Add component (AddParameter): Name = "Type"; Value = "Fuse"; VariantName = "[No Variations]"
Add component (AddParameter): Name = "Value"; Value = "PPTC, 1.1 A, 24V"; VariantName = "[No Variations]"
Added Component: Designator=F3(MINIASMDC260F162)
Add component (AddParameter): Name = "Arrow Part Number"; Value = "MINIASMDC110F/24-2"; VariantName = "[No Variations]"
Add component (AddParameter): Name = "Arrow Price/Stock"; Value = "https://www.arrow.com/en/products/miniasmdc110f24-2/littelfuse"; VariantName = "[No Variations]"
Add component (AddParameter): Name = "Component Type"; Value = "Littlefuse_PPTC_1812"; VariantName = "[No Variations]"
Add component (AddParameter): Name = "ComponentLink1Description"; Value = "Datasheet"; VariantName = "[No Variations]"
Add component (AddParameter): Name = "ComponentLink1URL"; Value = "https://www.mouser.de/datasheet/2/240/Littelfuse_PTC_Surface_Mount_Catalog_Datasheet_pdf-2999493.pdf"; VariantName = "[No Variations]"
Add component (AddParameter): Name = "Created from"; Value = "DHufnagel"; VariantName = "[No Variations]"
Add component (AddParameter): Name = "Created On"; Value = "20.12.2022 08:41:46"; VariantName = "[No Variations]"
Add component (AddParameter): Name = "Datasheet Link"; Value = "https://www.littelfuse.com/~/media/electronics/datasheets/resettable_ptcs/littelfuse_ptc_miniasmdc_datasheet.pdf.pdf"; VariantName = "[No Variations]"
Add component (AddParameter): Name = "Device Package"; Value = "1812"; VariantName = "[No Variations]"
Add component (AddParameter): Name = "Height"; Value = "0.89mm"; VariantName = "[No Variations]"
Add component (AddParameter): Name = "Last Updated"; Value = "21.02.2024 14:55:35"; VariantName = "[No Variations]"
Add component (AddParameter): Name = "LCSC Part Number"; Value = "C70119"; VariantName = "[No Variations]"
Add component (AddParameter): Name = "Live Cycle Status"; Value = "1"; VariantName = "[No Variations]"
Add component (AddParameter): Name = "Manufacturer"; Value = "Littelfuse"; VariantName = "[No Variations]"
Add component (AddParameter): Name = "Manufacturer Part Number"; Value = "MINIASMDC110F/24-2"; VariantName = "[No Variations]"
Add component (AddParameter): Name = "Manufacturer_Name"; Value = "LITTELFUSE"; VariantName = "[No Variations]"
Add component (AddParameter): Name = "Manufacturer_Part_Number"; Value = "MINIASMDC110F/24-2"; VariantName = "[No Variations]"
Add component (AddParameter): Name = "Mounting Type"; Value = "SMD"; VariantName = "[No Variations]"
Add component (AddParameter): Name = "Mouser Part Number"; Value = "650-MINIASMDC110F/24"; VariantName = "[No Variations]"
Add component (AddParameter): Name = "Mouser Price/Stock"; Value = "https://www.mouser.com/Search/Refine.aspx?Keyword=650-MINIASMDC110F%2F24"; VariantName = "[No Variations]"
Add component (AddParameter): Name = "Mouser Testing Part Number"; Value = ""; VariantName = "[No Variations]"
Add component (AddParameter): Name = "Mouser Testing Price/Stock"; Value = ""; VariantName = "[No Variations]"
Add component (AddParameter): Name = "Nominal current"; Value = "1.1 A"; VariantName = "[No Variations]"
Add component (AddParameter): Name = "Nominal voltage DC"; Value = "24 VDC"; VariantName = "[No Variations]"
Add component (AddParameter): Name = "Operating Temperature"; Value = "-40 - 85 °C"; VariantName = "[No Variations]"
Add component (AddParameter): Name = "PartID"; Value = "6"; VariantName = "[No Variations]"
Add component (AddParameter): Name = "Resistance"; Value = "180 mOhm"; VariantName = "[No Variations]"
Add component (AddParameter): Name = "Stock number"; Value = "not stored"; VariantName = "[No Variations]"
Add component (AddParameter): Name = "Supplier 1"; Value = "Mouser"; VariantName = "[No Variations]"
Add component (AddParameter): Name = "Supplier 2"; Value = "LCSC"; VariantName = "[No Variations]"
Add component (AddParameter): Name = "Supplier Part Number 1"; Value = "650-MINIASMDC110F/24"; VariantName = "[No Variations]"
Add component (AddParameter): Name = "Supplier Part Number 2"; Value = "C70119"; VariantName = "[No Variations]"
Add component (AddParameter): Name = "Type"; Value = "Fuse"; VariantName = "[No Variations]"
Add component (AddParameter): Name = "Value"; Value = "PPTC, 1.1 A, 24V"; VariantName = "[No Variations]"
Added Component: Designator=INFO(Design_info)
Add component (AddParameter): Name = "Component Type"; Value = "Design Information"; VariantName = "[No Variations]"
Add component (AddParameter): Name = "ComponentLink1Description"; Value = "https://docs.ultrazohm.com/"; VariantName = "[No Variations]"
Add component (AddParameter): Name = "ComponentLink1URL"; Value = "homepage"; VariantName = "[No Variations]"
Add component (AddParameter): Name = "Created from"; Value = "MGremer"; VariantName = "[No Variations]"
Add component (AddParameter): Name = "Created On"; Value = "03.11.2021 09:04:23"; VariantName = "[No Variations]"
Add component (AddParameter): Name = "Last Updated"; Value = "03.11.2021 09:28:34"; VariantName = "[No Variations]"
Add component (AddParameter): Name = "Live Cycle Status"; Value = "1"; VariantName = "[No Variations]"
Add component (AddParameter): Name = "Manufacturer"; Value = "UltraZohm"; VariantName = "[No Variations]"
Add component (AddParameter): Name = "Manufacturer Part Number"; Value = "Design Information"; VariantName = "[No Variations]"
Add component (AddParameter): Name = "PartID"; Value = "12"; VariantName = "[No Variations]"
Add component (AddParameter): Name = "Supplier 1"; Value = "-"; VariantName = "[No Variations]"
Add component (AddParameter): Name = "Supplier Part Number 1"; Value = "-"; VariantName = "[No Variations]"
Add component (AddParameter): Name = "Type"; Value = "Design Information"; VariantName = "[No Variations]"
Add component (AddParameter): Name = "Value"; Value = "Design Information"; VariantName = "[No Variations]"
Added Component: Designator=J1(634008149821)
Add component (AddParameter): Name = "Category"; Value = "Input/Output Connectors"; VariantName = "[No Variations]"
Add component (AddParameter): Name = "Component Type"; Value = "RJ45 Connector"; VariantName = "[No Variations]"
Add component (AddParameter): Name = "ComponentLink1Description"; Value = "Datasheet"; VariantName = "[No Variations]"
Add component (AddParameter): Name = "ComponentLink1URL"; Value = "https://jlcpcb.com/partdetail/TeConnectivity-63391601/C125076"; VariantName = "[No Variations]"
Add component (AddParameter): Name = "ComponentLink2Description"; Value = "Datasheet"; VariantName = "[No Variations]"
Add component (AddParameter): Name = "ComponentLink2URL"; Value = "https://www.we-online.com/redexpert/spec/634008149821?ad"; VariantName = "[No Variations]"
Add component (AddParameter): Name = "Contact Resistance"; Value = "20mOhm"; VariantName = "[No Variations]"
Add component (AddParameter): Name = "Created from"; Value = "NDiringer"; VariantName = "[No Variations]"
Add component (AddParameter): Name = "Created On"; Value = "20.04.2023 12:29:11"; VariantName = "[No Variations]"
Add component (AddParameter): Name = "Device Package"; Value = "RJ45"; VariantName = "[No Variations]"
Add component (AddParameter): Name = "Insulation Resistance"; Value = "500MOhm"; VariantName = "[No Variations]"
Add component (AddParameter): Name = "Last Updated"; Value = "21.02.2024 15:07:56"; VariantName = "[No Variations]"
Add component (AddParameter): Name = "LCSC Part Number"; Value = "C125076"; VariantName = "[No Variations]"
Add component (AddParameter): Name = "LED"; Value = "No"; VariantName = "[No Variations]"
Add component (AddParameter): Name = "Live Cycle Status"; Value = "1"; VariantName = "[No Variations]"
Add component (AddParameter): Name = "Manufacturer"; Value = "TE Connectivity"; VariantName = "[No Variations]"
Add component (AddParameter): Name = "Manufacturer Part Number"; Value = "6339160-1"; VariantName = "[No Variations]"
Add component (AddParameter): Name = "Match Code"; Value = "WR-MJ"; VariantName = "[No Variations]"
Add component (AddParameter): Name = "Mount"; Value = "Surface Mount"; VariantName = "[No Variations]"
Add component (AddParameter): Name = "Mounting Type"; Value = "SMD"; VariantName = "[No Variations]"
Add component (AddParameter): Name = "Number of Pins"; Value = "8P8C"; VariantName = "[No Variations]"
Add component (AddParameter): Name = "Number of Ports"; Value = "1"; VariantName = "[No Variations]"
Add component (AddParameter): Name = "Operating Temperature Max"; Value = "85°C"; VariantName = "[No Variations]"
Add component (AddParameter): Name = "Operating Temperature Min"; Value = "-40°C"; VariantName = "[No Variations]"
Add component (AddParameter): Name = "Orientation"; Value = "Horizontal"; VariantName = "[No Variations]"
Add component (AddParameter): Name = "Packaging"; Value = "Tray"; VariantName = "[No Variations]"
Add component (AddParameter): Name = "PartID"; Value = "8"; VariantName = "[No Variations]"
Add component (AddParameter): Name = "Rated Current"; Value = "1.5A"; VariantName = "[No Variations]"
Add component (AddParameter): Name = "Series"; Value = "RJHSE"; VariantName = "[No Variations]"
Add component (AddParameter): Name = "Shielding"; Value = "Yes"; VariantName = "[No Variations]"
Add component (AddParameter): Name = "Stock number"; Value = "not stored"; VariantName = "[No Variations]"
Add component (AddParameter): Name = "Supplier 1"; Value = "LCSC"; VariantName = "[No Variations]"
Add component (AddParameter): Name = "Supplier Part Number 1"; Value = "C125076"; VariantName = "[No Variations]"
Add component (AddParameter): Name = "Type"; Value = "RJ45 Connector"; VariantName = "[No Variations]"
Add component (AddParameter): Name = "Withstanding Voltage"; Value = "1000VAC"; VariantName = "[No Variations]"
Add component (AddParameter): Name = "Working Voltage"; Value = "120VAC"; VariantName = "[No Variations]"
Added Component: Designator=J2(634008149821)
Add component (AddParameter): Name = "Category"; Value = "Input/Output Connectors"; VariantName = "[No Variations]"
Add component (AddParameter): Name = "Component Type"; Value = "RJ45 Connector"; VariantName = "[No Variations]"
Add component (AddParameter): Name = "ComponentLink1Description"; Value = "Datasheet"; VariantName = "[No Variations]"
Add component (AddParameter): Name = "ComponentLink1URL"; Value = "https://jlcpcb.com/partdetail/TeConnectivity-63391601/C125076"; VariantName = "[No Variations]"
Add component (AddParameter): Name = "ComponentLink2Description"; Value = "Datasheet"; VariantName = "[No Variations]"
Add component (AddParameter): Name = "ComponentLink2URL"; Value = "https://www.we-online.com/redexpert/spec/634008149821?ad"; VariantName = "[No Variations]"
Add component (AddParameter): Name = "Contact Resistance"; Value = "20mOhm"; VariantName = "[No Variations]"
Add component (AddParameter): Name = "Created from"; Value = "NDiringer"; VariantName = "[No Variations]"
Add component (AddParameter): Name = "Created On"; Value = "20.04.2023 12:29:11"; VariantName = "[No Variations]"
Add component (AddParameter): Name = "Device Package"; Value = "RJ45"; VariantName = "[No Variations]"
Add component (AddParameter): Name = "Insulation Resistance"; Value = "500MOhm"; VariantName = "[No Variations]"
Add component (AddParameter): Name = "Last Updated"; Value = "21.02.2024 15:07:56"; VariantName = "[No Variations]"
Add component (AddParameter): Name = "LCSC Part Number"; Value = "C125076"; VariantName = "[No Variations]"
Add component (AddParameter): Name = "LED"; Value = "No"; VariantName = "[No Variations]"
Add component (AddParameter): Name = "Live Cycle Status"; Value = "1"; VariantName = "[No Variations]"
Add component (AddParameter): Name = "Manufacturer"; Value = "TE Connectivity"; VariantName = "[No Variations]"
Add component (AddParameter): Name = "Manufacturer Part Number"; Value = "6339160-1"; VariantName = "[No Variations]"
Add component (AddParameter): Name = "Match Code"; Value = "WR-MJ"; VariantName = "[No Variations]"
Add component (AddParameter): Name = "Mount"; Value = "Surface Mount"; VariantName = "[No Variations]"
Add component (AddParameter): Name = "Mounting Type"; Value = "SMD"; VariantName = "[No Variations]"
Add component (AddParameter): Name = "Number of Pins"; Value = "8P8C"; VariantName = "[No Variations]"
Add component (AddParameter): Name = "Number of Ports"; Value = "1"; VariantName = "[No Variations]"
Add component (AddParameter): Name = "Operating Temperature Max"; Value = "85°C"; VariantName = "[No Variations]"
Add component (AddParameter): Name = "Operating Temperature Min"; Value = "-40°C"; VariantName = "[No Variations]"
Add component (AddParameter): Name = "Orientation"; Value = "Horizontal"; VariantName = "[No Variations]"
Add component (AddParameter): Name = "Packaging"; Value = "Tray"; VariantName = "[No Variations]"
Add component (AddParameter): Name = "PartID"; Value = "8"; VariantName = "[No Variations]"
Add component (AddParameter): Name = "Rated Current"; Value = "1.5A"; VariantName = "[No Variations]"
Add component (AddParameter): Name = "Series"; Value = "RJHSE"; VariantName = "[No Variations]"
Add component (AddParameter): Name = "Shielding"; Value = "Yes"; VariantName = "[No Variations]"
Add component (AddParameter): Name = "Stock number"; Value = "not stored"; VariantName = "[No Variations]"
Add component (AddParameter): Name = "Supplier 1"; Value = "LCSC"; VariantName = "[No Variations]"
Add component (AddParameter): Name = "Supplier Part Number 1"; Value = "C125076"; VariantName = "[No Variations]"
Add component (AddParameter): Name = "Type"; Value = "RJ45 Connector"; VariantName = "[No Variations]"
Add component (AddParameter): Name = "Withstanding Voltage"; Value = "1000VAC"; VariantName = "[No Variations]"
Add component (AddParameter): Name = "Working Voltage"; Value = "120VAC"; VariantName = "[No Variations]"
Added Component: Designator=J3(FCR7350)
Add component (AddParameter): Name = "Component Type"; Value = "PCB mount 4mm jack, Red"; VariantName = "[No Variations]"
Add component (AddParameter): Name = "ComponentLink1Description"; Value = "datasheet"; VariantName = "[No Variations]"
Add component (AddParameter): Name = "ComponentLink1URL"; Value = "https://www.cliffuk.co.uk/products/testleads/sockets/S16NPC.pdf"; VariantName = "[No Variations]"
Add component (AddParameter): Name = "ComponentLink2Description"; Value = "drawing"; VariantName = "[No Variations]"
Add component (AddParameter): Name = "ComponentLink2URL"; Value = "https://media.digikey.com/pdf/Data%20Sheets/Cliff%20Electronic%20LTD%20PDF's/FCR7350_Drawing.pdf"; VariantName = "[No Variations]"
Add component (AddParameter): Name = "Created from"; Value = "DHufnagel"; VariantName = "[No Variations]"
Add component (AddParameter): Name = "Created On"; Value = "13.06.2022 10:18:11"; VariantName = "[No Variations]"
Add component (AddParameter): Name = "Device Package"; Value = "THT"; VariantName = "[No Variations]"
Add component (AddParameter): Name = "Last Updated"; Value = "21.02.2024 15:19:13"; VariantName = "[No Variations]"
Add component (AddParameter): Name = "LCSC Part Number"; Value = "C7437326"; VariantName = "[No Variations]"
Add component (AddParameter): Name = "Live Cycle Status"; Value = "1"; VariantName = "[No Variations]"
Add component (AddParameter): Name = "Manufacturer"; Value = "Cliff"; VariantName = "[No Variations]"
Add component (AddParameter): Name = "Manufacturer Part Number"; Value = "FCR7350R"; VariantName = "[No Variations]"
Add component (AddParameter): Name = "Minimum Order"; Value = "1"; VariantName = "[No Variations]"
Add component (AddParameter): Name = "Mounting Type"; Value = "THT"; VariantName = "[No Variations]"
Add component (AddParameter): Name = "Operating Temperature"; Value = "-40°C - 80°C"; VariantName = "[No Variations]"
Add component (AddParameter): Name = "PartID"; Value = "7"; VariantName = "[No Variations]"
Add component (AddParameter): Name = "Series"; Value = "S16N-PC"; VariantName = "[No Variations]"
Add component (AddParameter): Name = "Stock number"; Value = "not stored"; VariantName = "[No Variations]"
Add component (AddParameter): Name = "Supplier 1"; Value = "Digi-Key"; VariantName = "[No Variations]"
Add component (AddParameter): Name = "Supplier 2"; Value = "farnell"; VariantName = "[No Variations]"
Add component (AddParameter): Name = "Supplier 3"; Value = "LCSC"; VariantName = "[No Variations]"
Add component (AddParameter): Name = "Supplier Part Number 1"; Value = "3185-FCR7350R-ND"; VariantName = "[No Variations]"
Add component (AddParameter): Name = "Supplier Part Number 2"; Value = "1854508"; VariantName = "[No Variations]"
Add component (AddParameter): Name = "Supplier Part Number 3"; Value = "C7437326"; VariantName = "[No Variations]"
Add component (AddParameter): Name = "Type"; Value = "PCB mount 4mm jack, Red FCR7350R, 1000V, 24A"; VariantName = "[No Variations]"
Add component (AddParameter): Name = "Value"; Value = "PCB mount 4mm jack, Red FCR7350R, 1000V, 24A"; VariantName = "[No Variations]"
Added Component: Designator=J4(FCR7350)
Add component (AddParameter): Name = "Component Type"; Value = "PCB mount 4mm jack, Blue"; VariantName = "[No Variations]"
Add component (AddParameter): Name = "ComponentLink1Description"; Value = "datasheet"; VariantName = "[No Variations]"
Add component (AddParameter): Name = "ComponentLink1URL"; Value = "https://www.cliffuk.co.uk/products/testleads/sockets/S16NPC.pdf"; VariantName = "[No Variations]"
Add component (AddParameter): Name = "ComponentLink2Description"; Value = "drawing"; VariantName = "[No Variations]"
Add component (AddParameter): Name = "ComponentLink2URL"; Value = "https://media.digikey.com/pdf/Data%20Sheets/Cliff%20Electronic%20LTD%20PDF's/FCR7350_Drawing.pdf"; VariantName = "[No Variations]"
Add component (AddParameter): Name = "Created from"; Value = "DHufnagel"; VariantName = "[No Variations]"
Add component (AddParameter): Name = "Created On"; Value = "13.06.2022 10:18:11"; VariantName = "[No Variations]"
Add component (AddParameter): Name = "Device Package"; Value = "THT"; VariantName = "[No Variations]"
Add component (AddParameter): Name = "Last Updated"; Value = "28.06.2022 13:58:37"; VariantName = "[No Variations]"
Add component (AddParameter): Name = "LCSC Part Number"; Value = "C7190856"; VariantName = "[No Variations]"
Add component (AddParameter): Name = "Live Cycle Status"; Value = "1"; VariantName = "[No Variations]"
Add component (AddParameter): Name = "Manufacturer"; Value = "Cliff"; VariantName = "[No Variations]"
Add component (AddParameter): Name = "Manufacturer Part Number"; Value = "FCR7350L"; VariantName = "[No Variations]"
Add component (AddParameter): Name = "Minimum Order"; Value = "1"; VariantName = "[No Variations]"
Add component (AddParameter): Name = "Mounting Type"; Value = "THT"; VariantName = "[No Variations]"
Add component (AddParameter): Name = "Operating Temperature"; Value = "-40°C - 80°C"; VariantName = "[No Variations]"
Add component (AddParameter): Name = "PartID"; Value = "8"; VariantName = "[No Variations]"
Add component (AddParameter): Name = "Series"; Value = "S16N-PC"; VariantName = "[No Variations]"
Add component (AddParameter): Name = "Stock number"; Value = "not stored"; VariantName = "[No Variations]"
Add component (AddParameter): Name = "Supplier 1"; Value = "Digi-Key"; VariantName = "[No Variations]"
Add component (AddParameter): Name = "Supplier 2"; Value = "farnell"; VariantName = "[No Variations]"
Add component (AddParameter): Name = "Supplier Part Number 1"; Value = "3185-FCR7350L-ND"; VariantName = "[No Variations]"
Add component (AddParameter): Name = "Supplier Part Number 2"; Value = "1854511"; VariantName = "[No Variations]"
Add component (AddParameter): Name = "Type"; Value = "PCB mount 4mm jack, Blue FCR7350L, 1000V, 24A"; VariantName = "[No Variations]"
Add component (AddParameter): Name = "Value"; Value = "PCB mount 4mm jack, Blue FCR7350L, 1000V, 24A"; VariantName = "[No Variations]"
Added Component: Designator=J5(FCR7350)
Add component (AddParameter): Name = "Component Type"; Value = "PCB mount 4mm jack, Black"; VariantName = "[No Variations]"
Add component (AddParameter): Name = "ComponentLink1Description"; Value = "datasheet"; VariantName = "[No Variations]"
Add component (AddParameter): Name = "ComponentLink1URL"; Value = "https://www.cliffuk.co.uk/products/testleads/sockets/S16NPC.pdf"; VariantName = "[No Variations]"
Add component (AddParameter): Name = "ComponentLink2Description"; Value = "drawing"; VariantName = "[No Variations]"
Add component (AddParameter): Name = "ComponentLink2URL"; Value = "https://media.digikey.com/pdf/Data%20Sheets/Cliff%20Electronic%20LTD%20PDF's/FCR7350_Drawing.pdf"; VariantName = "[No Variations]"
Add component (AddParameter): Name = "Created from"; Value = "DHufnagel"; VariantName = "[No Variations]"
Add component (AddParameter): Name = "Created On"; Value = "13.06.2022 10:18:11"; VariantName = "[No Variations]"
Add component (AddParameter): Name = "Device Package"; Value = "THT"; VariantName = "[No Variations]"
Add component (AddParameter): Name = "Last Updated"; Value = "21.02.2024 15:21:29"; VariantName = "[No Variations]"
Add component (AddParameter): Name = "LCSC Part Number"; Value = "C7437327"; VariantName = "[No Variations]"
Add component (AddParameter): Name = "Live Cycle Status"; Value = "1"; VariantName = "[No Variations]"
Add component (AddParameter): Name = "Manufacturer"; Value = "Cliff"; VariantName = "[No Variations]"
Add component (AddParameter): Name = "Manufacturer Part Number"; Value = "FCR7350B"; VariantName = "[No Variations]"
Add component (AddParameter): Name = "Minimum Order"; Value = "1"; VariantName = "[No Variations]"
Add component (AddParameter): Name = "Mounting Type"; Value = "THT"; VariantName = "[No Variations]"
Add component (AddParameter): Name = "Operating Temperature"; Value = "-40°C - 80°C"; VariantName = "[No Variations]"
Add component (AddParameter): Name = "PartID"; Value = "6"; VariantName = "[No Variations]"
Add component (AddParameter): Name = "Series"; Value = "S16N-PC"; VariantName = "[No Variations]"
Add component (AddParameter): Name = "Stock number"; Value = "not stored"; VariantName = "[No Variations]"
Add component (AddParameter): Name = "Supplier 1"; Value = "Digi-Key"; VariantName = "[No Variations]"
Add component (AddParameter): Name = "Supplier 2"; Value = "farnell"; VariantName = "[No Variations]"
Add component (AddParameter): Name = "Supplier 3"; Value = "LCSC"; VariantName = "[No Variations]"
Add component (AddParameter): Name = "Supplier Part Number 1"; Value = "3185-FCR7350B-ND"; VariantName = "[No Variations]"
Add component (AddParameter): Name = "Supplier Part Number 2"; Value = "1854507"; VariantName = "[No Variations]"
Add component (AddParameter): Name = "Supplier Part Number 3"; Value = "C7437327"; VariantName = "[No Variations]"
Add component (AddParameter): Name = "Type"; Value = "PCB mount 4mm jack, Black	FCR7350B, 1000V, 24A"; VariantName = "[No Variations]"
Add component (AddParameter): Name = "Value"; Value = "PCB mount 4mm jack, Black	FCR7350B, 1000V, 24A"; VariantName = "[No Variations]"
Added Component: Designator=J6(FCR7350)
Add component (AddParameter): Name = "Component Type"; Value = "PCB mount 4mm jack, Black"; VariantName = "[No Variations]"
Add component (AddParameter): Name = "ComponentLink1Description"; Value = "datasheet"; VariantName = "[No Variations]"
Add component (AddParameter): Name = "ComponentLink1URL"; Value = "https://www.cliffuk.co.uk/products/testleads/sockets/S16NPC.pdf"; VariantName = "[No Variations]"
Add component (AddParameter): Name = "ComponentLink2Description"; Value = "drawing"; VariantName = "[No Variations]"
Add component (AddParameter): Name = "ComponentLink2URL"; Value = "https://media.digikey.com/pdf/Data%20Sheets/Cliff%20Electronic%20LTD%20PDF's/FCR7350_Drawing.pdf"; VariantName = "[No Variations]"
Add component (AddParameter): Name = "Created from"; Value = "DHufnagel"; VariantName = "[No Variations]"
Add component (AddParameter): Name = "Created On"; Value = "13.06.2022 10:18:11"; VariantName = "[No Variations]"
Add component (AddParameter): Name = "Device Package"; Value = "THT"; VariantName = "[No Variations]"
Add component (AddParameter): Name = "Last Updated"; Value = "21.02.2024 15:21:29"; VariantName = "[No Variations]"
Add component (AddParameter): Name = "LCSC Part Number"; Value = "C7437327"; VariantName = "[No Variations]"
Add component (AddParameter): Name = "Live Cycle Status"; Value = "1"; VariantName = "[No Variations]"
Add component (AddParameter): Name = "Manufacturer"; Value = "Cliff"; VariantName = "[No Variations]"
Add component (AddParameter): Name = "Manufacturer Part Number"; Value = "FCR7350B"; VariantName = "[No Variations]"
Add component (AddParameter): Name = "Minimum Order"; Value = "1"; VariantName = "[No Variations]"
Add component (AddParameter): Name = "Mounting Type"; Value = "THT"; VariantName = "[No Variations]"
Add component (AddParameter): Name = "Operating Temperature"; Value = "-40°C - 80°C"; VariantName = "[No Variations]"
Add component (AddParameter): Name = "PartID"; Value = "6"; VariantName = "[No Variations]"
Add component (AddParameter): Name = "Series"; Value = "S16N-PC"; VariantName = "[No Variations]"
Add component (AddParameter): Name = "Stock number"; Value = "not stored"; VariantName = "[No Variations]"
Add component (AddParameter): Name = "Supplier 1"; Value = "Digi-Key"; VariantName = "[No Variations]"
Add component (AddParameter): Name = "Supplier 2"; Value = "farnell"; VariantName = "[No Variations]"
Add component (AddParameter): Name = "Supplier 3"; Value = "LCSC"; VariantName = "[No Variations]"
Add component (AddParameter): Name = "Supplier Part Number 1"; Value = "3185-FCR7350B-ND"; VariantName = "[No Variations]"
Add component (AddParameter): Name = "Supplier Part Number 2"; Value = "1854507"; VariantName = "[No Variations]"
Add component (AddParameter): Name = "Supplier Part Number 3"; Value = "C7437327"; VariantName = "[No Variations]"
Add component (AddParameter): Name = "Type"; Value = "PCB mount 4mm jack, Black	FCR7350B, 1000V, 24A"; VariantName = "[No Variations]"
Add component (AddParameter): Name = "Value"; Value = "PCB mount 4mm jack, Black	FCR7350B, 1000V, 24A"; VariantName = "[No Variations]"
Added Component: Designator=J7(FCR7350)
Add component (AddParameter): Name = "Component Type"; Value = "PCB mount 4mm jack, Black"; VariantName = "[No Variations]"
Add component (AddParameter): Name = "ComponentLink1Description"; Value = "datasheet"; VariantName = "[No Variations]"
Add component (AddParameter): Name = "ComponentLink1URL"; Value = "https://www.cliffuk.co.uk/products/testleads/sockets/S16NPC.pdf"; VariantName = "[No Variations]"
Add component (AddParameter): Name = "ComponentLink2Description"; Value = "drawing"; VariantName = "[No Variations]"
Add component (AddParameter): Name = "ComponentLink2URL"; Value = "https://media.digikey.com/pdf/Data%20Sheets/Cliff%20Electronic%20LTD%20PDF's/FCR7350_Drawing.pdf"; VariantName = "[No Variations]"
Add component (AddParameter): Name = "Created from"; Value = "DHufnagel"; VariantName = "[No Variations]"
Add component (AddParameter): Name = "Created On"; Value = "13.06.2022 10:18:11"; VariantName = "[No Variations]"
Add component (AddParameter): Name = "Device Package"; Value = "THT"; VariantName = "[No Variations]"
Add component (AddParameter): Name = "Last Updated"; Value = "21.02.2024 15:21:29"; VariantName = "[No Variations]"
Add component (AddParameter): Name = "LCSC Part Number"; Value = "C7437327"; VariantName = "[No Variations]"
Add component (AddParameter): Name = "Live Cycle Status"; Value = "1"; VariantName = "[No Variations]"
Add component (AddParameter): Name = "Manufacturer"; Value = "Cliff"; VariantName = "[No Variations]"
Add component (AddParameter): Name = "Manufacturer Part Number"; Value = "FCR7350B"; VariantName = "[No Variations]"
Add component (AddParameter): Name = "Minimum Order"; Value = "1"; VariantName = "[No Variations]"
Add component (AddParameter): Name = "Mounting Type"; Value = "THT"; VariantName = "[No Variations]"
Add component (AddParameter): Name = "Operating Temperature"; Value = "-40°C - 80°C"; VariantName = "[No Variations]"
Add component (AddParameter): Name = "PartID"; Value = "6"; VariantName = "[No Variations]"
Add component (AddParameter): Name = "Series"; Value = "S16N-PC"; VariantName = "[No Variations]"
Add component (AddParameter): Name = "Stock number"; Value = "not stored"; VariantName = "[No Variations]"
Add component (AddParameter): Name = "Supplier 1"; Value = "Digi-Key"; VariantName = "[No Variations]"
Add component (AddParameter): Name = "Supplier 2"; Value = "farnell"; VariantName = "[No Variations]"
Add component (AddParameter): Name = "Supplier 3"; Value = "LCSC"; VariantName = "[No Variations]"
Add component (AddParameter): Name = "Supplier Part Number 1"; Value = "3185-FCR7350B-ND"; VariantName = "[No Variations]"
Add component (AddParameter): Name = "Supplier Part Number 2"; Value = "1854507"; VariantName = "[No Variations]"
Add component (AddParameter): Name = "Supplier Part Number 3"; Value = "C7437327"; VariantName = "[No Variations]"
Add component (AddParameter): Name = "Type"; Value = "PCB mount 4mm jack, Black	FCR7350B, 1000V, 24A"; VariantName = "[No Variations]"
Add component (AddParameter): Name = "Value"; Value = "PCB mount 4mm jack, Black	FCR7350B, 1000V, 24A"; VariantName = "[No Variations]"
Added Component: Designator=J8(HDR1X8)
Add component (AddParameter): Name = "Component Type"; Value = "Pin Header"; VariantName = "[No Variations]"
Add component (AddParameter): Name = "ComponentLink1Description"; Value = "Datasheet"; VariantName = "[No Variations]"
Add component (AddParameter): Name = "ComponentLink1URL"; Value = "https://www.mouser.de/datasheet/2/427/VISH_S_A0003529023_1-2568887.pdf"; VariantName = "[No Variations]"
Add component (AddParameter): Name = "Created from"; Value = "MHlatky"; VariantName = "[No Variations]"
Add component (AddParameter): Name = "Created On"; Value = "22.11.2021 15:31:45"; VariantName = "[No Variations]"
Add component (AddParameter): Name = "Last Updated"; Value = "21.03.2022 12:19:22"; VariantName = "[No Variations]"
Add component (AddParameter): Name = "Live Cycle Status"; Value = "1"; VariantName = "[No Variations]"
Add component (AddParameter): Name = "Manufacturer"; Value = "TE Connectivity"; VariantName = "[No Variations]"
Add component (AddParameter): Name = "Manufacturer Part Number"; Value = "103741-8"; VariantName = "[No Variations]"
Add component (AddParameter): Name = "PartID"; Value = "9"; VariantName = "[No Variations]"
Add component (AddParameter): Name = "Stock number"; Value = "not stored"; VariantName = "[No Variations]"
Add component (AddParameter): Name = "Supplier 1"; Value = "Mouser"; VariantName = "[No Variations]"
Add component (AddParameter): Name = "Supplier Part Number 1"; Value = "571-103741-8"; VariantName = "[No Variations]"
Add component (AddParameter): Name = "Type"; Value = "Pin Header"; VariantName = "[No Variations]"
Added Component: Designator=L1A(INDC1608X95N)
Add component (AddParameter): Name = "Component Type"; Value = "SMD fixed inductor"; VariantName = "[No Variations]"
Add component (AddParameter): Name = "ComponentLink1Description"; Value = "Datasheet"; VariantName = "[No Variations]"
Add component (AddParameter): Name = "ComponentLink1URL"; Value = "https://www.mouser.de/datasheet/2/281/1/JELF243B_0086-2298241.pdf"; VariantName = "[No Variations]"
Add component (AddParameter): Name = "Created from"; Value = "DHufnagel"; VariantName = "[No Variations]"
Add component (AddParameter): Name = "Created On"; Value = "19.07.2022 15:47:17"; VariantName = "[No Variations]"
Add component (AddParameter): Name = "DC current"; Value = "120mA"; VariantName = "[No Variations]"
Add component (AddParameter): Name = "DCR"; Value = "320m"; VariantName = "[No Variations]"
Add component (AddParameter): Name = "Device Package"; Value = "SMD"; VariantName = "[No Variations]"
Add component (AddParameter): Name = "Last Updated"; Value = "15.06.2023 16:03:16"; VariantName = "[No Variations]"
Add component (AddParameter): Name = "LCSC Part Number"; Value = "C1881372"; VariantName = "[No Variations]"
Add component (AddParameter): Name = "Live Cycle Status"; Value = "1"; VariantName = "[No Variations]"
Add component (AddParameter): Name = "Manufacturer"; Value = "Murata"; VariantName = "[No Variations]"
Add component (AddParameter): Name = "Manufacturer Part Number"; Value = "LQM18DN6R8M70L"; VariantName = "[No Variations]"
Add component (AddParameter): Name = "MF"; Value = "EPCOS / TDK"; VariantName = "[No Variations]"
Add component (AddParameter): Name = "Mounting Type"; Value = "SMD"; VariantName = "[No Variations]"
Add component (AddParameter): Name = "MPN"; Value = "B82464G4154M"; VariantName = "[No Variations]"
Add component (AddParameter): Name = "Operating Temperature"; Value = "-40 - 125°C"; VariantName = "[No Variations]"
Add component (AddParameter): Name = "PartID"; Value = "10"; VariantName = "[No Variations]"
Add component (AddParameter): Name = "Rated Current"; Value = "0.85 A"; VariantName = "[No Variations]"
Add component (AddParameter): Name = "Series"; Value = "LQM18DN_70"; VariantName = "[No Variations]"
Add component (AddParameter): Name = "Stock number"; Value = "not stored"; VariantName = "[No Variations]"
Add component (AddParameter): Name = "Supplier 1"; Value = "Mouser"; VariantName = "[No Variations]"
Add component (AddParameter): Name = "Supplier 2"; Value = "Digi-Key"; VariantName = "[No Variations]"
Add component (AddParameter): Name = "Supplier Part Number 1"; Value = "81-LQM18DN6R8M70L"; VariantName = "[No Variations]"
Add component (AddParameter): Name = "Supplier Part Number 2"; Value = "490-LQM18DN6R8M70LCT-ND"; VariantName = "[No Variations]"
Add component (AddParameter): Name = "Type"; Value = "fixed inductor"; VariantName = "[No Variations]"
Add component (AddParameter): Name = "Value"; Value = "6.8uH"; VariantName = "[No Variations]"
Added Component: Designator=L1B(INDC1608X95N)
Add component (AddParameter): Name = "Component Type"; Value = "SMD fixed inductor"; VariantName = "[No Variations]"
Add component (AddParameter): Name = "ComponentLink1Description"; Value = "Datasheet"; VariantName = "[No Variations]"
Add component (AddParameter): Name = "ComponentLink1URL"; Value = "https://www.mouser.de/datasheet/2/281/1/JELF243B_0086-2298241.pdf"; VariantName = "[No Variations]"
Add component (AddParameter): Name = "Created from"; Value = "DHufnagel"; VariantName = "[No Variations]"
Add component (AddParameter): Name = "Created On"; Value = "19.07.2022 15:47:17"; VariantName = "[No Variations]"
Add component (AddParameter): Name = "DC current"; Value = "120mA"; VariantName = "[No Variations]"
Add component (AddParameter): Name = "DCR"; Value = "320m"; VariantName = "[No Variations]"
Add component (AddParameter): Name = "Device Package"; Value = "SMD"; VariantName = "[No Variations]"
Add component (AddParameter): Name = "Last Updated"; Value = "15.06.2023 16:03:16"; VariantName = "[No Variations]"
Add component (AddParameter): Name = "LCSC Part Number"; Value = "C1881372"; VariantName = "[No Variations]"
Add component (AddParameter): Name = "Live Cycle Status"; Value = "1"; VariantName = "[No Variations]"
Add component (AddParameter): Name = "Manufacturer"; Value = "Murata"; VariantName = "[No Variations]"
Add component (AddParameter): Name = "Manufacturer Part Number"; Value = "LQM18DN6R8M70L"; VariantName = "[No Variations]"
Add component (AddParameter): Name = "MF"; Value = "EPCOS / TDK"; VariantName = "[No Variations]"
Add component (AddParameter): Name = "Mounting Type"; Value = "SMD"; VariantName = "[No Variations]"
Add component (AddParameter): Name = "MPN"; Value = "B82464G4154M"; VariantName = "[No Variations]"
Add component (AddParameter): Name = "Operating Temperature"; Value = "-40 - 125°C"; VariantName = "[No Variations]"
Add component (AddParameter): Name = "PartID"; Value = "10"; VariantName = "[No Variations]"
Add component (AddParameter): Name = "Rated Current"; Value = "0.85 A"; VariantName = "[No Variations]"
Add component (AddParameter): Name = "Series"; Value = "LQM18DN_70"; VariantName = "[No Variations]"
Add component (AddParameter): Name = "Stock number"; Value = "not stored"; VariantName = "[No Variations]"
Add component (AddParameter): Name = "Supplier 1"; Value = "Mouser"; VariantName = "[No Variations]"
Add component (AddParameter): Name = "Supplier 2"; Value = "Digi-Key"; VariantName = "[No Variations]"
Add component (AddParameter): Name = "Supplier Part Number 1"; Value = "81-LQM18DN6R8M70L"; VariantName = "[No Variations]"
Add component (AddParameter): Name = "Supplier Part Number 2"; Value = "490-LQM18DN6R8M70LCT-ND"; VariantName = "[No Variations]"
Add component (AddParameter): Name = "Type"; Value = "fixed inductor"; VariantName = "[No Variations]"
Add component (AddParameter): Name = "Value"; Value = "6.8uH"; VariantName = "[No Variations]"
Added Component: Designator=L1C(INDC1608X95N)
Add component (AddParameter): Name = "Component Type"; Value = "SMD fixed inductor"; VariantName = "[No Variations]"
Add component (AddParameter): Name = "ComponentLink1Description"; Value = "Datasheet"; VariantName = "[No Variations]"
Add component (AddParameter): Name = "ComponentLink1URL"; Value = "https://www.mouser.de/datasheet/2/281/1/JELF243B_0086-2298241.pdf"; VariantName = "[No Variations]"
Add component (AddParameter): Name = "Created from"; Value = "DHufnagel"; VariantName = "[No Variations]"
Add component (AddParameter): Name = "Created On"; Value = "19.07.2022 15:47:17"; VariantName = "[No Variations]"
Add component (AddParameter): Name = "DC current"; Value = "120mA"; VariantName = "[No Variations]"
Add component (AddParameter): Name = "DCR"; Value = "320m"; VariantName = "[No Variations]"
Add component (AddParameter): Name = "Device Package"; Value = "SMD"; VariantName = "[No Variations]"
Add component (AddParameter): Name = "Last Updated"; Value = "15.06.2023 16:03:16"; VariantName = "[No Variations]"
Add component (AddParameter): Name = "LCSC Part Number"; Value = "C1881372"; VariantName = "[No Variations]"
Add component (AddParameter): Name = "Live Cycle Status"; Value = "1"; VariantName = "[No Variations]"
Add component (AddParameter): Name = "Manufacturer"; Value = "Murata"; VariantName = "[No Variations]"
Add component (AddParameter): Name = "Manufacturer Part Number"; Value = "LQM18DN6R8M70L"; VariantName = "[No Variations]"
Add component (AddParameter): Name = "MF"; Value = "EPCOS / TDK"; VariantName = "[No Variations]"
Add component (AddParameter): Name = "Mounting Type"; Value = "SMD"; VariantName = "[No Variations]"
Add component (AddParameter): Name = "MPN"; Value = "B82464G4154M"; VariantName = "[No Variations]"
Add component (AddParameter): Name = "Operating Temperature"; Value = "-40 - 125°C"; VariantName = "[No Variations]"
Add component (AddParameter): Name = "PartID"; Value = "10"; VariantName = "[No Variations]"
Add component (AddParameter): Name = "Rated Current"; Value = "0.85 A"; VariantName = "[No Variations]"
Add component (AddParameter): Name = "Series"; Value = "LQM18DN_70"; VariantName = "[No Variations]"
Add component (AddParameter): Name = "Stock number"; Value = "not stored"; VariantName = "[No Variations]"
Add component (AddParameter): Name = "Supplier 1"; Value = "Mouser"; VariantName = "[No Variations]"
Add component (AddParameter): Name = "Supplier 2"; Value = "Digi-Key"; VariantName = "[No Variations]"
Add component (AddParameter): Name = "Supplier Part Number 1"; Value = "81-LQM18DN6R8M70L"; VariantName = "[No Variations]"
Add component (AddParameter): Name = "Supplier Part Number 2"; Value = "490-LQM18DN6R8M70LCT-ND"; VariantName = "[No Variations]"
Add component (AddParameter): Name = "Type"; Value = "fixed inductor"; VariantName = "[No Variations]"
Add component (AddParameter): Name = "Value"; Value = "6.8uH"; VariantName = "[No Variations]"
Added Component: Designator=L2A(INDC1608X95N)
Add component (AddParameter): Name = "Component Type"; Value = "SMD fixed inductor"; VariantName = "[No Variations]"
Add component (AddParameter): Name = "ComponentLink1Description"; Value = "Datasheet"; VariantName = "[No Variations]"
Add component (AddParameter): Name = "ComponentLink1URL"; Value = "https://www.mouser.de/datasheet/2/281/1/JELF243B_0086-2298241.pdf"; VariantName = "[No Variations]"
Add component (AddParameter): Name = "Created from"; Value = "DHufnagel"; VariantName = "[No Variations]"
Add component (AddParameter): Name = "Created On"; Value = "19.07.2022 15:47:17"; VariantName = "[No Variations]"
Add component (AddParameter): Name = "DC current"; Value = "120mA"; VariantName = "[No Variations]"
Add component (AddParameter): Name = "DCR"; Value = "320m"; VariantName = "[No Variations]"
Add component (AddParameter): Name = "Device Package"; Value = "SMD"; VariantName = "[No Variations]"
Add component (AddParameter): Name = "Last Updated"; Value = "15.06.2023 16:03:16"; VariantName = "[No Variations]"
Add component (AddParameter): Name = "LCSC Part Number"; Value = "C1881372"; VariantName = "[No Variations]"
Add component (AddParameter): Name = "Live Cycle Status"; Value = "1"; VariantName = "[No Variations]"
Add component (AddParameter): Name = "Manufacturer"; Value = "Murata"; VariantName = "[No Variations]"
Add component (AddParameter): Name = "Manufacturer Part Number"; Value = "LQM18DN6R8M70L"; VariantName = "[No Variations]"
Add component (AddParameter): Name = "MF"; Value = "EPCOS / TDK"; VariantName = "[No Variations]"
Add component (AddParameter): Name = "Mounting Type"; Value = "SMD"; VariantName = "[No Variations]"
Add component (AddParameter): Name = "MPN"; Value = "B82464G4154M"; VariantName = "[No Variations]"
Add component (AddParameter): Name = "Operating Temperature"; Value = "-40 - 125°C"; VariantName = "[No Variations]"
Add component (AddParameter): Name = "PartID"; Value = "10"; VariantName = "[No Variations]"
Add component (AddParameter): Name = "Rated Current"; Value = "0.85 A"; VariantName = "[No Variations]"
Add component (AddParameter): Name = "Series"; Value = "LQM18DN_70"; VariantName = "[No Variations]"
Add component (AddParameter): Name = "Stock number"; Value = "not stored"; VariantName = "[No Variations]"
Add component (AddParameter): Name = "Supplier 1"; Value = "Mouser"; VariantName = "[No Variations]"
Add component (AddParameter): Name = "Supplier 2"; Value = "Digi-Key"; VariantName = "[No Variations]"
Add component (AddParameter): Name = "Supplier Part Number 1"; Value = "81-LQM18DN6R8M70L"; VariantName = "[No Variations]"
Add component (AddParameter): Name = "Supplier Part Number 2"; Value = "490-LQM18DN6R8M70LCT-ND"; VariantName = "[No Variations]"
Add component (AddParameter): Name = "Type"; Value = "fixed inductor"; VariantName = "[No Variations]"
Add component (AddParameter): Name = "Value"; Value = "6.8uH"; VariantName = "[No Variations]"
Added Component: Designator=L2B(INDC1608X95N)
Add component (AddParameter): Name = "Component Type"; Value = "SMD fixed inductor"; VariantName = "[No Variations]"
Add component (AddParameter): Name = "ComponentLink1Description"; Value = "Datasheet"; VariantName = "[No Variations]"
Add component (AddParameter): Name = "ComponentLink1URL"; Value = "https://www.mouser.de/datasheet/2/281/1/JELF243B_0086-2298241.pdf"; VariantName = "[No Variations]"
Add component (AddParameter): Name = "Created from"; Value = "DHufnagel"; VariantName = "[No Variations]"
Add component (AddParameter): Name = "Created On"; Value = "19.07.2022 15:47:17"; VariantName = "[No Variations]"
Add component (AddParameter): Name = "DC current"; Value = "120mA"; VariantName = "[No Variations]"
Add component (AddParameter): Name = "DCR"; Value = "320m"; VariantName = "[No Variations]"
Add component (AddParameter): Name = "Device Package"; Value = "SMD"; VariantName = "[No Variations]"
Add component (AddParameter): Name = "Last Updated"; Value = "15.06.2023 16:03:16"; VariantName = "[No Variations]"
Add component (AddParameter): Name = "LCSC Part Number"; Value = "C1881372"; VariantName = "[No Variations]"
Add component (AddParameter): Name = "Live Cycle Status"; Value = "1"; VariantName = "[No Variations]"
Add component (AddParameter): Name = "Manufacturer"; Value = "Murata"; VariantName = "[No Variations]"
Add component (AddParameter): Name = "Manufacturer Part Number"; Value = "LQM18DN6R8M70L"; VariantName = "[No Variations]"
Add component (AddParameter): Name = "MF"; Value = "EPCOS / TDK"; VariantName = "[No Variations]"
Add component (AddParameter): Name = "Mounting Type"; Value = "SMD"; VariantName = "[No Variations]"
Add component (AddParameter): Name = "MPN"; Value = "B82464G4154M"; VariantName = "[No Variations]"
Add component (AddParameter): Name = "Operating Temperature"; Value = "-40 - 125°C"; VariantName = "[No Variations]"
Add component (AddParameter): Name = "PartID"; Value = "10"; VariantName = "[No Variations]"
Add component (AddParameter): Name = "Rated Current"; Value = "0.85 A"; VariantName = "[No Variations]"
Add component (AddParameter): Name = "Series"; Value = "LQM18DN_70"; VariantName = "[No Variations]"
Add component (AddParameter): Name = "Stock number"; Value = "not stored"; VariantName = "[No Variations]"
Add component (AddParameter): Name = "Supplier 1"; Value = "Mouser"; VariantName = "[No Variations]"
Add component (AddParameter): Name = "Supplier 2"; Value = "Digi-Key"; VariantName = "[No Variations]"
Add component (AddParameter): Name = "Supplier Part Number 1"; Value = "81-LQM18DN6R8M70L"; VariantName = "[No Variations]"
Add component (AddParameter): Name = "Supplier Part Number 2"; Value = "490-LQM18DN6R8M70LCT-ND"; VariantName = "[No Variations]"
Add component (AddParameter): Name = "Type"; Value = "fixed inductor"; VariantName = "[No Variations]"
Add component (AddParameter): Name = "Value"; Value = "6.8uH"; VariantName = "[No Variations]"
Added Component: Designator=L2C(INDC1608X95N)
Add component (AddParameter): Name = "Component Type"; Value = "SMD fixed inductor"; VariantName = "[No Variations]"
Add component (AddParameter): Name = "ComponentLink1Description"; Value = "Datasheet"; VariantName = "[No Variations]"
Add component (AddParameter): Name = "ComponentLink1URL"; Value = "https://www.mouser.de/datasheet/2/281/1/JELF243B_0086-2298241.pdf"; VariantName = "[No Variations]"
Add component (AddParameter): Name = "Created from"; Value = "DHufnagel"; VariantName = "[No Variations]"
Add component (AddParameter): Name = "Created On"; Value = "19.07.2022 15:47:17"; VariantName = "[No Variations]"
Add component (AddParameter): Name = "DC current"; Value = "120mA"; VariantName = "[No Variations]"
Add component (AddParameter): Name = "DCR"; Value = "320m"; VariantName = "[No Variations]"
Add component (AddParameter): Name = "Device Package"; Value = "SMD"; VariantName = "[No Variations]"
Add component (AddParameter): Name = "Last Updated"; Value = "15.06.2023 16:03:16"; VariantName = "[No Variations]"
Add component (AddParameter): Name = "LCSC Part Number"; Value = "C1881372"; VariantName = "[No Variations]"
Add component (AddParameter): Name = "Live Cycle Status"; Value = "1"; VariantName = "[No Variations]"
Add component (AddParameter): Name = "Manufacturer"; Value = "Murata"; VariantName = "[No Variations]"
Add component (AddParameter): Name = "Manufacturer Part Number"; Value = "LQM18DN6R8M70L"; VariantName = "[No Variations]"
Add component (AddParameter): Name = "MF"; Value = "EPCOS / TDK"; VariantName = "[No Variations]"
Add component (AddParameter): Name = "Mounting Type"; Value = "SMD"; VariantName = "[No Variations]"
Add component (AddParameter): Name = "MPN"; Value = "B82464G4154M"; VariantName = "[No Variations]"
Add component (AddParameter): Name = "Operating Temperature"; Value = "-40 - 125°C"; VariantName = "[No Variations]"
Add component (AddParameter): Name = "PartID"; Value = "10"; VariantName = "[No Variations]"
Add component (AddParameter): Name = "Rated Current"; Value = "0.85 A"; VariantName = "[No Variations]"
Add component (AddParameter): Name = "Series"; Value = "LQM18DN_70"; VariantName = "[No Variations]"
Add component (AddParameter): Name = "Stock number"; Value = "not stored"; VariantName = "[No Variations]"
Add component (AddParameter): Name = "Supplier 1"; Value = "Mouser"; VariantName = "[No Variations]"
Add component (AddParameter): Name = "Supplier 2"; Value = "Digi-Key"; VariantName = "[No Variations]"
Add component (AddParameter): Name = "Supplier Part Number 1"; Value = "81-LQM18DN6R8M70L"; VariantName = "[No Variations]"
Add component (AddParameter): Name = "Supplier Part Number 2"; Value = "490-LQM18DN6R8M70LCT-ND"; VariantName = "[No Variations]"
Add component (AddParameter): Name = "Type"; Value = "fixed inductor"; VariantName = "[No Variations]"
Add component (AddParameter): Name = "Value"; Value = "6.8uH"; VariantName = "[No Variations]"
Added Component: Designator=L3A(INDC1608X95N)
Add component (AddParameter): Name = "Component Type"; Value = "SMD fixed inductor"; VariantName = "[No Variations]"
Add component (AddParameter): Name = "ComponentLink1Description"; Value = "Datasheet"; VariantName = "[No Variations]"
Add component (AddParameter): Name = "ComponentLink1URL"; Value = "https://www.mouser.de/datasheet/2/281/1/JELF243B_0086-2298241.pdf"; VariantName = "[No Variations]"
Add component (AddParameter): Name = "Created from"; Value = "DHufnagel"; VariantName = "[No Variations]"
Add component (AddParameter): Name = "Created On"; Value = "19.07.2022 15:47:17"; VariantName = "[No Variations]"
Add component (AddParameter): Name = "DC current"; Value = "120mA"; VariantName = "[No Variations]"
Add component (AddParameter): Name = "DCR"; Value = "320m"; VariantName = "[No Variations]"
Add component (AddParameter): Name = "Device Package"; Value = "SMD"; VariantName = "[No Variations]"
Add component (AddParameter): Name = "Last Updated"; Value = "15.06.2023 16:03:16"; VariantName = "[No Variations]"
Add component (AddParameter): Name = "LCSC Part Number"; Value = "C1881372"; VariantName = "[No Variations]"
Add component (AddParameter): Name = "Live Cycle Status"; Value = "1"; VariantName = "[No Variations]"
Add component (AddParameter): Name = "Manufacturer"; Value = "Murata"; VariantName = "[No Variations]"
Add component (AddParameter): Name = "Manufacturer Part Number"; Value = "LQM18DN6R8M70L"; VariantName = "[No Variations]"
Add component (AddParameter): Name = "MF"; Value = "EPCOS / TDK"; VariantName = "[No Variations]"
Add component (AddParameter): Name = "Mounting Type"; Value = "SMD"; VariantName = "[No Variations]"
Add component (AddParameter): Name = "MPN"; Value = "B82464G4154M"; VariantName = "[No Variations]"
Add component (AddParameter): Name = "Operating Temperature"; Value = "-40 - 125°C"; VariantName = "[No Variations]"
Add component (AddParameter): Name = "PartID"; Value = "10"; VariantName = "[No Variations]"
Add component (AddParameter): Name = "Rated Current"; Value = "0.85 A"; VariantName = "[No Variations]"
Add component (AddParameter): Name = "Series"; Value = "LQM18DN_70"; VariantName = "[No Variations]"
Add component (AddParameter): Name = "Stock number"; Value = "not stored"; VariantName = "[No Variations]"
Add component (AddParameter): Name = "Supplier 1"; Value = "Mouser"; VariantName = "[No Variations]"
Add component (AddParameter): Name = "Supplier 2"; Value = "Digi-Key"; VariantName = "[No Variations]"
Add component (AddParameter): Name = "Supplier Part Number 1"; Value = "81-LQM18DN6R8M70L"; VariantName = "[No Variations]"
Add component (AddParameter): Name = "Supplier Part Number 2"; Value = "490-LQM18DN6R8M70LCT-ND"; VariantName = "[No Variations]"
Add component (AddParameter): Name = "Type"; Value = "fixed inductor"; VariantName = "[No Variations]"
Add component (AddParameter): Name = "Value"; Value = "6.8uH"; VariantName = "[No Variations]"
Added Component: Designator=L3B(INDC1608X95N)
Add component (AddParameter): Name = "Component Type"; Value = "SMD fixed inductor"; VariantName = "[No Variations]"
Add component (AddParameter): Name = "ComponentLink1Description"; Value = "Datasheet"; VariantName = "[No Variations]"
Add component (AddParameter): Name = "ComponentLink1URL"; Value = "https://www.mouser.de/datasheet/2/281/1/JELF243B_0086-2298241.pdf"; VariantName = "[No Variations]"
Add component (AddParameter): Name = "Created from"; Value = "DHufnagel"; VariantName = "[No Variations]"
Add component (AddParameter): Name = "Created On"; Value = "19.07.2022 15:47:17"; VariantName = "[No Variations]"
Add component (AddParameter): Name = "DC current"; Value = "120mA"; VariantName = "[No Variations]"
Add component (AddParameter): Name = "DCR"; Value = "320m"; VariantName = "[No Variations]"
Add component (AddParameter): Name = "Device Package"; Value = "SMD"; VariantName = "[No Variations]"
Add component (AddParameter): Name = "Last Updated"; Value = "15.06.2023 16:03:16"; VariantName = "[No Variations]"
Add component (AddParameter): Name = "LCSC Part Number"; Value = "C1881372"; VariantName = "[No Variations]"
Add component (AddParameter): Name = "Live Cycle Status"; Value = "1"; VariantName = "[No Variations]"
Add component (AddParameter): Name = "Manufacturer"; Value = "Murata"; VariantName = "[No Variations]"
Add component (AddParameter): Name = "Manufacturer Part Number"; Value = "LQM18DN6R8M70L"; VariantName = "[No Variations]"
Add component (AddParameter): Name = "MF"; Value = "EPCOS / TDK"; VariantName = "[No Variations]"
Add component (AddParameter): Name = "Mounting Type"; Value = "SMD"; VariantName = "[No Variations]"
Add component (AddParameter): Name = "MPN"; Value = "B82464G4154M"; VariantName = "[No Variations]"
Add component (AddParameter): Name = "Operating Temperature"; Value = "-40 - 125°C"; VariantName = "[No Variations]"
Add component (AddParameter): Name = "PartID"; Value = "10"; VariantName = "[No Variations]"
Add component (AddParameter): Name = "Rated Current"; Value = "0.85 A"; VariantName = "[No Variations]"
Add component (AddParameter): Name = "Series"; Value = "LQM18DN_70"; VariantName = "[No Variations]"
Add component (AddParameter): Name = "Stock number"; Value = "not stored"; VariantName = "[No Variations]"
Add component (AddParameter): Name = "Supplier 1"; Value = "Mouser"; VariantName = "[No Variations]"
Add component (AddParameter): Name = "Supplier 2"; Value = "Digi-Key"; VariantName = "[No Variations]"
Add component (AddParameter): Name = "Supplier Part Number 1"; Value = "81-LQM18DN6R8M70L"; VariantName = "[No Variations]"
Add component (AddParameter): Name = "Supplier Part Number 2"; Value = "490-LQM18DN6R8M70LCT-ND"; VariantName = "[No Variations]"
Add component (AddParameter): Name = "Type"; Value = "fixed inductor"; VariantName = "[No Variations]"
Add component (AddParameter): Name = "Value"; Value = "6.8uH"; VariantName = "[No Variations]"
Added Component: Designator=L3C(INDC1608X95N)
Add component (AddParameter): Name = "Component Type"; Value = "SMD fixed inductor"; VariantName = "[No Variations]"
Add component (AddParameter): Name = "ComponentLink1Description"; Value = "Datasheet"; VariantName = "[No Variations]"
Add component (AddParameter): Name = "ComponentLink1URL"; Value = "https://www.mouser.de/datasheet/2/281/1/JELF243B_0086-2298241.pdf"; VariantName = "[No Variations]"
Add component (AddParameter): Name = "Created from"; Value = "DHufnagel"; VariantName = "[No Variations]"
Add component (AddParameter): Name = "Created On"; Value = "19.07.2022 15:47:17"; VariantName = "[No Variations]"
Add component (AddParameter): Name = "DC current"; Value = "120mA"; VariantName = "[No Variations]"
Add component (AddParameter): Name = "DCR"; Value = "320m"; VariantName = "[No Variations]"
Add component (AddParameter): Name = "Device Package"; Value = "SMD"; VariantName = "[No Variations]"
Add component (AddParameter): Name = "Last Updated"; Value = "15.06.2023 16:03:16"; VariantName = "[No Variations]"
Add component (AddParameter): Name = "LCSC Part Number"; Value = "C1881372"; VariantName = "[No Variations]"
Add component (AddParameter): Name = "Live Cycle Status"; Value = "1"; VariantName = "[No Variations]"
Add component (AddParameter): Name = "Manufacturer"; Value = "Murata"; VariantName = "[No Variations]"
Add component (AddParameter): Name = "Manufacturer Part Number"; Value = "LQM18DN6R8M70L"; VariantName = "[No Variations]"
Add component (AddParameter): Name = "MF"; Value = "EPCOS / TDK"; VariantName = "[No Variations]"
Add component (AddParameter): Name = "Mounting Type"; Value = "SMD"; VariantName = "[No Variations]"
Add component (AddParameter): Name = "MPN"; Value = "B82464G4154M"; VariantName = "[No Variations]"
Add component (AddParameter): Name = "Operating Temperature"; Value = "-40 - 125°C"; VariantName = "[No Variations]"
Add component (AddParameter): Name = "PartID"; Value = "10"; VariantName = "[No Variations]"
Add component (AddParameter): Name = "Rated Current"; Value = "0.85 A"; VariantName = "[No Variations]"
Add component (AddParameter): Name = "Series"; Value = "LQM18DN_70"; VariantName = "[No Variations]"
Add component (AddParameter): Name = "Stock number"; Value = "not stored"; VariantName = "[No Variations]"
Add component (AddParameter): Name = "Supplier 1"; Value = "Mouser"; VariantName = "[No Variations]"
Add component (AddParameter): Name = "Supplier 2"; Value = "Digi-Key"; VariantName = "[No Variations]"
Add component (AddParameter): Name = "Supplier Part Number 1"; Value = "81-LQM18DN6R8M70L"; VariantName = "[No Variations]"
Add component (AddParameter): Name = "Supplier Part Number 2"; Value = "490-LQM18DN6R8M70LCT-ND"; VariantName = "[No Variations]"
Add component (AddParameter): Name = "Type"; Value = "fixed inductor"; VariantName = "[No Variations]"
Add component (AddParameter): Name = "Value"; Value = "6.8uH"; VariantName = "[No Variations]"
Added Component: Designator=L4A(INDC1608X95N)
Add component (AddParameter): Name = "Component Type"; Value = "SMD fixed inductor"; VariantName = "[No Variations]"
Add component (AddParameter): Name = "ComponentLink1Description"; Value = "Datasheet"; VariantName = "[No Variations]"
Add component (AddParameter): Name = "ComponentLink1URL"; Value = "https://www.mouser.de/datasheet/2/281/1/JELF243B_0086-2298241.pdf"; VariantName = "[No Variations]"
Add component (AddParameter): Name = "Created from"; Value = "DHufnagel"; VariantName = "[No Variations]"
Add component (AddParameter): Name = "Created On"; Value = "19.07.2022 15:47:17"; VariantName = "[No Variations]"
Add component (AddParameter): Name = "DC current"; Value = "120mA"; VariantName = "[No Variations]"
Add component (AddParameter): Name = "DCR"; Value = "320m"; VariantName = "[No Variations]"
Add component (AddParameter): Name = "Device Package"; Value = "SMD"; VariantName = "[No Variations]"
Add component (AddParameter): Name = "Last Updated"; Value = "15.06.2023 16:03:16"; VariantName = "[No Variations]"
Add component (AddParameter): Name = "LCSC Part Number"; Value = "C1881372"; VariantName = "[No Variations]"
Add component (AddParameter): Name = "Live Cycle Status"; Value = "1"; VariantName = "[No Variations]"
Add component (AddParameter): Name = "Manufacturer"; Value = "Murata"; VariantName = "[No Variations]"
Add component (AddParameter): Name = "Manufacturer Part Number"; Value = "LQM18DN6R8M70L"; VariantName = "[No Variations]"
Add component (AddParameter): Name = "MF"; Value = "EPCOS / TDK"; VariantName = "[No Variations]"
Add component (AddParameter): Name = "Mounting Type"; Value = "SMD"; VariantName = "[No Variations]"
Add component (AddParameter): Name = "MPN"; Value = "B82464G4154M"; VariantName = "[No Variations]"
Add component (AddParameter): Name = "Operating Temperature"; Value = "-40 - 125°C"; VariantName = "[No Variations]"
Add component (AddParameter): Name = "PartID"; Value = "10"; VariantName = "[No Variations]"
Add component (AddParameter): Name = "Rated Current"; Value = "0.85 A"; VariantName = "[No Variations]"
Add component (AddParameter): Name = "Series"; Value = "LQM18DN_70"; VariantName = "[No Variations]"
Add component (AddParameter): Name = "Stock number"; Value = "not stored"; VariantName = "[No Variations]"
Add component (AddParameter): Name = "Supplier 1"; Value = "Mouser"; VariantName = "[No Variations]"
Add component (AddParameter): Name = "Supplier 2"; Value = "Digi-Key"; VariantName = "[No Variations]"
Add component (AddParameter): Name = "Supplier Part Number 1"; Value = "81-LQM18DN6R8M70L"; VariantName = "[No Variations]"
Add component (AddParameter): Name = "Supplier Part Number 2"; Value = "490-LQM18DN6R8M70LCT-ND"; VariantName = "[No Variations]"
Add component (AddParameter): Name = "Type"; Value = "fixed inductor"; VariantName = "[No Variations]"
Add component (AddParameter): Name = "Value"; Value = "6.8uH"; VariantName = "[No Variations]"
Added Component: Designator=L4B(INDC1608X95N)
Add component (AddParameter): Name = "Component Type"; Value = "SMD fixed inductor"; VariantName = "[No Variations]"
Add component (AddParameter): Name = "ComponentLink1Description"; Value = "Datasheet"; VariantName = "[No Variations]"
Add component (AddParameter): Name = "ComponentLink1URL"; Value = "https://www.mouser.de/datasheet/2/281/1/JELF243B_0086-2298241.pdf"; VariantName = "[No Variations]"
Add component (AddParameter): Name = "Created from"; Value = "DHufnagel"; VariantName = "[No Variations]"
Add component (AddParameter): Name = "Created On"; Value = "19.07.2022 15:47:17"; VariantName = "[No Variations]"
Add component (AddParameter): Name = "DC current"; Value = "120mA"; VariantName = "[No Variations]"
Add component (AddParameter): Name = "DCR"; Value = "320m"; VariantName = "[No Variations]"
Add component (AddParameter): Name = "Device Package"; Value = "SMD"; VariantName = "[No Variations]"
Add component (AddParameter): Name = "Last Updated"; Value = "15.06.2023 16:03:16"; VariantName = "[No Variations]"
Add component (AddParameter): Name = "LCSC Part Number"; Value = "C1881372"; VariantName = "[No Variations]"
Add component (AddParameter): Name = "Live Cycle Status"; Value = "1"; VariantName = "[No Variations]"
Add component (AddParameter): Name = "Manufacturer"; Value = "Murata"; VariantName = "[No Variations]"
Add component (AddParameter): Name = "Manufacturer Part Number"; Value = "LQM18DN6R8M70L"; VariantName = "[No Variations]"
Add component (AddParameter): Name = "MF"; Value = "EPCOS / TDK"; VariantName = "[No Variations]"
Add component (AddParameter): Name = "Mounting Type"; Value = "SMD"; VariantName = "[No Variations]"
Add component (AddParameter): Name = "MPN"; Value = "B82464G4154M"; VariantName = "[No Variations]"
Add component (AddParameter): Name = "Operating Temperature"; Value = "-40 - 125°C"; VariantName = "[No Variations]"
Add component (AddParameter): Name = "PartID"; Value = "10"; VariantName = "[No Variations]"
Add component (AddParameter): Name = "Rated Current"; Value = "0.85 A"; VariantName = "[No Variations]"
Add component (AddParameter): Name = "Series"; Value = "LQM18DN_70"; VariantName = "[No Variations]"
Add component (AddParameter): Name = "Stock number"; Value = "not stored"; VariantName = "[No Variations]"
Add component (AddParameter): Name = "Supplier 1"; Value = "Mouser"; VariantName = "[No Variations]"
Add component (AddParameter): Name = "Supplier 2"; Value = "Digi-Key"; VariantName = "[No Variations]"
Add component (AddParameter): Name = "Supplier Part Number 1"; Value = "81-LQM18DN6R8M70L"; VariantName = "[No Variations]"
Add component (AddParameter): Name = "Supplier Part Number 2"; Value = "490-LQM18DN6R8M70LCT-ND"; VariantName = "[No Variations]"
Add component (AddParameter): Name = "Type"; Value = "fixed inductor"; VariantName = "[No Variations]"
Add component (AddParameter): Name = "Value"; Value = "6.8uH"; VariantName = "[No Variations]"
Added Component: Designator=L4C(INDC1608X95N)
Add component (AddParameter): Name = "Component Type"; Value = "SMD fixed inductor"; VariantName = "[No Variations]"
Add component (AddParameter): Name = "ComponentLink1Description"; Value = "Datasheet"; VariantName = "[No Variations]"
Add component (AddParameter): Name = "ComponentLink1URL"; Value = "https://www.mouser.de/datasheet/2/281/1/JELF243B_0086-2298241.pdf"; VariantName = "[No Variations]"
Add component (AddParameter): Name = "Created from"; Value = "DHufnagel"; VariantName = "[No Variations]"
Add component (AddParameter): Name = "Created On"; Value = "19.07.2022 15:47:17"; VariantName = "[No Variations]"
Add component (AddParameter): Name = "DC current"; Value = "120mA"; VariantName = "[No Variations]"
Add component (AddParameter): Name = "DCR"; Value = "320m"; VariantName = "[No Variations]"
Add component (AddParameter): Name = "Device Package"; Value = "SMD"; VariantName = "[No Variations]"
Add component (AddParameter): Name = "Last Updated"; Value = "15.06.2023 16:03:16"; VariantName = "[No Variations]"
Add component (AddParameter): Name = "LCSC Part Number"; Value = "C1881372"; VariantName = "[No Variations]"
Add component (AddParameter): Name = "Live Cycle Status"; Value = "1"; VariantName = "[No Variations]"
Add component (AddParameter): Name = "Manufacturer"; Value = "Murata"; VariantName = "[No Variations]"
Add component (AddParameter): Name = "Manufacturer Part Number"; Value = "LQM18DN6R8M70L"; VariantName = "[No Variations]"
Add component (AddParameter): Name = "MF"; Value = "EPCOS / TDK"; VariantName = "[No Variations]"
Add component (AddParameter): Name = "Mounting Type"; Value = "SMD"; VariantName = "[No Variations]"
Add component (AddParameter): Name = "MPN"; Value = "B82464G4154M"; VariantName = "[No Variations]"
Add component (AddParameter): Name = "Operating Temperature"; Value = "-40 - 125°C"; VariantName = "[No Variations]"
Add component (AddParameter): Name = "PartID"; Value = "10"; VariantName = "[No Variations]"
Add component (AddParameter): Name = "Rated Current"; Value = "0.85 A"; VariantName = "[No Variations]"
Add component (AddParameter): Name = "Series"; Value = "LQM18DN_70"; VariantName = "[No Variations]"
Add component (AddParameter): Name = "Stock number"; Value = "not stored"; VariantName = "[No Variations]"
Add component (AddParameter): Name = "Supplier 1"; Value = "Mouser"; VariantName = "[No Variations]"
Add component (AddParameter): Name = "Supplier 2"; Value = "Digi-Key"; VariantName = "[No Variations]"
Add component (AddParameter): Name = "Supplier Part Number 1"; Value = "81-LQM18DN6R8M70L"; VariantName = "[No Variations]"
Add component (AddParameter): Name = "Supplier Part Number 2"; Value = "490-LQM18DN6R8M70LCT-ND"; VariantName = "[No Variations]"
Add component (AddParameter): Name = "Type"; Value = "fixed inductor"; VariantName = "[No Variations]"
Add component (AddParameter): Name = "Value"; Value = "6.8uH"; VariantName = "[No Variations]"
Added Component: Designator=L5A(INDC1608X95N)
Add component (AddParameter): Name = "Component Type"; Value = "SMD fixed inductor"; VariantName = "[No Variations]"
Add component (AddParameter): Name = "ComponentLink1Description"; Value = "Datasheet"; VariantName = "[No Variations]"
Add component (AddParameter): Name = "ComponentLink1URL"; Value = "https://www.mouser.de/datasheet/2/281/1/JELF243B_0086-2298241.pdf"; VariantName = "[No Variations]"
Add component (AddParameter): Name = "Created from"; Value = "DHufnagel"; VariantName = "[No Variations]"
Add component (AddParameter): Name = "Created On"; Value = "19.07.2022 15:47:17"; VariantName = "[No Variations]"
Add component (AddParameter): Name = "DC current"; Value = "120mA"; VariantName = "[No Variations]"
Add component (AddParameter): Name = "DCR"; Value = "320m"; VariantName = "[No Variations]"
Add component (AddParameter): Name = "Device Package"; Value = "SMD"; VariantName = "[No Variations]"
Add component (AddParameter): Name = "Last Updated"; Value = "15.06.2023 16:03:16"; VariantName = "[No Variations]"
Add component (AddParameter): Name = "LCSC Part Number"; Value = "C1881372"; VariantName = "[No Variations]"
Add component (AddParameter): Name = "Live Cycle Status"; Value = "1"; VariantName = "[No Variations]"
Add component (AddParameter): Name = "Manufacturer"; Value = "Murata"; VariantName = "[No Variations]"
Add component (AddParameter): Name = "Manufacturer Part Number"; Value = "LQM18DN6R8M70L"; VariantName = "[No Variations]"
Add component (AddParameter): Name = "MF"; Value = "EPCOS / TDK"; VariantName = "[No Variations]"
Add component (AddParameter): Name = "Mounting Type"; Value = "SMD"; VariantName = "[No Variations]"
Add component (AddParameter): Name = "MPN"; Value = "B82464G4154M"; VariantName = "[No Variations]"
Add component (AddParameter): Name = "Operating Temperature"; Value = "-40 - 125°C"; VariantName = "[No Variations]"
Add component (AddParameter): Name = "PartID"; Value = "10"; VariantName = "[No Variations]"
Add component (AddParameter): Name = "Rated Current"; Value = "0.85 A"; VariantName = "[No Variations]"
Add component (AddParameter): Name = "Series"; Value = "LQM18DN_70"; VariantName = "[No Variations]"
Add component (AddParameter): Name = "Stock number"; Value = "not stored"; VariantName = "[No Variations]"
Add component (AddParameter): Name = "Supplier 1"; Value = "Mouser"; VariantName = "[No Variations]"
Add component (AddParameter): Name = "Supplier 2"; Value = "Digi-Key"; VariantName = "[No Variations]"
Add component (AddParameter): Name = "Supplier Part Number 1"; Value = "81-LQM18DN6R8M70L"; VariantName = "[No Variations]"
Add component (AddParameter): Name = "Supplier Part Number 2"; Value = "490-LQM18DN6R8M70LCT-ND"; VariantName = "[No Variations]"
Add component (AddParameter): Name = "Type"; Value = "fixed inductor"; VariantName = "[No Variations]"
Add component (AddParameter): Name = "Value"; Value = "6.8uH"; VariantName = "[No Variations]"
Added Component: Designator=L5B(INDC1608X95N)
Add component (AddParameter): Name = "Component Type"; Value = "SMD fixed inductor"; VariantName = "[No Variations]"
Add component (AddParameter): Name = "ComponentLink1Description"; Value = "Datasheet"; VariantName = "[No Variations]"
Add component (AddParameter): Name = "ComponentLink1URL"; Value = "https://www.mouser.de/datasheet/2/281/1/JELF243B_0086-2298241.pdf"; VariantName = "[No Variations]"
Add component (AddParameter): Name = "Created from"; Value = "DHufnagel"; VariantName = "[No Variations]"
Add component (AddParameter): Name = "Created On"; Value = "19.07.2022 15:47:17"; VariantName = "[No Variations]"
Add component (AddParameter): Name = "DC current"; Value = "120mA"; VariantName = "[No Variations]"
Add component (AddParameter): Name = "DCR"; Value = "320m"; VariantName = "[No Variations]"
Add component (AddParameter): Name = "Device Package"; Value = "SMD"; VariantName = "[No Variations]"
Add component (AddParameter): Name = "Last Updated"; Value = "15.06.2023 16:03:16"; VariantName = "[No Variations]"
Add component (AddParameter): Name = "LCSC Part Number"; Value = "C1881372"; VariantName = "[No Variations]"
Add component (AddParameter): Name = "Live Cycle Status"; Value = "1"; VariantName = "[No Variations]"
Add component (AddParameter): Name = "Manufacturer"; Value = "Murata"; VariantName = "[No Variations]"
Add component (AddParameter): Name = "Manufacturer Part Number"; Value = "LQM18DN6R8M70L"; VariantName = "[No Variations]"
Add component (AddParameter): Name = "MF"; Value = "EPCOS / TDK"; VariantName = "[No Variations]"
Add component (AddParameter): Name = "Mounting Type"; Value = "SMD"; VariantName = "[No Variations]"
Add component (AddParameter): Name = "MPN"; Value = "B82464G4154M"; VariantName = "[No Variations]"
Add component (AddParameter): Name = "Operating Temperature"; Value = "-40 - 125°C"; VariantName = "[No Variations]"
Add component (AddParameter): Name = "PartID"; Value = "10"; VariantName = "[No Variations]"
Add component (AddParameter): Name = "Rated Current"; Value = "0.85 A"; VariantName = "[No Variations]"
Add component (AddParameter): Name = "Series"; Value = "LQM18DN_70"; VariantName = "[No Variations]"
Add component (AddParameter): Name = "Stock number"; Value = "not stored"; VariantName = "[No Variations]"
Add component (AddParameter): Name = "Supplier 1"; Value = "Mouser"; VariantName = "[No Variations]"
Add component (AddParameter): Name = "Supplier 2"; Value = "Digi-Key"; VariantName = "[No Variations]"
Add component (AddParameter): Name = "Supplier Part Number 1"; Value = "81-LQM18DN6R8M70L"; VariantName = "[No Variations]"
Add component (AddParameter): Name = "Supplier Part Number 2"; Value = "490-LQM18DN6R8M70LCT-ND"; VariantName = "[No Variations]"
Add component (AddParameter): Name = "Type"; Value = "fixed inductor"; VariantName = "[No Variations]"
Add component (AddParameter): Name = "Value"; Value = "6.8uH"; VariantName = "[No Variations]"
Added Component: Designator=L5C(INDC1608X95N)
Add component (AddParameter): Name = "Component Type"; Value = "SMD fixed inductor"; VariantName = "[No Variations]"
Add component (AddParameter): Name = "ComponentLink1Description"; Value = "Datasheet"; VariantName = "[No Variations]"
Add component (AddParameter): Name = "ComponentLink1URL"; Value = "https://www.mouser.de/datasheet/2/281/1/JELF243B_0086-2298241.pdf"; VariantName = "[No Variations]"
Add component (AddParameter): Name = "Created from"; Value = "DHufnagel"; VariantName = "[No Variations]"
Add component (AddParameter): Name = "Created On"; Value = "19.07.2022 15:47:17"; VariantName = "[No Variations]"
Add component (AddParameter): Name = "DC current"; Value = "120mA"; VariantName = "[No Variations]"
Add component (AddParameter): Name = "DCR"; Value = "320m"; VariantName = "[No Variations]"
Add component (AddParameter): Name = "Device Package"; Value = "SMD"; VariantName = "[No Variations]"
Add component (AddParameter): Name = "Last Updated"; Value = "15.06.2023 16:03:16"; VariantName = "[No Variations]"
Add component (AddParameter): Name = "LCSC Part Number"; Value = "C1881372"; VariantName = "[No Variations]"
Add component (AddParameter): Name = "Live Cycle Status"; Value = "1"; VariantName = "[No Variations]"
Add component (AddParameter): Name = "Manufacturer"; Value = "Murata"; VariantName = "[No Variations]"
Add component (AddParameter): Name = "Manufacturer Part Number"; Value = "LQM18DN6R8M70L"; VariantName = "[No Variations]"
Add component (AddParameter): Name = "MF"; Value = "EPCOS / TDK"; VariantName = "[No Variations]"
Add component (AddParameter): Name = "Mounting Type"; Value = "SMD"; VariantName = "[No Variations]"
Add component (AddParameter): Name = "MPN"; Value = "B82464G4154M"; VariantName = "[No Variations]"
Add component (AddParameter): Name = "Operating Temperature"; Value = "-40 - 125°C"; VariantName = "[No Variations]"
Add component (AddParameter): Name = "PartID"; Value = "10"; VariantName = "[No Variations]"
Add component (AddParameter): Name = "Rated Current"; Value = "0.85 A"; VariantName = "[No Variations]"
Add component (AddParameter): Name = "Series"; Value = "LQM18DN_70"; VariantName = "[No Variations]"
Add component (AddParameter): Name = "Stock number"; Value = "not stored"; VariantName = "[No Variations]"
Add component (AddParameter): Name = "Supplier 1"; Value = "Mouser"; VariantName = "[No Variations]"
Add component (AddParameter): Name = "Supplier 2"; Value = "Digi-Key"; VariantName = "[No Variations]"
Add component (AddParameter): Name = "Supplier Part Number 1"; Value = "81-LQM18DN6R8M70L"; VariantName = "[No Variations]"
Add component (AddParameter): Name = "Supplier Part Number 2"; Value = "490-LQM18DN6R8M70LCT-ND"; VariantName = "[No Variations]"
Add component (AddParameter): Name = "Type"; Value = "fixed inductor"; VariantName = "[No Variations]"
Add component (AddParameter): Name = "Value"; Value = "6.8uH"; VariantName = "[No Variations]"
Added Component: Designator=L6(INDC1608X95N)
Add component (AddParameter): Name = "Component Type"; Value = "SMD fixed inductor"; VariantName = "[No Variations]"
Add component (AddParameter): Name = "ComponentLink1Description"; Value = "Datasheet"; VariantName = "[No Variations]"
Add component (AddParameter): Name = "ComponentLink1URL"; Value = "https://www.mouser.de/datasheet/2/281/1/JELF243B_0086-2298241.pdf"; VariantName = "[No Variations]"
Add component (AddParameter): Name = "Created from"; Value = "DHufnagel"; VariantName = "[No Variations]"
Add component (AddParameter): Name = "Created On"; Value = "19.07.2022 15:47:17"; VariantName = "[No Variations]"
Add component (AddParameter): Name = "DC current"; Value = "120mA"; VariantName = "[No Variations]"
Add component (AddParameter): Name = "DCR"; Value = "320m"; VariantName = "[No Variations]"
Add component (AddParameter): Name = "Device Package"; Value = "SMD"; VariantName = "[No Variations]"
Add component (AddParameter): Name = "Last Updated"; Value = "15.06.2023 16:03:16"; VariantName = "[No Variations]"
Add component (AddParameter): Name = "LCSC Part Number"; Value = "C1881372"; VariantName = "[No Variations]"
Add component (AddParameter): Name = "Live Cycle Status"; Value = "1"; VariantName = "[No Variations]"
Add component (AddParameter): Name = "Manufacturer"; Value = "Murata"; VariantName = "[No Variations]"
Add component (AddParameter): Name = "Manufacturer Part Number"; Value = "LQM18DN6R8M70L"; VariantName = "[No Variations]"
Add component (AddParameter): Name = "MF"; Value = "EPCOS / TDK"; VariantName = "[No Variations]"
Add component (AddParameter): Name = "Mounting Type"; Value = "SMD"; VariantName = "[No Variations]"
Add component (AddParameter): Name = "MPN"; Value = "B82464G4154M"; VariantName = "[No Variations]"
Add component (AddParameter): Name = "Operating Temperature"; Value = "-40 - 125°C"; VariantName = "[No Variations]"
Add component (AddParameter): Name = "PartID"; Value = "10"; VariantName = "[No Variations]"
Add component (AddParameter): Name = "Rated Current"; Value = "0.85 A"; VariantName = "[No Variations]"
Add component (AddParameter): Name = "Series"; Value = "LQM18DN_70"; VariantName = "[No Variations]"
Add component (AddParameter): Name = "Stock number"; Value = "not stored"; VariantName = "[No Variations]"
Add component (AddParameter): Name = "Supplier 1"; Value = "Mouser"; VariantName = "[No Variations]"
Add component (AddParameter): Name = "Supplier 2"; Value = "Digi-Key"; VariantName = "[No Variations]"
Add component (AddParameter): Name = "Supplier Part Number 1"; Value = "81-LQM18DN6R8M70L"; VariantName = "[No Variations]"
Add component (AddParameter): Name = "Supplier Part Number 2"; Value = "490-LQM18DN6R8M70LCT-ND"; VariantName = "[No Variations]"
Add component (AddParameter): Name = "Type"; Value = "fixed inductor"; VariantName = "[No Variations]"
Add component (AddParameter): Name = "Value"; Value = "6.8uH"; VariantName = "[No Variations]"
Added Component: Designator=L7(INDC1608X95N)
Add component (AddParameter): Name = "Component Type"; Value = "SMD fixed inductor"; VariantName = "[No Variations]"
Add component (AddParameter): Name = "ComponentLink1Description"; Value = "Datasheet"; VariantName = "[No Variations]"
Add component (AddParameter): Name = "ComponentLink1URL"; Value = "https://www.mouser.de/datasheet/2/281/1/JELF243B_0086-2298241.pdf"; VariantName = "[No Variations]"
Add component (AddParameter): Name = "Created from"; Value = "DHufnagel"; VariantName = "[No Variations]"
Add component (AddParameter): Name = "Created On"; Value = "19.07.2022 15:47:17"; VariantName = "[No Variations]"
Add component (AddParameter): Name = "DC current"; Value = "120mA"; VariantName = "[No Variations]"
Add component (AddParameter): Name = "DCR"; Value = "320m"; VariantName = "[No Variations]"
Add component (AddParameter): Name = "Device Package"; Value = "SMD"; VariantName = "[No Variations]"
Add component (AddParameter): Name = "Last Updated"; Value = "15.06.2023 16:03:16"; VariantName = "[No Variations]"
Add component (AddParameter): Name = "LCSC Part Number"; Value = "C1881372"; VariantName = "[No Variations]"
Add component (AddParameter): Name = "Live Cycle Status"; Value = "1"; VariantName = "[No Variations]"
Add component (AddParameter): Name = "Manufacturer"; Value = "Murata"; VariantName = "[No Variations]"
Add component (AddParameter): Name = "Manufacturer Part Number"; Value = "LQM18DN6R8M70L"; VariantName = "[No Variations]"
Add component (AddParameter): Name = "MF"; Value = "EPCOS / TDK"; VariantName = "[No Variations]"
Add component (AddParameter): Name = "Mounting Type"; Value = "SMD"; VariantName = "[No Variations]"
Add component (AddParameter): Name = "MPN"; Value = "B82464G4154M"; VariantName = "[No Variations]"
Add component (AddParameter): Name = "Operating Temperature"; Value = "-40 - 125°C"; VariantName = "[No Variations]"
Add component (AddParameter): Name = "PartID"; Value = "10"; VariantName = "[No Variations]"
Add component (AddParameter): Name = "Rated Current"; Value = "0.85 A"; VariantName = "[No Variations]"
Add component (AddParameter): Name = "Series"; Value = "LQM18DN_70"; VariantName = "[No Variations]"
Add component (AddParameter): Name = "Stock number"; Value = "not stored"; VariantName = "[No Variations]"
Add component (AddParameter): Name = "Supplier 1"; Value = "Mouser"; VariantName = "[No Variations]"
Add component (AddParameter): Name = "Supplier 2"; Value = "Digi-Key"; VariantName = "[No Variations]"
Add component (AddParameter): Name = "Supplier Part Number 1"; Value = "81-LQM18DN6R8M70L"; VariantName = "[No Variations]"
Add component (AddParameter): Name = "Supplier Part Number 2"; Value = "490-LQM18DN6R8M70LCT-ND"; VariantName = "[No Variations]"
Add component (AddParameter): Name = "Type"; Value = "fixed inductor"; VariantName = "[No Variations]"
Add component (AddParameter): Name = "Value"; Value = "6.8uH"; VariantName = "[No Variations]"
Added Component: Designator=L8(INDC1608X95N)
Add component (AddParameter): Name = "Component Type"; Value = "SMD fixed inductor"; VariantName = "[No Variations]"
Add component (AddParameter): Name = "ComponentLink1Description"; Value = "Datasheet"; VariantName = "[No Variations]"
Add component (AddParameter): Name = "ComponentLink1URL"; Value = "https://www.mouser.de/datasheet/2/281/1/JELF243B_0086-2298241.pdf"; VariantName = "[No Variations]"
Add component (AddParameter): Name = "Created from"; Value = "DHufnagel"; VariantName = "[No Variations]"
Add component (AddParameter): Name = "Created On"; Value = "19.07.2022 15:47:17"; VariantName = "[No Variations]"
Add component (AddParameter): Name = "DC current"; Value = "120mA"; VariantName = "[No Variations]"
Add component (AddParameter): Name = "DCR"; Value = "320m"; VariantName = "[No Variations]"
Add component (AddParameter): Name = "Device Package"; Value = "SMD"; VariantName = "[No Variations]"
Add component (AddParameter): Name = "Last Updated"; Value = "15.06.2023 16:03:16"; VariantName = "[No Variations]"
Add component (AddParameter): Name = "LCSC Part Number"; Value = "C1881372"; VariantName = "[No Variations]"
Add component (AddParameter): Name = "Live Cycle Status"; Value = "1"; VariantName = "[No Variations]"
Add component (AddParameter): Name = "Manufacturer"; Value = "Murata"; VariantName = "[No Variations]"
Add component (AddParameter): Name = "Manufacturer Part Number"; Value = "LQM18DN6R8M70L"; VariantName = "[No Variations]"
Add component (AddParameter): Name = "MF"; Value = "EPCOS / TDK"; VariantName = "[No Variations]"
Add component (AddParameter): Name = "Mounting Type"; Value = "SMD"; VariantName = "[No Variations]"
Add component (AddParameter): Name = "MPN"; Value = "B82464G4154M"; VariantName = "[No Variations]"
Add component (AddParameter): Name = "Operating Temperature"; Value = "-40 - 125°C"; VariantName = "[No Variations]"
Add component (AddParameter): Name = "PartID"; Value = "10"; VariantName = "[No Variations]"
Add component (AddParameter): Name = "Rated Current"; Value = "0.85 A"; VariantName = "[No Variations]"
Add component (AddParameter): Name = "Series"; Value = "LQM18DN_70"; VariantName = "[No Variations]"
Add component (AddParameter): Name = "Stock number"; Value = "not stored"; VariantName = "[No Variations]"
Add component (AddParameter): Name = "Supplier 1"; Value = "Mouser"; VariantName = "[No Variations]"
Add component (AddParameter): Name = "Supplier 2"; Value = "Digi-Key"; VariantName = "[No Variations]"
Add component (AddParameter): Name = "Supplier Part Number 1"; Value = "81-LQM18DN6R8M70L"; VariantName = "[No Variations]"
Add component (AddParameter): Name = "Supplier Part Number 2"; Value = "490-LQM18DN6R8M70LCT-ND"; VariantName = "[No Variations]"
Add component (AddParameter): Name = "Type"; Value = "fixed inductor"; VariantName = "[No Variations]"
Add component (AddParameter): Name = "Value"; Value = "6.8uH"; VariantName = "[No Variations]"
Added Component: Designator=L9A(INDC1608X95N)
Add component (AddParameter): Name = "Component Type"; Value = "SMD fixed inductor"; VariantName = "[No Variations]"
Add component (AddParameter): Name = "ComponentLink1Description"; Value = "Datasheet"; VariantName = "[No Variations]"
Add component (AddParameter): Name = "ComponentLink1URL"; Value = "https://www.mouser.de/datasheet/2/281/1/JELF243B_0086-2298241.pdf"; VariantName = "[No Variations]"
Add component (AddParameter): Name = "Created from"; Value = "DHufnagel"; VariantName = "[No Variations]"
Add component (AddParameter): Name = "Created On"; Value = "19.07.2022 15:47:17"; VariantName = "[No Variations]"
Add component (AddParameter): Name = "DC current"; Value = "120mA"; VariantName = "[No Variations]"
Add component (AddParameter): Name = "DCR"; Value = "320m"; VariantName = "[No Variations]"
Add component (AddParameter): Name = "Device Package"; Value = "SMD"; VariantName = "[No Variations]"
Add component (AddParameter): Name = "Last Updated"; Value = "15.06.2023 16:03:16"; VariantName = "[No Variations]"
Add component (AddParameter): Name = "LCSC Part Number"; Value = "C1881372"; VariantName = "[No Variations]"
Add component (AddParameter): Name = "Live Cycle Status"; Value = "1"; VariantName = "[No Variations]"
Add component (AddParameter): Name = "Manufacturer"; Value = "Murata"; VariantName = "[No Variations]"
Add component (AddParameter): Name = "Manufacturer Part Number"; Value = "LQM18DN6R8M70L"; VariantName = "[No Variations]"
Add component (AddParameter): Name = "MF"; Value = "EPCOS / TDK"; VariantName = "[No Variations]"
Add component (AddParameter): Name = "Mounting Type"; Value = "SMD"; VariantName = "[No Variations]"
Add component (AddParameter): Name = "MPN"; Value = "B82464G4154M"; VariantName = "[No Variations]"
Add component (AddParameter): Name = "Operating Temperature"; Value = "-40 - 125°C"; VariantName = "[No Variations]"
Add component (AddParameter): Name = "PartID"; Value = "10"; VariantName = "[No Variations]"
Add component (AddParameter): Name = "Rated Current"; Value = "0.85 A"; VariantName = "[No Variations]"
Add component (AddParameter): Name = "Series"; Value = "LQM18DN_70"; VariantName = "[No Variations]"
Add component (AddParameter): Name = "Stock number"; Value = "not stored"; VariantName = "[No Variations]"
Add component (AddParameter): Name = "Supplier 1"; Value = "Mouser"; VariantName = "[No Variations]"
Add component (AddParameter): Name = "Supplier 2"; Value = "Digi-Key"; VariantName = "[No Variations]"
Add component (AddParameter): Name = "Supplier Part Number 1"; Value = "81-LQM18DN6R8M70L"; VariantName = "[No Variations]"
Add component (AddParameter): Name = "Supplier Part Number 2"; Value = "490-LQM18DN6R8M70LCT-ND"; VariantName = "[No Variations]"
Add component (AddParameter): Name = "Type"; Value = "fixed inductor"; VariantName = "[No Variations]"
Add component (AddParameter): Name = "Value"; Value = "6.8uH"; VariantName = "[No Variations]"
Added Component: Designator=L9B(INDC1608X95N)
Add component (AddParameter): Name = "Component Type"; Value = "SMD fixed inductor"; VariantName = "[No Variations]"
Add component (AddParameter): Name = "ComponentLink1Description"; Value = "Datasheet"; VariantName = "[No Variations]"
Add component (AddParameter): Name = "ComponentLink1URL"; Value = "https://www.mouser.de/datasheet/2/281/1/JELF243B_0086-2298241.pdf"; VariantName = "[No Variations]"
Add component (AddParameter): Name = "Created from"; Value = "DHufnagel"; VariantName = "[No Variations]"
Add component (AddParameter): Name = "Created On"; Value = "19.07.2022 15:47:17"; VariantName = "[No Variations]"
Add component (AddParameter): Name = "DC current"; Value = "120mA"; VariantName = "[No Variations]"
Add component (AddParameter): Name = "DCR"; Value = "320m"; VariantName = "[No Variations]"
Add component (AddParameter): Name = "Device Package"; Value = "SMD"; VariantName = "[No Variations]"
Add component (AddParameter): Name = "Last Updated"; Value = "15.06.2023 16:03:16"; VariantName = "[No Variations]"
Add component (AddParameter): Name = "LCSC Part Number"; Value = "C1881372"; VariantName = "[No Variations]"
Add component (AddParameter): Name = "Live Cycle Status"; Value = "1"; VariantName = "[No Variations]"
Add component (AddParameter): Name = "Manufacturer"; Value = "Murata"; VariantName = "[No Variations]"
Add component (AddParameter): Name = "Manufacturer Part Number"; Value = "LQM18DN6R8M70L"; VariantName = "[No Variations]"
Add component (AddParameter): Name = "MF"; Value = "EPCOS / TDK"; VariantName = "[No Variations]"
Add component (AddParameter): Name = "Mounting Type"; Value = "SMD"; VariantName = "[No Variations]"
Add component (AddParameter): Name = "MPN"; Value = "B82464G4154M"; VariantName = "[No Variations]"
Add component (AddParameter): Name = "Operating Temperature"; Value = "-40 - 125°C"; VariantName = "[No Variations]"
Add component (AddParameter): Name = "PartID"; Value = "10"; VariantName = "[No Variations]"
Add component (AddParameter): Name = "Rated Current"; Value = "0.85 A"; VariantName = "[No Variations]"
Add component (AddParameter): Name = "Series"; Value = "LQM18DN_70"; VariantName = "[No Variations]"
Add component (AddParameter): Name = "Stock number"; Value = "not stored"; VariantName = "[No Variations]"
Add component (AddParameter): Name = "Supplier 1"; Value = "Mouser"; VariantName = "[No Variations]"
Add component (AddParameter): Name = "Supplier 2"; Value = "Digi-Key"; VariantName = "[No Variations]"
Add component (AddParameter): Name = "Supplier Part Number 1"; Value = "81-LQM18DN6R8M70L"; VariantName = "[No Variations]"
Add component (AddParameter): Name = "Supplier Part Number 2"; Value = "490-LQM18DN6R8M70LCT-ND"; VariantName = "[No Variations]"
Add component (AddParameter): Name = "Type"; Value = "fixed inductor"; VariantName = "[No Variations]"
Add component (AddParameter): Name = "Value"; Value = "6.8uH"; VariantName = "[No Variations]"
Added Component: Designator=L9C(INDC1608X95N)
Add component (AddParameter): Name = "Component Type"; Value = "SMD fixed inductor"; VariantName = "[No Variations]"
Add component (AddParameter): Name = "ComponentLink1Description"; Value = "Datasheet"; VariantName = "[No Variations]"
Add component (AddParameter): Name = "ComponentLink1URL"; Value = "https://www.mouser.de/datasheet/2/281/1/JELF243B_0086-2298241.pdf"; VariantName = "[No Variations]"
Add component (AddParameter): Name = "Created from"; Value = "DHufnagel"; VariantName = "[No Variations]"
Add component (AddParameter): Name = "Created On"; Value = "19.07.2022 15:47:17"; VariantName = "[No Variations]"
Add component (AddParameter): Name = "DC current"; Value = "120mA"; VariantName = "[No Variations]"
Add component (AddParameter): Name = "DCR"; Value = "320m"; VariantName = "[No Variations]"
Add component (AddParameter): Name = "Device Package"; Value = "SMD"; VariantName = "[No Variations]"
Add component (AddParameter): Name = "Last Updated"; Value = "15.06.2023 16:03:16"; VariantName = "[No Variations]"
Add component (AddParameter): Name = "LCSC Part Number"; Value = "C1881372"; VariantName = "[No Variations]"
Add component (AddParameter): Name = "Live Cycle Status"; Value = "1"; VariantName = "[No Variations]"
Add component (AddParameter): Name = "Manufacturer"; Value = "Murata"; VariantName = "[No Variations]"
Add component (AddParameter): Name = "Manufacturer Part Number"; Value = "LQM18DN6R8M70L"; VariantName = "[No Variations]"
Add component (AddParameter): Name = "MF"; Value = "EPCOS / TDK"; VariantName = "[No Variations]"
Add component (AddParameter): Name = "Mounting Type"; Value = "SMD"; VariantName = "[No Variations]"
Add component (AddParameter): Name = "MPN"; Value = "B82464G4154M"; VariantName = "[No Variations]"
Add component (AddParameter): Name = "Operating Temperature"; Value = "-40 - 125°C"; VariantName = "[No Variations]"
Add component (AddParameter): Name = "PartID"; Value = "10"; VariantName = "[No Variations]"
Add component (AddParameter): Name = "Rated Current"; Value = "0.85 A"; VariantName = "[No Variations]"
Add component (AddParameter): Name = "Series"; Value = "LQM18DN_70"; VariantName = "[No Variations]"
Add component (AddParameter): Name = "Stock number"; Value = "not stored"; VariantName = "[No Variations]"
Add component (AddParameter): Name = "Supplier 1"; Value = "Mouser"; VariantName = "[No Variations]"
Add component (AddParameter): Name = "Supplier 2"; Value = "Digi-Key"; VariantName = "[No Variations]"
Add component (AddParameter): Name = "Supplier Part Number 1"; Value = "81-LQM18DN6R8M70L"; VariantName = "[No Variations]"
Add component (AddParameter): Name = "Supplier Part Number 2"; Value = "490-LQM18DN6R8M70LCT-ND"; VariantName = "[No Variations]"
Add component (AddParameter): Name = "Type"; Value = "fixed inductor"; VariantName = "[No Variations]"
Add component (AddParameter): Name = "Value"; Value = "6.8uH"; VariantName = "[No Variations]"
Added Component: Designator=L10A(INDC1608X95N)
Add component (AddParameter): Name = "Component Type"; Value = "SMD fixed inductor"; VariantName = "[No Variations]"
Add component (AddParameter): Name = "ComponentLink1Description"; Value = "Datasheet"; VariantName = "[No Variations]"
Add component (AddParameter): Name = "ComponentLink1URL"; Value = "https://www.mouser.de/datasheet/2/281/1/JELF243B_0086-2298241.pdf"; VariantName = "[No Variations]"
Add component (AddParameter): Name = "Created from"; Value = "DHufnagel"; VariantName = "[No Variations]"
Add component (AddParameter): Name = "Created On"; Value = "19.07.2022 15:47:17"; VariantName = "[No Variations]"
Add component (AddParameter): Name = "DC current"; Value = "120mA"; VariantName = "[No Variations]"
Add component (AddParameter): Name = "DCR"; Value = "320m"; VariantName = "[No Variations]"
Add component (AddParameter): Name = "Device Package"; Value = "SMD"; VariantName = "[No Variations]"
Add component (AddParameter): Name = "Last Updated"; Value = "15.06.2023 16:03:16"; VariantName = "[No Variations]"
Add component (AddParameter): Name = "LCSC Part Number"; Value = "C1881372"; VariantName = "[No Variations]"
Add component (AddParameter): Name = "Live Cycle Status"; Value = "1"; VariantName = "[No Variations]"
Add component (AddParameter): Name = "Manufacturer"; Value = "Murata"; VariantName = "[No Variations]"
Add component (AddParameter): Name = "Manufacturer Part Number"; Value = "LQM18DN6R8M70L"; VariantName = "[No Variations]"
Add component (AddParameter): Name = "MF"; Value = "EPCOS / TDK"; VariantName = "[No Variations]"
Add component (AddParameter): Name = "Mounting Type"; Value = "SMD"; VariantName = "[No Variations]"
Add component (AddParameter): Name = "MPN"; Value = "B82464G4154M"; VariantName = "[No Variations]"
Add component (AddParameter): Name = "Operating Temperature"; Value = "-40 - 125°C"; VariantName = "[No Variations]"
Add component (AddParameter): Name = "PartID"; Value = "10"; VariantName = "[No Variations]"
Add component (AddParameter): Name = "Rated Current"; Value = "0.85 A"; VariantName = "[No Variations]"
Add component (AddParameter): Name = "Series"; Value = "LQM18DN_70"; VariantName = "[No Variations]"
Add component (AddParameter): Name = "Stock number"; Value = "not stored"; VariantName = "[No Variations]"
Add component (AddParameter): Name = "Supplier 1"; Value = "Mouser"; VariantName = "[No Variations]"
Add component (AddParameter): Name = "Supplier 2"; Value = "Digi-Key"; VariantName = "[No Variations]"
Add component (AddParameter): Name = "Supplier Part Number 1"; Value = "81-LQM18DN6R8M70L"; VariantName = "[No Variations]"
Add component (AddParameter): Name = "Supplier Part Number 2"; Value = "490-LQM18DN6R8M70LCT-ND"; VariantName = "[No Variations]"
Add component (AddParameter): Name = "Type"; Value = "fixed inductor"; VariantName = "[No Variations]"
Add component (AddParameter): Name = "Value"; Value = "6.8uH"; VariantName = "[No Variations]"
Added Component: Designator=L10B(INDC1608X95N)
Add component (AddParameter): Name = "Component Type"; Value = "SMD fixed inductor"; VariantName = "[No Variations]"
Add component (AddParameter): Name = "ComponentLink1Description"; Value = "Datasheet"; VariantName = "[No Variations]"
Add component (AddParameter): Name = "ComponentLink1URL"; Value = "https://www.mouser.de/datasheet/2/281/1/JELF243B_0086-2298241.pdf"; VariantName = "[No Variations]"
Add component (AddParameter): Name = "Created from"; Value = "DHufnagel"; VariantName = "[No Variations]"
Add component (AddParameter): Name = "Created On"; Value = "19.07.2022 15:47:17"; VariantName = "[No Variations]"
Add component (AddParameter): Name = "DC current"; Value = "120mA"; VariantName = "[No Variations]"
Add component (AddParameter): Name = "DCR"; Value = "320m"; VariantName = "[No Variations]"
Add component (AddParameter): Name = "Device Package"; Value = "SMD"; VariantName = "[No Variations]"
Add component (AddParameter): Name = "Last Updated"; Value = "15.06.2023 16:03:16"; VariantName = "[No Variations]"
Add component (AddParameter): Name = "LCSC Part Number"; Value = "C1881372"; VariantName = "[No Variations]"
Add component (AddParameter): Name = "Live Cycle Status"; Value = "1"; VariantName = "[No Variations]"
Add component (AddParameter): Name = "Manufacturer"; Value = "Murata"; VariantName = "[No Variations]"
Add component (AddParameter): Name = "Manufacturer Part Number"; Value = "LQM18DN6R8M70L"; VariantName = "[No Variations]"
Add component (AddParameter): Name = "MF"; Value = "EPCOS / TDK"; VariantName = "[No Variations]"
Add component (AddParameter): Name = "Mounting Type"; Value = "SMD"; VariantName = "[No Variations]"
Add component (AddParameter): Name = "MPN"; Value = "B82464G4154M"; VariantName = "[No Variations]"
Add component (AddParameter): Name = "Operating Temperature"; Value = "-40 - 125°C"; VariantName = "[No Variations]"
Add component (AddParameter): Name = "PartID"; Value = "10"; VariantName = "[No Variations]"
Add component (AddParameter): Name = "Rated Current"; Value = "0.85 A"; VariantName = "[No Variations]"
Add component (AddParameter): Name = "Series"; Value = "LQM18DN_70"; VariantName = "[No Variations]"
Add component (AddParameter): Name = "Stock number"; Value = "not stored"; VariantName = "[No Variations]"
Add component (AddParameter): Name = "Supplier 1"; Value = "Mouser"; VariantName = "[No Variations]"
Add component (AddParameter): Name = "Supplier 2"; Value = "Digi-Key"; VariantName = "[No Variations]"
Add component (AddParameter): Name = "Supplier Part Number 1"; Value = "81-LQM18DN6R8M70L"; VariantName = "[No Variations]"
Add component (AddParameter): Name = "Supplier Part Number 2"; Value = "490-LQM18DN6R8M70LCT-ND"; VariantName = "[No Variations]"
Add component (AddParameter): Name = "Type"; Value = "fixed inductor"; VariantName = "[No Variations]"
Add component (AddParameter): Name = "Value"; Value = "6.8uH"; VariantName = "[No Variations]"
Added Component: Designator=L10C(INDC1608X95N)
Add component (AddParameter): Name = "Component Type"; Value = "SMD fixed inductor"; VariantName = "[No Variations]"
Add component (AddParameter): Name = "ComponentLink1Description"; Value = "Datasheet"; VariantName = "[No Variations]"
Add component (AddParameter): Name = "ComponentLink1URL"; Value = "https://www.mouser.de/datasheet/2/281/1/JELF243B_0086-2298241.pdf"; VariantName = "[No Variations]"
Add component (AddParameter): Name = "Created from"; Value = "DHufnagel"; VariantName = "[No Variations]"
Add component (AddParameter): Name = "Created On"; Value = "19.07.2022 15:47:17"; VariantName = "[No Variations]"
Add component (AddParameter): Name = "DC current"; Value = "120mA"; VariantName = "[No Variations]"
Add component (AddParameter): Name = "DCR"; Value = "320m"; VariantName = "[No Variations]"
Add component (AddParameter): Name = "Device Package"; Value = "SMD"; VariantName = "[No Variations]"
Add component (AddParameter): Name = "Last Updated"; Value = "15.06.2023 16:03:16"; VariantName = "[No Variations]"
Add component (AddParameter): Name = "LCSC Part Number"; Value = "C1881372"; VariantName = "[No Variations]"
Add component (AddParameter): Name = "Live Cycle Status"; Value = "1"; VariantName = "[No Variations]"
Add component (AddParameter): Name = "Manufacturer"; Value = "Murata"; VariantName = "[No Variations]"
Add component (AddParameter): Name = "Manufacturer Part Number"; Value = "LQM18DN6R8M70L"; VariantName = "[No Variations]"
Add component (AddParameter): Name = "MF"; Value = "EPCOS / TDK"; VariantName = "[No Variations]"
Add component (AddParameter): Name = "Mounting Type"; Value = "SMD"; VariantName = "[No Variations]"
Add component (AddParameter): Name = "MPN"; Value = "B82464G4154M"; VariantName = "[No Variations]"
Add component (AddParameter): Name = "Operating Temperature"; Value = "-40 - 125°C"; VariantName = "[No Variations]"
Add component (AddParameter): Name = "PartID"; Value = "10"; VariantName = "[No Variations]"
Add component (AddParameter): Name = "Rated Current"; Value = "0.85 A"; VariantName = "[No Variations]"
Add component (AddParameter): Name = "Series"; Value = "LQM18DN_70"; VariantName = "[No Variations]"
Add component (AddParameter): Name = "Stock number"; Value = "not stored"; VariantName = "[No Variations]"
Add component (AddParameter): Name = "Supplier 1"; Value = "Mouser"; VariantName = "[No Variations]"
Add component (AddParameter): Name = "Supplier 2"; Value = "Digi-Key"; VariantName = "[No Variations]"
Add component (AddParameter): Name = "Supplier Part Number 1"; Value = "81-LQM18DN6R8M70L"; VariantName = "[No Variations]"
Add component (AddParameter): Name = "Supplier Part Number 2"; Value = "490-LQM18DN6R8M70LCT-ND"; VariantName = "[No Variations]"
Add component (AddParameter): Name = "Type"; Value = "fixed inductor"; VariantName = "[No Variations]"
Add component (AddParameter): Name = "Value"; Value = "6.8uH"; VariantName = "[No Variations]"
Added Component: Designator=L12(INDC1608X95N)
Add component (AddParameter): Name = "Component Type"; Value = "SMD fixed inductor"; VariantName = "[No Variations]"
Add component (AddParameter): Name = "ComponentLink1Description"; Value = "Datasheet"; VariantName = "[No Variations]"
Add component (AddParameter): Name = "ComponentLink1URL"; Value = "https://www.mouser.de/datasheet/2/281/1/JELF243B_0086-2298241.pdf"; VariantName = "[No Variations]"
Add component (AddParameter): Name = "Created from"; Value = "DHufnagel"; VariantName = "[No Variations]"
Add component (AddParameter): Name = "Created On"; Value = "19.07.2022 15:47:17"; VariantName = "[No Variations]"
Add component (AddParameter): Name = "DC current"; Value = "120mA"; VariantName = "[No Variations]"
Add component (AddParameter): Name = "DCR"; Value = "320m"; VariantName = "[No Variations]"
Add component (AddParameter): Name = "Device Package"; Value = "SMD"; VariantName = "[No Variations]"
Add component (AddParameter): Name = "Last Updated"; Value = "15.06.2023 16:03:16"; VariantName = "[No Variations]"
Add component (AddParameter): Name = "LCSC Part Number"; Value = "C1881372"; VariantName = "[No Variations]"
Add component (AddParameter): Name = "Live Cycle Status"; Value = "1"; VariantName = "[No Variations]"
Add component (AddParameter): Name = "Manufacturer"; Value = "Murata"; VariantName = "[No Variations]"
Add component (AddParameter): Name = "Manufacturer Part Number"; Value = "LQM18DN6R8M70L"; VariantName = "[No Variations]"
Add component (AddParameter): Name = "MF"; Value = "EPCOS / TDK"; VariantName = "[No Variations]"
Add component (AddParameter): Name = "Mounting Type"; Value = "SMD"; VariantName = "[No Variations]"
Add component (AddParameter): Name = "MPN"; Value = "B82464G4154M"; VariantName = "[No Variations]"
Add component (AddParameter): Name = "Operating Temperature"; Value = "-40 - 125°C"; VariantName = "[No Variations]"
Add component (AddParameter): Name = "PartID"; Value = "10"; VariantName = "[No Variations]"
Add component (AddParameter): Name = "Rated Current"; Value = "0.85 A"; VariantName = "[No Variations]"
Add component (AddParameter): Name = "Series"; Value = "LQM18DN_70"; VariantName = "[No Variations]"
Add component (AddParameter): Name = "Stock number"; Value = "not stored"; VariantName = "[No Variations]"
Add component (AddParameter): Name = "Supplier 1"; Value = "Mouser"; VariantName = "[No Variations]"
Add component (AddParameter): Name = "Supplier 2"; Value = "Digi-Key"; VariantName = "[No Variations]"
Add component (AddParameter): Name = "Supplier Part Number 1"; Value = "81-LQM18DN6R8M70L"; VariantName = "[No Variations]"
Add component (AddParameter): Name = "Supplier Part Number 2"; Value = "490-LQM18DN6R8M70LCT-ND"; VariantName = "[No Variations]"
Add component (AddParameter): Name = "Type"; Value = "fixed inductor"; VariantName = "[No Variations]"
Add component (AddParameter): Name = "Value"; Value = "6.8uH"; VariantName = "[No Variations]"
Added Component: Designator=LOGO1(UZ_Logo_small)
Add component (AddParameter): Name = "Component Type"; Value = "Logo"; VariantName = "[No Variations]"
Add component (AddParameter): Name = "ComponentLink1Description"; Value = "https://docs.ultrazohm.com/"; VariantName = "[No Variations]"
Add component (AddParameter): Name = "ComponentLink1URL"; Value = "homepage"; VariantName = "[No Variations]"
Add component (AddParameter): Name = "Created"; Value = "Jan2021_Liegmann"; VariantName = "[No Variations]"
Add component (AddParameter): Name = "Created from"; Value = "MGremer"; VariantName = "[No Variations]"
Add component (AddParameter): Name = "Created On"; Value = "03.11.2021 09:04:23"; VariantName = "[No Variations]"
Add component (AddParameter): Name = "Last Updated"; Value = "03.11.2021 09:05:50"; VariantName = "[No Variations]"
Add component (AddParameter): Name = "Live Cycle Status"; Value = "1"; VariantName = "[No Variations]"
Add component (AddParameter): Name = "Manufacturer"; Value = "UltraZohm"; VariantName = "[No Variations]"
Add component (AddParameter): Name = "Manufacturer Part Number"; Value = "Logo small"; VariantName = "[No Variations]"
Add component (AddParameter): Name = "PartID"; Value = "10"; VariantName = "[No Variations]"
Add component (AddParameter): Name = "Supplier 1"; Value = "-"; VariantName = "[No Variations]"
Add component (AddParameter): Name = "Supplier Part Number 1"; Value = "-"; VariantName = "[No Variations]"
Add component (AddParameter): Name = "Type"; Value = "Logo"; VariantName = "[No Variations]"
Add component (AddParameter): Name = "Value"; Value = "Logo"; VariantName = "[No Variations]"
Added Component: Designator=PS1A(PDSE1S24S12MTR)
Add component (AddParameter): Name = "Component Type"; Value = "Isolated DC-DC Converter"; VariantName = "[No Variations]"
Add component (AddParameter): Name = "ComponentLink1Description"; Value = "Datasheet"; VariantName = "[No Variations]"
Add component (AddParameter): Name = "ComponentLink1URL"; Value = "https://www.mouser.de/datasheet/2/670/pdse1_m-1596038.pdf"; VariantName = "[No Variations]"
Add component (AddParameter): Name = "Created from"; Value = "DHufnagel"; VariantName = "[No Variations]"
Add component (AddParameter): Name = "Created On"; Value = "19.07.2022 14:22:00"; VariantName = "[No Variations]"
Add component (AddParameter): Name = "Device Package"; Value = "SMT-5"; VariantName = "[No Variations]"
Add component (AddParameter): Name = "Last Updated"; Value = "05.07.2023 17:07:31"; VariantName = "[No Variations]"
Add component (AddParameter): Name = "LCSC Part Number"; Value = "C6730719"; VariantName = "[No Variations]"
Add component (AddParameter): Name = "Live Cycle Status"; Value = "1"; VariantName = "[No Variations]"
Add component (AddParameter): Name = "Manufacturer"; Value = "CUI Inc."; VariantName = "[No Variations]"
Add component (AddParameter): Name = "Manufacturer Part Number"; Value = "PDSE1-S24-S12-M-TR"; VariantName = "[No Variations]"
Add component (AddParameter): Name = "Mounting Type"; Value = "SMT"; VariantName = "[No Variations]"
Add component (AddParameter): Name = "Operating Temperature"; Value = "-40 - 105°C"; VariantName = "[No Variations]"
Add component (AddParameter): Name = "PartID"; Value = "21"; VariantName = "[No Variations]"
Add component (AddParameter): Name = "Series"; Value = "PDSE1-M"; VariantName = "[No Variations]"
Add component (AddParameter): Name = "Stock number"; Value = "not stored"; VariantName = "[No Variations]"
Add component (AddParameter): Name = "Supplier 1"; Value = "Mouser"; VariantName = "[No Variations]"
Add component (AddParameter): Name = "Supplier 2"; Value = "Digi-Key"; VariantName = "[No Variations]"
Add component (AddParameter): Name = "Supplier Part Number 1"; Value = "490-PDSE1-S24-S12MTR"; VariantName = "[No Variations]"
Add component (AddParameter): Name = "Supplier Part Number 2"; Value = "102-PDSE1-S24-S12-M-TRCT-ND"; VariantName = "[No Variations]"
Add component (AddParameter): Name = "Type"; Value = "isolated DC-DC Converter"; VariantName = "[No Variations]"
Add component (AddParameter): Name = "Value"; Value = "1 W"; VariantName = "[No Variations]"
Added Component: Designator=PS1B(PDSE1S24S12MTR)
Add component (AddParameter): Name = "Component Type"; Value = "Isolated DC-DC Converter"; VariantName = "[No Variations]"
Add component (AddParameter): Name = "ComponentLink1Description"; Value = "Datasheet"; VariantName = "[No Variations]"
Add component (AddParameter): Name = "ComponentLink1URL"; Value = "https://www.mouser.de/datasheet/2/670/pdse1_m-1596038.pdf"; VariantName = "[No Variations]"
Add component (AddParameter): Name = "Created from"; Value = "DHufnagel"; VariantName = "[No Variations]"
Add component (AddParameter): Name = "Created On"; Value = "19.07.2022 14:22:00"; VariantName = "[No Variations]"
Add component (AddParameter): Name = "Device Package"; Value = "SMT-5"; VariantName = "[No Variations]"
Add component (AddParameter): Name = "Last Updated"; Value = "05.07.2023 17:07:31"; VariantName = "[No Variations]"
Add component (AddParameter): Name = "LCSC Part Number"; Value = "C6730719"; VariantName = "[No Variations]"
Add component (AddParameter): Name = "Live Cycle Status"; Value = "1"; VariantName = "[No Variations]"
Add component (AddParameter): Name = "Manufacturer"; Value = "CUI Inc."; VariantName = "[No Variations]"
Add component (AddParameter): Name = "Manufacturer Part Number"; Value = "PDSE1-S24-S12-M-TR"; VariantName = "[No Variations]"
Add component (AddParameter): Name = "Mounting Type"; Value = "SMT"; VariantName = "[No Variations]"
Add component (AddParameter): Name = "Operating Temperature"; Value = "-40 - 105°C"; VariantName = "[No Variations]"
Add component (AddParameter): Name = "PartID"; Value = "21"; VariantName = "[No Variations]"
Add component (AddParameter): Name = "Series"; Value = "PDSE1-M"; VariantName = "[No Variations]"
Add component (AddParameter): Name = "Stock number"; Value = "not stored"; VariantName = "[No Variations]"
Add component (AddParameter): Name = "Supplier 1"; Value = "Mouser"; VariantName = "[No Variations]"
Add component (AddParameter): Name = "Supplier 2"; Value = "Digi-Key"; VariantName = "[No Variations]"
Add component (AddParameter): Name = "Supplier Part Number 1"; Value = "490-PDSE1-S24-S12MTR"; VariantName = "[No Variations]"
Add component (AddParameter): Name = "Supplier Part Number 2"; Value = "102-PDSE1-S24-S12-M-TRCT-ND"; VariantName = "[No Variations]"
Add component (AddParameter): Name = "Type"; Value = "isolated DC-DC Converter"; VariantName = "[No Variations]"
Add component (AddParameter): Name = "Value"; Value = "1 W"; VariantName = "[No Variations]"
Added Component: Designator=PS1C(PDSE1S24S12MTR)
Add component (AddParameter): Name = "Component Type"; Value = "Isolated DC-DC Converter"; VariantName = "[No Variations]"
Add component (AddParameter): Name = "ComponentLink1Description"; Value = "Datasheet"; VariantName = "[No Variations]"
Add component (AddParameter): Name = "ComponentLink1URL"; Value = "https://www.mouser.de/datasheet/2/670/pdse1_m-1596038.pdf"; VariantName = "[No Variations]"
Add component (AddParameter): Name = "Created from"; Value = "DHufnagel"; VariantName = "[No Variations]"
Add component (AddParameter): Name = "Created On"; Value = "19.07.2022 14:22:00"; VariantName = "[No Variations]"
Add component (AddParameter): Name = "Device Package"; Value = "SMT-5"; VariantName = "[No Variations]"
Add component (AddParameter): Name = "Last Updated"; Value = "05.07.2023 17:07:31"; VariantName = "[No Variations]"
Add component (AddParameter): Name = "LCSC Part Number"; Value = "C6730719"; VariantName = "[No Variations]"
Add component (AddParameter): Name = "Live Cycle Status"; Value = "1"; VariantName = "[No Variations]"
Add component (AddParameter): Name = "Manufacturer"; Value = "CUI Inc."; VariantName = "[No Variations]"
Add component (AddParameter): Name = "Manufacturer Part Number"; Value = "PDSE1-S24-S12-M-TR"; VariantName = "[No Variations]"
Add component (AddParameter): Name = "Mounting Type"; Value = "SMT"; VariantName = "[No Variations]"
Add component (AddParameter): Name = "Operating Temperature"; Value = "-40 - 105°C"; VariantName = "[No Variations]"
Add component (AddParameter): Name = "PartID"; Value = "21"; VariantName = "[No Variations]"
Add component (AddParameter): Name = "Series"; Value = "PDSE1-M"; VariantName = "[No Variations]"
Add component (AddParameter): Name = "Stock number"; Value = "not stored"; VariantName = "[No Variations]"
Add component (AddParameter): Name = "Supplier 1"; Value = "Mouser"; VariantName = "[No Variations]"
Add component (AddParameter): Name = "Supplier 2"; Value = "Digi-Key"; VariantName = "[No Variations]"
Add component (AddParameter): Name = "Supplier Part Number 1"; Value = "490-PDSE1-S24-S12MTR"; VariantName = "[No Variations]"
Add component (AddParameter): Name = "Supplier Part Number 2"; Value = "102-PDSE1-S24-S12-M-TRCT-ND"; VariantName = "[No Variations]"
Add component (AddParameter): Name = "Type"; Value = "isolated DC-DC Converter"; VariantName = "[No Variations]"
Add component (AddParameter): Name = "Value"; Value = "1 W"; VariantName = "[No Variations]"
Added Component: Designator=PS2A(PDSE1S24S12MTR)
Add component (AddParameter): Name = "Component Type"; Value = "Isolated DC-DC Converter"; VariantName = "[No Variations]"
Add component (AddParameter): Name = "ComponentLink1Description"; Value = "Datasheet"; VariantName = "[No Variations]"
Add component (AddParameter): Name = "ComponentLink1URL"; Value = "https://www.mouser.de/datasheet/2/670/pdse1_m-1596038.pdf"; VariantName = "[No Variations]"
Add component (AddParameter): Name = "Created from"; Value = "DHufnagel"; VariantName = "[No Variations]"
Add component (AddParameter): Name = "Created On"; Value = "19.07.2022 14:22:00"; VariantName = "[No Variations]"
Add component (AddParameter): Name = "Device Package"; Value = "SMT-5"; VariantName = "[No Variations]"
Add component (AddParameter): Name = "Last Updated"; Value = "05.07.2023 17:07:31"; VariantName = "[No Variations]"
Add component (AddParameter): Name = "LCSC Part Number"; Value = "C6730719"; VariantName = "[No Variations]"
Add component (AddParameter): Name = "Live Cycle Status"; Value = "1"; VariantName = "[No Variations]"
Add component (AddParameter): Name = "Manufacturer"; Value = "CUI Inc."; VariantName = "[No Variations]"
Add component (AddParameter): Name = "Manufacturer Part Number"; Value = "PDSE1-S24-S12-M-TR"; VariantName = "[No Variations]"
Add component (AddParameter): Name = "Mounting Type"; Value = "SMT"; VariantName = "[No Variations]"
Add component (AddParameter): Name = "Operating Temperature"; Value = "-40 - 105°C"; VariantName = "[No Variations]"
Add component (AddParameter): Name = "PartID"; Value = "21"; VariantName = "[No Variations]"
Add component (AddParameter): Name = "Series"; Value = "PDSE1-M"; VariantName = "[No Variations]"
Add component (AddParameter): Name = "Stock number"; Value = "not stored"; VariantName = "[No Variations]"
Add component (AddParameter): Name = "Supplier 1"; Value = "Mouser"; VariantName = "[No Variations]"
Add component (AddParameter): Name = "Supplier 2"; Value = "Digi-Key"; VariantName = "[No Variations]"
Add component (AddParameter): Name = "Supplier Part Number 1"; Value = "490-PDSE1-S24-S12MTR"; VariantName = "[No Variations]"
Add component (AddParameter): Name = "Supplier Part Number 2"; Value = "102-PDSE1-S24-S12-M-TRCT-ND"; VariantName = "[No Variations]"
Add component (AddParameter): Name = "Type"; Value = "isolated DC-DC Converter"; VariantName = "[No Variations]"
Add component (AddParameter): Name = "Value"; Value = "1 W"; VariantName = "[No Variations]"
Added Component: Designator=PS2B(PDSE1S24S12MTR)
Add component (AddParameter): Name = "Component Type"; Value = "Isolated DC-DC Converter"; VariantName = "[No Variations]"
Add component (AddParameter): Name = "ComponentLink1Description"; Value = "Datasheet"; VariantName = "[No Variations]"
Add component (AddParameter): Name = "ComponentLink1URL"; Value = "https://www.mouser.de/datasheet/2/670/pdse1_m-1596038.pdf"; VariantName = "[No Variations]"
Add component (AddParameter): Name = "Created from"; Value = "DHufnagel"; VariantName = "[No Variations]"
Add component (AddParameter): Name = "Created On"; Value = "19.07.2022 14:22:00"; VariantName = "[No Variations]"
Add component (AddParameter): Name = "Device Package"; Value = "SMT-5"; VariantName = "[No Variations]"
Add component (AddParameter): Name = "Last Updated"; Value = "05.07.2023 17:07:31"; VariantName = "[No Variations]"
Add component (AddParameter): Name = "LCSC Part Number"; Value = "C6730719"; VariantName = "[No Variations]"
Add component (AddParameter): Name = "Live Cycle Status"; Value = "1"; VariantName = "[No Variations]"
Add component (AddParameter): Name = "Manufacturer"; Value = "CUI Inc."; VariantName = "[No Variations]"
Add component (AddParameter): Name = "Manufacturer Part Number"; Value = "PDSE1-S24-S12-M-TR"; VariantName = "[No Variations]"
Add component (AddParameter): Name = "Mounting Type"; Value = "SMT"; VariantName = "[No Variations]"
Add component (AddParameter): Name = "Operating Temperature"; Value = "-40 - 105°C"; VariantName = "[No Variations]"
Add component (AddParameter): Name = "PartID"; Value = "21"; VariantName = "[No Variations]"
Add component (AddParameter): Name = "Series"; Value = "PDSE1-M"; VariantName = "[No Variations]"
Add component (AddParameter): Name = "Stock number"; Value = "not stored"; VariantName = "[No Variations]"
Add component (AddParameter): Name = "Supplier 1"; Value = "Mouser"; VariantName = "[No Variations]"
Add component (AddParameter): Name = "Supplier 2"; Value = "Digi-Key"; VariantName = "[No Variations]"
Add component (AddParameter): Name = "Supplier Part Number 1"; Value = "490-PDSE1-S24-S12MTR"; VariantName = "[No Variations]"
Add component (AddParameter): Name = "Supplier Part Number 2"; Value = "102-PDSE1-S24-S12-M-TRCT-ND"; VariantName = "[No Variations]"
Add component (AddParameter): Name = "Type"; Value = "isolated DC-DC Converter"; VariantName = "[No Variations]"
Add component (AddParameter): Name = "Value"; Value = "1 W"; VariantName = "[No Variations]"
Added Component: Designator=PS2C(PDSE1S24S12MTR)
Add component (AddParameter): Name = "Component Type"; Value = "Isolated DC-DC Converter"; VariantName = "[No Variations]"
Add component (AddParameter): Name = "ComponentLink1Description"; Value = "Datasheet"; VariantName = "[No Variations]"
Add component (AddParameter): Name = "ComponentLink1URL"; Value = "https://www.mouser.de/datasheet/2/670/pdse1_m-1596038.pdf"; VariantName = "[No Variations]"
Add component (AddParameter): Name = "Created from"; Value = "DHufnagel"; VariantName = "[No Variations]"
Add component (AddParameter): Name = "Created On"; Value = "19.07.2022 14:22:00"; VariantName = "[No Variations]"
Add component (AddParameter): Name = "Device Package"; Value = "SMT-5"; VariantName = "[No Variations]"
Add component (AddParameter): Name = "Last Updated"; Value = "05.07.2023 17:07:31"; VariantName = "[No Variations]"
Add component (AddParameter): Name = "LCSC Part Number"; Value = "C6730719"; VariantName = "[No Variations]"
Add component (AddParameter): Name = "Live Cycle Status"; Value = "1"; VariantName = "[No Variations]"
Add component (AddParameter): Name = "Manufacturer"; Value = "CUI Inc."; VariantName = "[No Variations]"
Add component (AddParameter): Name = "Manufacturer Part Number"; Value = "PDSE1-S24-S12-M-TR"; VariantName = "[No Variations]"
Add component (AddParameter): Name = "Mounting Type"; Value = "SMT"; VariantName = "[No Variations]"
Add component (AddParameter): Name = "Operating Temperature"; Value = "-40 - 105°C"; VariantName = "[No Variations]"
Add component (AddParameter): Name = "PartID"; Value = "21"; VariantName = "[No Variations]"
Add component (AddParameter): Name = "Series"; Value = "PDSE1-M"; VariantName = "[No Variations]"
Add component (AddParameter): Name = "Stock number"; Value = "not stored"; VariantName = "[No Variations]"
Add component (AddParameter): Name = "Supplier 1"; Value = "Mouser"; VariantName = "[No Variations]"
Add component (AddParameter): Name = "Supplier 2"; Value = "Digi-Key"; VariantName = "[No Variations]"
Add component (AddParameter): Name = "Supplier Part Number 1"; Value = "490-PDSE1-S24-S12MTR"; VariantName = "[No Variations]"
Add component (AddParameter): Name = "Supplier Part Number 2"; Value = "102-PDSE1-S24-S12-M-TRCT-ND"; VariantName = "[No Variations]"
Add component (AddParameter): Name = "Type"; Value = "isolated DC-DC Converter"; VariantName = "[No Variations]"
Add component (AddParameter): Name = "Value"; Value = "1 W"; VariantName = "[No Variations]"
Added Component: Designator=Q1A(ISC060N10NM6ATMA1)
Add component (AddParameter): Name = "Component Type"; Value = "Power MOSFET"; VariantName = "[No Variations]"
Add component (AddParameter): Name = "ComponentLink1Description"; Value = "Datasheet"; VariantName = "[No Variations]"
Add component (AddParameter): Name = "ComponentLink1URL"; Value = "https://www.mouser.de/datasheet/2/196/Infineon_ISC060N10NM6_DataSheet_v02_00_EN-2942434.pdf"; VariantName = "[No Variations]"
Add component (AddParameter): Name = "Created from"; Value = "DHufnagel"; VariantName = "[No Variations]"
Add component (AddParameter): Name = "Created On"; Value = "28.06.2022 07:55:49"; VariantName = "[No Variations]"
Add component (AddParameter): Name = "Device Package"; Value = "PG-TDSON-8 FL"; VariantName = "[No Variations]"
Add component (AddParameter): Name = "Last Updated"; Value = "21.02.2024 15:31:45"; VariantName = "[No Variations]"
Add component (AddParameter): Name = "LCSC Part Number"; Value = "C3288847"; VariantName = "[No Variations]"
Add component (AddParameter): Name = "Live Cycle Status"; Value = "1"; VariantName = "[No Variations]"
Add component (AddParameter): Name = "Manufacturer"; Value = "Infineon Technologies"; VariantName = "[No Variations]"
Add component (AddParameter): Name = "Manufacturer Part Number"; Value = "ISC060N10NM6ATMA1"; VariantName = "[No Variations]"
Add component (AddParameter): Name = "Mounting Type"; Value = "SMD"; VariantName = "[No Variations]"
Add component (AddParameter): Name = "Operating Temperature"; Value = "-55 - 175°C"; VariantName = "[No Variations]"
Add component (AddParameter): Name = "PartID"; Value = "3"; VariantName = "[No Variations]"
Add component (AddParameter): Name = "Series"; Value = "ISC060N10"; VariantName = "[No Variations]"
Add component (AddParameter): Name = "Stock number"; Value = "not stored"; VariantName = "[No Variations]"
Add component (AddParameter): Name = "Supplier 1"; Value = "Mouser"; VariantName = "[No Variations]"
Add component (AddParameter): Name = "Supplier 2"; Value = "RS-online"; VariantName = "[No Variations]"
Add component (AddParameter): Name = "Supplier 3"; Value = "LCSC"; VariantName = "[No Variations]"
Add component (AddParameter): Name = "Supplier Part Number 1"; Value = "726-ISC060N10NM6ATMA"; VariantName = "[No Variations]"
Add component (AddParameter): Name = "Supplier Part Number 2"; Value = "235-4869"; VariantName = "[No Variations]"
Add component (AddParameter): Name = "Supplier Part Number 3"; Value = "C3288847"; VariantName = "[No Variations]"
Add component (AddParameter): Name = "Type"; Value = "Power MOSFET"; VariantName = "[No Variations]"
Add component (AddParameter): Name = "Value"; Value = "100V, 97A"; VariantName = "[No Variations]"
Added Component: Designator=Q1B(ISC060N10NM6ATMA1)
Add component (AddParameter): Name = "Component Type"; Value = "Power MOSFET"; VariantName = "[No Variations]"
Add component (AddParameter): Name = "ComponentLink1Description"; Value = "Datasheet"; VariantName = "[No Variations]"
Add component (AddParameter): Name = "ComponentLink1URL"; Value = "https://www.mouser.de/datasheet/2/196/Infineon_ISC060N10NM6_DataSheet_v02_00_EN-2942434.pdf"; VariantName = "[No Variations]"
Add component (AddParameter): Name = "Created from"; Value = "DHufnagel"; VariantName = "[No Variations]"
Add component (AddParameter): Name = "Created On"; Value = "28.06.2022 07:55:49"; VariantName = "[No Variations]"
Add component (AddParameter): Name = "Device Package"; Value = "PG-TDSON-8 FL"; VariantName = "[No Variations]"
Add component (AddParameter): Name = "Last Updated"; Value = "21.02.2024 15:31:45"; VariantName = "[No Variations]"
Add component (AddParameter): Name = "LCSC Part Number"; Value = "C3288847"; VariantName = "[No Variations]"
Add component (AddParameter): Name = "Live Cycle Status"; Value = "1"; VariantName = "[No Variations]"
Add component (AddParameter): Name = "Manufacturer"; Value = "Infineon Technologies"; VariantName = "[No Variations]"
Add component (AddParameter): Name = "Manufacturer Part Number"; Value = "ISC060N10NM6ATMA1"; VariantName = "[No Variations]"
Add component (AddParameter): Name = "Mounting Type"; Value = "SMD"; VariantName = "[No Variations]"
Add component (AddParameter): Name = "Operating Temperature"; Value = "-55 - 175°C"; VariantName = "[No Variations]"
Add component (AddParameter): Name = "PartID"; Value = "3"; VariantName = "[No Variations]"
Add component (AddParameter): Name = "Series"; Value = "ISC060N10"; VariantName = "[No Variations]"
Add component (AddParameter): Name = "Stock number"; Value = "not stored"; VariantName = "[No Variations]"
Add component (AddParameter): Name = "Supplier 1"; Value = "Mouser"; VariantName = "[No Variations]"
Add component (AddParameter): Name = "Supplier 2"; Value = "RS-online"; VariantName = "[No Variations]"
Add component (AddParameter): Name = "Supplier 3"; Value = "LCSC"; VariantName = "[No Variations]"
Add component (AddParameter): Name = "Supplier Part Number 1"; Value = "726-ISC060N10NM6ATMA"; VariantName = "[No Variations]"
Add component (AddParameter): Name = "Supplier Part Number 2"; Value = "235-4869"; VariantName = "[No Variations]"
Add component (AddParameter): Name = "Supplier Part Number 3"; Value = "C3288847"; VariantName = "[No Variations]"
Add component (AddParameter): Name = "Type"; Value = "Power MOSFET"; VariantName = "[No Variations]"
Add component (AddParameter): Name = "Value"; Value = "100V, 97A"; VariantName = "[No Variations]"
Added Component: Designator=Q1C(ISC060N10NM6ATMA1)
Add component (AddParameter): Name = "Component Type"; Value = "Power MOSFET"; VariantName = "[No Variations]"
Add component (AddParameter): Name = "ComponentLink1Description"; Value = "Datasheet"; VariantName = "[No Variations]"
Add component (AddParameter): Name = "ComponentLink1URL"; Value = "https://www.mouser.de/datasheet/2/196/Infineon_ISC060N10NM6_DataSheet_v02_00_EN-2942434.pdf"; VariantName = "[No Variations]"
Add component (AddParameter): Name = "Created from"; Value = "DHufnagel"; VariantName = "[No Variations]"
Add component (AddParameter): Name = "Created On"; Value = "28.06.2022 07:55:49"; VariantName = "[No Variations]"
Add component (AddParameter): Name = "Device Package"; Value = "PG-TDSON-8 FL"; VariantName = "[No Variations]"
Add component (AddParameter): Name = "Last Updated"; Value = "21.02.2024 15:31:45"; VariantName = "[No Variations]"
Add component (AddParameter): Name = "LCSC Part Number"; Value = "C3288847"; VariantName = "[No Variations]"
Add component (AddParameter): Name = "Live Cycle Status"; Value = "1"; VariantName = "[No Variations]"
Add component (AddParameter): Name = "Manufacturer"; Value = "Infineon Technologies"; VariantName = "[No Variations]"
Add component (AddParameter): Name = "Manufacturer Part Number"; Value = "ISC060N10NM6ATMA1"; VariantName = "[No Variations]"
Add component (AddParameter): Name = "Mounting Type"; Value = "SMD"; VariantName = "[No Variations]"
Add component (AddParameter): Name = "Operating Temperature"; Value = "-55 - 175°C"; VariantName = "[No Variations]"
Add component (AddParameter): Name = "PartID"; Value = "3"; VariantName = "[No Variations]"
Add component (AddParameter): Name = "Series"; Value = "ISC060N10"; VariantName = "[No Variations]"
Add component (AddParameter): Name = "Stock number"; Value = "not stored"; VariantName = "[No Variations]"
Add component (AddParameter): Name = "Supplier 1"; Value = "Mouser"; VariantName = "[No Variations]"
Add component (AddParameter): Name = "Supplier 2"; Value = "RS-online"; VariantName = "[No Variations]"
Add component (AddParameter): Name = "Supplier 3"; Value = "LCSC"; VariantName = "[No Variations]"
Add component (AddParameter): Name = "Supplier Part Number 1"; Value = "726-ISC060N10NM6ATMA"; VariantName = "[No Variations]"
Add component (AddParameter): Name = "Supplier Part Number 2"; Value = "235-4869"; VariantName = "[No Variations]"
Add component (AddParameter): Name = "Supplier Part Number 3"; Value = "C3288847"; VariantName = "[No Variations]"
Add component (AddParameter): Name = "Type"; Value = "Power MOSFET"; VariantName = "[No Variations]"
Add component (AddParameter): Name = "Value"; Value = "100V, 97A"; VariantName = "[No Variations]"
Added Component: Designator=Q2A(ISC060N10NM6ATMA1)
Add component (AddParameter): Name = "Component Type"; Value = "Power MOSFET"; VariantName = "[No Variations]"
Add component (AddParameter): Name = "ComponentLink1Description"; Value = "Datasheet"; VariantName = "[No Variations]"
Add component (AddParameter): Name = "ComponentLink1URL"; Value = "https://www.mouser.de/datasheet/2/196/Infineon_ISC060N10NM6_DataSheet_v02_00_EN-2942434.pdf"; VariantName = "[No Variations]"
Add component (AddParameter): Name = "Created from"; Value = "DHufnagel"; VariantName = "[No Variations]"
Add component (AddParameter): Name = "Created On"; Value = "28.06.2022 07:55:49"; VariantName = "[No Variations]"
Add component (AddParameter): Name = "Device Package"; Value = "PG-TDSON-8 FL"; VariantName = "[No Variations]"
Add component (AddParameter): Name = "Last Updated"; Value = "21.02.2024 15:31:45"; VariantName = "[No Variations]"
Add component (AddParameter): Name = "LCSC Part Number"; Value = "C3288847"; VariantName = "[No Variations]"
Add component (AddParameter): Name = "Live Cycle Status"; Value = "1"; VariantName = "[No Variations]"
Add component (AddParameter): Name = "Manufacturer"; Value = "Infineon Technologies"; VariantName = "[No Variations]"
Add component (AddParameter): Name = "Manufacturer Part Number"; Value = "ISC060N10NM6ATMA1"; VariantName = "[No Variations]"
Add component (AddParameter): Name = "Mounting Type"; Value = "SMD"; VariantName = "[No Variations]"
Add component (AddParameter): Name = "Operating Temperature"; Value = "-55 - 175°C"; VariantName = "[No Variations]"
Add component (AddParameter): Name = "PartID"; Value = "3"; VariantName = "[No Variations]"
Add component (AddParameter): Name = "Series"; Value = "ISC060N10"; VariantName = "[No Variations]"
Add component (AddParameter): Name = "Stock number"; Value = "not stored"; VariantName = "[No Variations]"
Add component (AddParameter): Name = "Supplier 1"; Value = "Mouser"; VariantName = "[No Variations]"
Add component (AddParameter): Name = "Supplier 2"; Value = "RS-online"; VariantName = "[No Variations]"
Add component (AddParameter): Name = "Supplier 3"; Value = "LCSC"; VariantName = "[No Variations]"
Add component (AddParameter): Name = "Supplier Part Number 1"; Value = "726-ISC060N10NM6ATMA"; VariantName = "[No Variations]"
Add component (AddParameter): Name = "Supplier Part Number 2"; Value = "235-4869"; VariantName = "[No Variations]"
Add component (AddParameter): Name = "Supplier Part Number 3"; Value = "C3288847"; VariantName = "[No Variations]"
Add component (AddParameter): Name = "Type"; Value = "Power MOSFET"; VariantName = "[No Variations]"
Add component (AddParameter): Name = "Value"; Value = "100V, 97A"; VariantName = "[No Variations]"
Added Component: Designator=Q2B(ISC060N10NM6ATMA1)
Add component (AddParameter): Name = "Component Type"; Value = "Power MOSFET"; VariantName = "[No Variations]"
Add component (AddParameter): Name = "ComponentLink1Description"; Value = "Datasheet"; VariantName = "[No Variations]"
Add component (AddParameter): Name = "ComponentLink1URL"; Value = "https://www.mouser.de/datasheet/2/196/Infineon_ISC060N10NM6_DataSheet_v02_00_EN-2942434.pdf"; VariantName = "[No Variations]"
Add component (AddParameter): Name = "Created from"; Value = "DHufnagel"; VariantName = "[No Variations]"
Add component (AddParameter): Name = "Created On"; Value = "28.06.2022 07:55:49"; VariantName = "[No Variations]"
Add component (AddParameter): Name = "Device Package"; Value = "PG-TDSON-8 FL"; VariantName = "[No Variations]"
Add component (AddParameter): Name = "Last Updated"; Value = "21.02.2024 15:31:45"; VariantName = "[No Variations]"
Add component (AddParameter): Name = "LCSC Part Number"; Value = "C3288847"; VariantName = "[No Variations]"
Add component (AddParameter): Name = "Live Cycle Status"; Value = "1"; VariantName = "[No Variations]"
Add component (AddParameter): Name = "Manufacturer"; Value = "Infineon Technologies"; VariantName = "[No Variations]"
Add component (AddParameter): Name = "Manufacturer Part Number"; Value = "ISC060N10NM6ATMA1"; VariantName = "[No Variations]"
Add component (AddParameter): Name = "Mounting Type"; Value = "SMD"; VariantName = "[No Variations]"
Add component (AddParameter): Name = "Operating Temperature"; Value = "-55 - 175°C"; VariantName = "[No Variations]"
Add component (AddParameter): Name = "PartID"; Value = "3"; VariantName = "[No Variations]"
Add component (AddParameter): Name = "Series"; Value = "ISC060N10"; VariantName = "[No Variations]"
Add component (AddParameter): Name = "Stock number"; Value = "not stored"; VariantName = "[No Variations]"
Add component (AddParameter): Name = "Supplier 1"; Value = "Mouser"; VariantName = "[No Variations]"
Add component (AddParameter): Name = "Supplier 2"; Value = "RS-online"; VariantName = "[No Variations]"
Add component (AddParameter): Name = "Supplier 3"; Value = "LCSC"; VariantName = "[No Variations]"
Add component (AddParameter): Name = "Supplier Part Number 1"; Value = "726-ISC060N10NM6ATMA"; VariantName = "[No Variations]"
Add component (AddParameter): Name = "Supplier Part Number 2"; Value = "235-4869"; VariantName = "[No Variations]"
Add component (AddParameter): Name = "Supplier Part Number 3"; Value = "C3288847"; VariantName = "[No Variations]"
Add component (AddParameter): Name = "Type"; Value = "Power MOSFET"; VariantName = "[No Variations]"
Add component (AddParameter): Name = "Value"; Value = "100V, 97A"; VariantName = "[No Variations]"
Added Component: Designator=Q2C(ISC060N10NM6ATMA1)
Add component (AddParameter): Name = "Component Type"; Value = "Power MOSFET"; VariantName = "[No Variations]"
Add component (AddParameter): Name = "ComponentLink1Description"; Value = "Datasheet"; VariantName = "[No Variations]"
Add component (AddParameter): Name = "ComponentLink1URL"; Value = "https://www.mouser.de/datasheet/2/196/Infineon_ISC060N10NM6_DataSheet_v02_00_EN-2942434.pdf"; VariantName = "[No Variations]"
Add component (AddParameter): Name = "Created from"; Value = "DHufnagel"; VariantName = "[No Variations]"
Add component (AddParameter): Name = "Created On"; Value = "28.06.2022 07:55:49"; VariantName = "[No Variations]"
Add component (AddParameter): Name = "Device Package"; Value = "PG-TDSON-8 FL"; VariantName = "[No Variations]"
Add component (AddParameter): Name = "Last Updated"; Value = "21.02.2024 15:31:45"; VariantName = "[No Variations]"
Add component (AddParameter): Name = "LCSC Part Number"; Value = "C3288847"; VariantName = "[No Variations]"
Add component (AddParameter): Name = "Live Cycle Status"; Value = "1"; VariantName = "[No Variations]"
Add component (AddParameter): Name = "Manufacturer"; Value = "Infineon Technologies"; VariantName = "[No Variations]"
Add component (AddParameter): Name = "Manufacturer Part Number"; Value = "ISC060N10NM6ATMA1"; VariantName = "[No Variations]"
Add component (AddParameter): Name = "Mounting Type"; Value = "SMD"; VariantName = "[No Variations]"
Add component (AddParameter): Name = "Operating Temperature"; Value = "-55 - 175°C"; VariantName = "[No Variations]"
Add component (AddParameter): Name = "PartID"; Value = "3"; VariantName = "[No Variations]"
Add component (AddParameter): Name = "Series"; Value = "ISC060N10"; VariantName = "[No Variations]"
Add component (AddParameter): Name = "Stock number"; Value = "not stored"; VariantName = "[No Variations]"
Add component (AddParameter): Name = "Supplier 1"; Value = "Mouser"; VariantName = "[No Variations]"
Add component (AddParameter): Name = "Supplier 2"; Value = "RS-online"; VariantName = "[No Variations]"
Add component (AddParameter): Name = "Supplier 3"; Value = "LCSC"; VariantName = "[No Variations]"
Add component (AddParameter): Name = "Supplier Part Number 1"; Value = "726-ISC060N10NM6ATMA"; VariantName = "[No Variations]"
Add component (AddParameter): Name = "Supplier Part Number 2"; Value = "235-4869"; VariantName = "[No Variations]"
Add component (AddParameter): Name = "Supplier Part Number 3"; Value = "C3288847"; VariantName = "[No Variations]"
Add component (AddParameter): Name = "Type"; Value = "Power MOSFET"; VariantName = "[No Variations]"
Add component (AddParameter): Name = "Value"; Value = "100V, 97A"; VariantName = "[No Variations]"
Added Component: Designator=R1(RES 0603_1608)
Add component (AddParameter): Name = "Component Type"; Value = "SMD resistor"; VariantName = "[No Variations]"
Add component (AddParameter): Name = "ComponentLink1Description"; Value = "Datasheet"; VariantName = "[No Variations]"
Add component (AddParameter): Name = "ComponentLink1URL"; Value = "https://www.mouser.de/datasheet/2/447/PYu-RC_Group_51_RoHS_L_10-1664068.pdf"; VariantName = "[No Variations]"
Add component (AddParameter): Name = "Created from"; Value = "MGremer"; VariantName = "[No Variations]"
Add component (AddParameter): Name = "Created On"; Value = "14.12.2020 16:17:14"; VariantName = "[No Variations]"
Add component (AddParameter): Name = "Device Package"; Value = "0603"; VariantName = "[No Variations]"
Add component (AddParameter): Name = "Last Updated"; Value = "04.03.2021 09:09:42"; VariantName = "[No Variations]"
Add component (AddParameter): Name = "LCSC Part Number"; Value = "C21189"; VariantName = "[No Variations]"
Add component (AddParameter): Name = "Live Cycle Status"; Value = "1"; VariantName = "[No Variations]"
Add component (AddParameter): Name = "Manufacturer"; Value = "YAGEO"; VariantName = "[No Variations]"
Add component (AddParameter): Name = "Manufacturer Part Number"; Value = "RC0603JR-070RL"; VariantName = "[No Variations]"
Add component (AddParameter): Name = "Mounting Type"; Value = "SMD"; VariantName = "[No Variations]"
Add component (AddParameter): Name = "PartID"; Value = "1"; VariantName = "[No Variations]"
Add component (AddParameter): Name = "Stock number"; Value = "Labor SMD Container"; VariantName = "[No Variations]"
Add component (AddParameter): Name = "Supplier 1"; Value = "Mouser"; VariantName = "[No Variations]"
Add component (AddParameter): Name = "Supplier 2"; Value = "LCSC"; VariantName = "[No Variations]"
Add component (AddParameter): Name = "Supplier Part Number 1"; Value = "603-RC0603JR-070RL"; VariantName = "[No Variations]"
Add component (AddParameter): Name = "Supplier Part Number 2"; Value = "C21189"; VariantName = "[No Variations]"
Add component (AddParameter): Name = "Tolerance"; Value = "5%"; VariantName = "[No Variations]"
Add component (AddParameter): Name = "Type"; Value = "Resistor"; VariantName = "[No Variations]"
Add component (AddParameter): Name = "Value"; Value = "0R"; VariantName = "[No Variations]"
Added Component: Designator=R2(RES 0603_1608)
Add component (AddParameter): Name = "Component Type"; Value = "SMD resistor"; VariantName = "[No Variations]"
Add component (AddParameter): Name = "ComponentLink1Description"; Value = "Datasheet"; VariantName = "[No Variations]"
Add component (AddParameter): Name = "ComponentLink1URL"; Value = "https://www.mouser.de/datasheet/2/447/PYu-RC_Group_51_RoHS_L_10-1664068.pdf"; VariantName = "[No Variations]"
Add component (AddParameter): Name = "Created from"; Value = "MGremer"; VariantName = "[No Variations]"
Add component (AddParameter): Name = "Created On"; Value = "14.12.2020 16:17:14"; VariantName = "[No Variations]"
Add component (AddParameter): Name = "Device Package"; Value = "0603"; VariantName = "[No Variations]"
Add component (AddParameter): Name = "Last Updated"; Value = "04.03.2021 09:09:42"; VariantName = "[No Variations]"
Add component (AddParameter): Name = "LCSC Part Number"; Value = "C21189"; VariantName = "[No Variations]"
Add component (AddParameter): Name = "Live Cycle Status"; Value = "1"; VariantName = "[No Variations]"
Add component (AddParameter): Name = "Manufacturer"; Value = "YAGEO"; VariantName = "[No Variations]"
Add component (AddParameter): Name = "Manufacturer Part Number"; Value = "RC0603JR-070RL"; VariantName = "[No Variations]"
Add component (AddParameter): Name = "Mounting Type"; Value = "SMD"; VariantName = "[No Variations]"
Add component (AddParameter): Name = "PartID"; Value = "1"; VariantName = "[No Variations]"
Add component (AddParameter): Name = "Stock number"; Value = "Labor SMD Container"; VariantName = "[No Variations]"
Add component (AddParameter): Name = "Supplier 1"; Value = "Mouser"; VariantName = "[No Variations]"
Add component (AddParameter): Name = "Supplier 2"; Value = "LCSC"; VariantName = "[No Variations]"
Add component (AddParameter): Name = "Supplier Part Number 1"; Value = "603-RC0603JR-070RL"; VariantName = "[No Variations]"
Add component (AddParameter): Name = "Supplier Part Number 2"; Value = "C21189"; VariantName = "[No Variations]"
Add component (AddParameter): Name = "Tolerance"; Value = "5%"; VariantName = "[No Variations]"
Add component (AddParameter): Name = "Type"; Value = "Resistor"; VariantName = "[No Variations]"
Add component (AddParameter): Name = "Value"; Value = "0R"; VariantName = "[No Variations]"
Added Component: Designator=R3(RES 0603_1608)
Add component (AddParameter): Name = "Component Type"; Value = "SMD resistor"; VariantName = "[No Variations]"
Add component (AddParameter): Name = "ComponentLink1Description"; Value = "Datasheet"; VariantName = "[No Variations]"
Add component (AddParameter): Name = "ComponentLink1URL"; Value = "https://www.mouser.de/datasheet/2/447/PYu-RC_Group_51_RoHS_L_10-1664068.pdf"; VariantName = "[No Variations]"
Add component (AddParameter): Name = "Created from"; Value = "MGremer"; VariantName = "[No Variations]"
Add component (AddParameter): Name = "Created On"; Value = "14.12.2020 16:17:14"; VariantName = "[No Variations]"
Add component (AddParameter): Name = "Device Package"; Value = "0603"; VariantName = "[No Variations]"
Add component (AddParameter): Name = "Last Updated"; Value = "04.03.2021 09:09:42"; VariantName = "[No Variations]"
Add component (AddParameter): Name = "LCSC Part Number"; Value = "C21189"; VariantName = "[No Variations]"
Add component (AddParameter): Name = "Live Cycle Status"; Value = "1"; VariantName = "[No Variations]"
Add component (AddParameter): Name = "Manufacturer"; Value = "YAGEO"; VariantName = "[No Variations]"
Add component (AddParameter): Name = "Manufacturer Part Number"; Value = "RC0603JR-070RL"; VariantName = "[No Variations]"
Add component (AddParameter): Name = "Mounting Type"; Value = "SMD"; VariantName = "[No Variations]"
Add component (AddParameter): Name = "PartID"; Value = "1"; VariantName = "[No Variations]"
Add component (AddParameter): Name = "Stock number"; Value = "Labor SMD Container"; VariantName = "[No Variations]"
Add component (AddParameter): Name = "Supplier 1"; Value = "Mouser"; VariantName = "[No Variations]"
Add component (AddParameter): Name = "Supplier 2"; Value = "LCSC"; VariantName = "[No Variations]"
Add component (AddParameter): Name = "Supplier Part Number 1"; Value = "603-RC0603JR-070RL"; VariantName = "[No Variations]"
Add component (AddParameter): Name = "Supplier Part Number 2"; Value = "C21189"; VariantName = "[No Variations]"
Add component (AddParameter): Name = "Tolerance"; Value = "5%"; VariantName = "[No Variations]"
Add component (AddParameter): Name = "Type"; Value = "Resistor"; VariantName = "[No Variations]"
Add component (AddParameter): Name = "Value"; Value = "0R"; VariantName = "[No Variations]"
Added Component: Designator=R4(RES 0603_1608)
Add component (AddParameter): Name = "Component Type"; Value = "SMD resistor"; VariantName = "[No Variations]"
Add component (AddParameter): Name = "ComponentLink1Description"; Value = "Datasheet"; VariantName = "[No Variations]"
Add component (AddParameter): Name = "ComponentLink1URL"; Value = "https://www.mouser.de/datasheet/2/219/RK73B-1825463.pdf"; VariantName = "[No Variations]"
Add component (AddParameter): Name = "Created from"; Value = "MGremer"; VariantName = "[No Variations]"
Add component (AddParameter): Name = "Created On"; Value = "14.12.2020 16:17:14"; VariantName = "[No Variations]"
Add component (AddParameter): Name = "Device Package"; Value = "0603"; VariantName = "[No Variations]"
Add component (AddParameter): Name = "Last Updated"; Value = "27.05.2022 14:04:22"; VariantName = "[No Variations]"
Add component (AddParameter): Name = "LCSC Part Number"; Value = "C25804"; VariantName = "[No Variations]"
Add component (AddParameter): Name = "Live Cycle Status"; Value = "1"; VariantName = "[No Variations]"
Add component (AddParameter): Name = "Manufacturer"; Value = "KOA Speer"; VariantName = "[No Variations]"
Add component (AddParameter): Name = "Manufacturer Part Number"; Value = "RK73B1JTTD103J"; VariantName = "[No Variations]"
Add component (AddParameter): Name = "Mounting Type"; Value = "SMD"; VariantName = "[No Variations]"
Add component (AddParameter): Name = "PartID"; Value = "98"; VariantName = "[No Variations]"
Add component (AddParameter): Name = "Stock number"; Value = "Labor SMD Container"; VariantName = "[No Variations]"
Add component (AddParameter): Name = "Supplier 1"; Value = "Mouser"; VariantName = "[No Variations]"
Add component (AddParameter): Name = "Supplier Part Number 1"; Value = "660-RK73B1JTTD103J"; VariantName = "[No Variations]"
Add component (AddParameter): Name = "Tolerance"; Value = "5%"; VariantName = "[No Variations]"
Add component (AddParameter): Name = "Type"; Value = "Resistor"; VariantName = "[No Variations]"
Add component (AddParameter): Name = "Value"; Value = "10k"; VariantName = "[No Variations]"
Added Component: Designator=R5(RES 0603_1608)
Add component (AddParameter): Name = "Component Type"; Value = "SMD resistor"; VariantName = "[No Variations]"
Add component (AddParameter): Name = "ComponentLink1Description"; Value = "Datasheet"; VariantName = "[No Variations]"
Add component (AddParameter): Name = "ComponentLink1URL"; Value = "https://www.mouser.de/datasheet/2/447/PYu-RC_Group_51_RoHS_L_10-1664068.pdf"; VariantName = "[No Variations]"
Add component (AddParameter): Name = "Created from"; Value = "MGremer"; VariantName = "[No Variations]"
Add component (AddParameter): Name = "Created On"; Value = "14.12.2020 16:17:14"; VariantName = "[No Variations]"
Add component (AddParameter): Name = "Device Package"; Value = "0603"; VariantName = "[No Variations]"
Add component (AddParameter): Name = "Last Updated"; Value = "04.03.2021 09:09:42"; VariantName = "[No Variations]"
Add component (AddParameter): Name = "LCSC Part Number"; Value = "C21189"; VariantName = "[No Variations]"
Add component (AddParameter): Name = "Live Cycle Status"; Value = "1"; VariantName = "[No Variations]"
Add component (AddParameter): Name = "Manufacturer"; Value = "YAGEO"; VariantName = "[No Variations]"
Add component (AddParameter): Name = "Manufacturer Part Number"; Value = "RC0603JR-070RL"; VariantName = "[No Variations]"
Add component (AddParameter): Name = "Mounting Type"; Value = "SMD"; VariantName = "[No Variations]"
Add component (AddParameter): Name = "PartID"; Value = "1"; VariantName = "[No Variations]"
Add component (AddParameter): Name = "Stock number"; Value = "Labor SMD Container"; VariantName = "[No Variations]"
Add component (AddParameter): Name = "Supplier 1"; Value = "Mouser"; VariantName = "[No Variations]"
Add component (AddParameter): Name = "Supplier 2"; Value = "LCSC"; VariantName = "[No Variations]"
Add component (AddParameter): Name = "Supplier Part Number 1"; Value = "603-RC0603JR-070RL"; VariantName = "[No Variations]"
Add component (AddParameter): Name = "Supplier Part Number 2"; Value = "C21189"; VariantName = "[No Variations]"
Add component (AddParameter): Name = "Tolerance"; Value = "5%"; VariantName = "[No Variations]"
Add component (AddParameter): Name = "Type"; Value = "Resistor"; VariantName = "[No Variations]"
Add component (AddParameter): Name = "Value"; Value = "0R"; VariantName = "[No Variations]"
Added Component: Designator=R6(RES 0603_1608)
Add component (AddParameter): Name = "Component Type"; Value = "SMD resistor"; VariantName = "[No Variations]"
Add component (AddParameter): Name = "ComponentLink1Description"; Value = "Datasheet"; VariantName = "[No Variations]"
Add component (AddParameter): Name = "ComponentLink1URL"; Value = "https://www.mouser.de/datasheet/2/219/RK73B-1825463.pdf"; VariantName = "[No Variations]"
Add component (AddParameter): Name = "Created from"; Value = "DHufnagel"; VariantName = "[No Variations]"
Add component (AddParameter): Name = "Created On"; Value = "17.04.2023 08:13:36"; VariantName = "[No Variations]"
Add component (AddParameter): Name = "Device Package"; Value = "0603"; VariantName = "[No Variations]"
Add component (AddParameter): Name = "Last Updated"; Value = "21.02.2024 16:16:07"; VariantName = "[No Variations]"
Add component (AddParameter): Name = "LCSC Part Number"; Value = "C4184"; VariantName = "[No Variations]"
Add component (AddParameter): Name = "Live Cycle Status"; Value = "1"; VariantName = "[No Variations]"
Add component (AddParameter): Name = "Manufacturer"; Value = "KOA Speer"; VariantName = "[No Variations]"
Add component (AddParameter): Name = "Manufacturer Part Number"; Value = "RK73B1JTTD203J"; VariantName = "[No Variations]"
Add component (AddParameter): Name = "Mounting Type"; Value = "SMD"; VariantName = "[No Variations]"
Add component (AddParameter): Name = "PartID"; Value = "262"; VariantName = "[No Variations]"
Add component (AddParameter): Name = "Stock number"; Value = "not stored"; VariantName = "[No Variations]"
Add component (AddParameter): Name = "Supplier 1"; Value = "Mouser"; VariantName = "[No Variations]"
Add component (AddParameter): Name = "Supplier Part Number 1"; Value = "660-RK73B1JTTD203J"; VariantName = "[No Variations]"
Add component (AddParameter): Name = "Tolerance"; Value = "1%"; VariantName = "[No Variations]"
Add component (AddParameter): Name = "Type"; Value = "Resistor"; VariantName = "[No Variations]"
Add component (AddParameter): Name = "Value"; Value = "20k"; VariantName = "[No Variations]"
Added Component: Designator=R7(RES 0603_1608)
Add component (AddParameter): Name = "Component Type"; Value = "SMD resistor"; VariantName = "[No Variations]"
Add component (AddParameter): Name = "ComponentLink1Description"; Value = "Datasheet"; VariantName = "[No Variations]"
Add component (AddParameter): Name = "ComponentLink1URL"; Value = "https://www.mouser.de/datasheet/2/219/RK73B-1825463.pdf"; VariantName = "[No Variations]"
Add component (AddParameter): Name = "Created from"; Value = "MGremer"; VariantName = "[No Variations]"
Add component (AddParameter): Name = "Created On"; Value = "14.12.2020 16:17:14"; VariantName = "[No Variations]"
Add component (AddParameter): Name = "Device Package"; Value = "0603"; VariantName = "[No Variations]"
Add component (AddParameter): Name = "Last Updated"; Value = "21.02.2024 16:18:01"; VariantName = "[No Variations]"
Add component (AddParameter): Name = "LCSC Part Number"; Value = "C118365"; VariantName = "[No Variations]"
Add component (AddParameter): Name = "Live Cycle Status"; Value = "1"; VariantName = "[No Variations]"
Add component (AddParameter): Name = "Manufacturer"; Value = "KOA Speer"; VariantName = "[No Variations]"
Add component (AddParameter): Name = "Manufacturer Part Number"; Value = "RK73B1JTTDD682J"; VariantName = "[No Variations]"
Add component (AddParameter): Name = "Mounting Type"; Value = "SMD"; VariantName = "[No Variations]"
Add component (AddParameter): Name = "PartID"; Value = "94"; VariantName = "[No Variations]"
Add component (AddParameter): Name = "Stock number"; Value = "Labor SMD Container"; VariantName = "[No Variations]"
Add component (AddParameter): Name = "Supplier 1"; Value = "Mouser"; VariantName = "[No Variations]"
Add component (AddParameter): Name = "Supplier Part Number 1"; Value = "660-RK73B1JTTDD682J"; VariantName = "[No Variations]"
Add component (AddParameter): Name = "Tolerance"; Value = "5%"; VariantName = "[No Variations]"
Add component (AddParameter): Name = "Type"; Value = "Resistor"; VariantName = "[No Variations]"
Add component (AddParameter): Name = "Value"; Value = "6k8"; VariantName = "[No Variations]"
Added Component: Designator=R8(RES 0603_1608)
Add component (AddParameter): Name = "Component Type"; Value = "SMD resistor"; VariantName = "[No Variations]"
Add component (AddParameter): Name = "ComponentLink1Description"; Value = "Datasheet"; VariantName = "[No Variations]"
Add component (AddParameter): Name = "ComponentLink1URL"; Value = "https://www.mouser.de/datasheet/2/219/RK73B-1825463.pdf"; VariantName = "[No Variations]"
Add component (AddParameter): Name = "Created from"; Value = "MGremer"; VariantName = "[No Variations]"
Add component (AddParameter): Name = "Created On"; Value = "14.12.2020 16:17:14"; VariantName = "[No Variations]"
Add component (AddParameter): Name = "Device Package"; Value = "0603"; VariantName = "[No Variations]"
Add component (AddParameter): Name = "Last Updated"; Value = "21.02.2024 16:19:17"; VariantName = "[No Variations]"
Add component (AddParameter): Name = "LCSC Part Number"; Value = "C881363"; VariantName = "[No Variations]"
Add component (AddParameter): Name = "Live Cycle Status"; Value = "1"; VariantName = "[No Variations]"
Add component (AddParameter): Name = "Manufacturer"; Value = "KOA Speer"; VariantName = "[No Variations]"
Add component (AddParameter): Name = "Manufacturer Part Number"; Value = "RK73B1JTTDD242J"; VariantName = "[No Variations]"
Add component (AddParameter): Name = "Mounting Type"; Value = "SMD"; VariantName = "[No Variations]"
Add component (AddParameter): Name = "PartID"; Value = "83"; VariantName = "[No Variations]"
Add component (AddParameter): Name = "Stock number"; Value = "Labor SMD Container"; VariantName = "[No Variations]"
Add component (AddParameter): Name = "Supplier 1"; Value = "Mouser"; VariantName = "[No Variations]"
Add component (AddParameter): Name = "Supplier Part Number 1"; Value = "660-RK73B1JTTDD242J"; VariantName = "[No Variations]"
Add component (AddParameter): Name = "Tolerance"; Value = "1%"; VariantName = "[No Variations]"
Add component (AddParameter): Name = "Type"; Value = "Resistor"; VariantName = "[No Variations]"
Add component (AddParameter): Name = "Value"; Value = "2k4"; VariantName = "[No Variations]"
Added Component: Designator=R9(RES 0603_1608)
Add component (AddParameter): Name = "Component Type"; Value = "SMD resistor"; VariantName = "[No Variations]"
Add component (AddParameter): Name = "ComponentLink1Description"; Value = "Datasheet"; VariantName = "[No Variations]"
Add component (AddParameter): Name = "ComponentLink1URL"; Value = "https://www.mouser.de/datasheet/2/447/PYu-RC_Group_51_RoHS_L_10-1664068.pdf"; VariantName = "[No Variations]"
Add component (AddParameter): Name = "Created from"; Value = "MGremer"; VariantName = "[No Variations]"
Add component (AddParameter): Name = "Created On"; Value = "14.12.2020 16:17:14"; VariantName = "[No Variations]"
Add component (AddParameter): Name = "Device Package"; Value = "0603"; VariantName = "[No Variations]"
Add component (AddParameter): Name = "Last Updated"; Value = "04.03.2021 09:09:42"; VariantName = "[No Variations]"
Add component (AddParameter): Name = "LCSC Part Number"; Value = "C21189"; VariantName = "[No Variations]"
Add component (AddParameter): Name = "Live Cycle Status"; Value = "1"; VariantName = "[No Variations]"
Add component (AddParameter): Name = "Manufacturer"; Value = "YAGEO"; VariantName = "[No Variations]"
Add component (AddParameter): Name = "Manufacturer Part Number"; Value = "RC0603JR-070RL"; VariantName = "[No Variations]"
Add component (AddParameter): Name = "Mounting Type"; Value = "SMD"; VariantName = "[No Variations]"
Add component (AddParameter): Name = "PartID"; Value = "1"; VariantName = "[No Variations]"
Add component (AddParameter): Name = "Stock number"; Value = "Labor SMD Container"; VariantName = "[No Variations]"
Add component (AddParameter): Name = "Supplier 1"; Value = "Mouser"; VariantName = "[No Variations]"
Add component (AddParameter): Name = "Supplier 2"; Value = "LCSC"; VariantName = "[No Variations]"
Add component (AddParameter): Name = "Supplier Part Number 1"; Value = "603-RC0603JR-070RL"; VariantName = "[No Variations]"
Add component (AddParameter): Name = "Supplier Part Number 2"; Value = "C21189"; VariantName = "[No Variations]"
Add component (AddParameter): Name = "Tolerance"; Value = "5%"; VariantName = "[No Variations]"
Add component (AddParameter): Name = "Type"; Value = "Resistor"; VariantName = "[No Variations]"
Add component (AddParameter): Name = "Value"; Value = "0R"; VariantName = "[No Variations]"
Added Component: Designator=R10A(3921)
Add component (AddParameter): Name = "Component Type"; Value = "Shunt SMD resistor"; VariantName = "[No Variations]"
Add component (AddParameter): Name = "ComponentLink1Description"; Value = "Datasheet"; VariantName = "[No Variations]"
Add component (AddParameter): Name = "ComponentLink1URL"; Value = "https://www.vishay.com/docs/30110/wsl3921-wsl5931.pdf"; VariantName = "[No Variations]"
Add component (AddParameter): Name = "Created from"; Value = "AGeiger"; VariantName = "[No Variations]"
Add component (AddParameter): Name = "Created On"; Value = "05.03.2024 08:52:09"; VariantName = "[No Variations]"
Add component (AddParameter): Name = "Device Package"; Value = "3921"; VariantName = "[No Variations]"
Add component (AddParameter): Name = "Last Updated"; Value = "05.03.2024 08:53:02"; VariantName = "[No Variations]"
Add component (AddParameter): Name = "LCSC Part Number"; Value = "C844494"; VariantName = "[No Variations]"
Add component (AddParameter): Name = "Live Cycle Status"; Value = "1"; VariantName = "[No Variations]"
Add component (AddParameter): Name = "Manufacturer"; Value = "Vishay"; VariantName = "[No Variations]"
Add component (AddParameter): Name = "Manufacturer Part Number"; Value = "WSL39212L000FEA"; VariantName = "[No Variations]"
Add component (AddParameter): Name = "Mounting Type"; Value = "SMD"; VariantName = "[No Variations]"
Add component (AddParameter): Name = "PartID"; Value = "327"; VariantName = "[No Variations]"
Add component (AddParameter): Name = "Supplier 1"; Value = "Mouser"; VariantName = "[No Variations]"
Add component (AddParameter): Name = "Supplier 2"; Value = "LCSC"; VariantName = "[No Variations]"
Add component (AddParameter): Name = "Supplier Part Number 1"; Value = "71-WSL39212L000FEA"; VariantName = "[No Variations]"
Add component (AddParameter): Name = "Supplier Part Number 2"; Value = "C844494"; VariantName = "[No Variations]"
Add component (AddParameter): Name = "Tolerance"; Value = "1%"; VariantName = "[No Variations]"
Add component (AddParameter): Name = "Type"; Value = "Shunt"; VariantName = "[No Variations]"
Add component (AddParameter): Name = "Value"; Value = "2mR"; VariantName = "[No Variations]"
Added Component: Designator=R10B(3921)
Add component (AddParameter): Name = "Component Type"; Value = "Shunt SMD resistor"; VariantName = "[No Variations]"
Add component (AddParameter): Name = "ComponentLink1Description"; Value = "Datasheet"; VariantName = "[No Variations]"
Add component (AddParameter): Name = "ComponentLink1URL"; Value = "https://www.vishay.com/docs/30110/wsl3921-wsl5931.pdf"; VariantName = "[No Variations]"
Add component (AddParameter): Name = "Created from"; Value = "AGeiger"; VariantName = "[No Variations]"
Add component (AddParameter): Name = "Created On"; Value = "05.03.2024 08:52:09"; VariantName = "[No Variations]"
Add component (AddParameter): Name = "Device Package"; Value = "3921"; VariantName = "[No Variations]"
Add component (AddParameter): Name = "Last Updated"; Value = "05.03.2024 08:53:02"; VariantName = "[No Variations]"
Add component (AddParameter): Name = "LCSC Part Number"; Value = "C844494"; VariantName = "[No Variations]"
Add component (AddParameter): Name = "Live Cycle Status"; Value = "1"; VariantName = "[No Variations]"
Add component (AddParameter): Name = "Manufacturer"; Value = "Vishay"; VariantName = "[No Variations]"
Add component (AddParameter): Name = "Manufacturer Part Number"; Value = "WSL39212L000FEA"; VariantName = "[No Variations]"
Add component (AddParameter): Name = "Mounting Type"; Value = "SMD"; VariantName = "[No Variations]"
Add component (AddParameter): Name = "PartID"; Value = "327"; VariantName = "[No Variations]"
Add component (AddParameter): Name = "Supplier 1"; Value = "Mouser"; VariantName = "[No Variations]"
Add component (AddParameter): Name = "Supplier 2"; Value = "LCSC"; VariantName = "[No Variations]"
Add component (AddParameter): Name = "Supplier Part Number 1"; Value = "71-WSL39212L000FEA"; VariantName = "[No Variations]"
Add component (AddParameter): Name = "Supplier Part Number 2"; Value = "C844494"; VariantName = "[No Variations]"
Add component (AddParameter): Name = "Tolerance"; Value = "1%"; VariantName = "[No Variations]"
Add component (AddParameter): Name = "Type"; Value = "Shunt"; VariantName = "[No Variations]"
Add component (AddParameter): Name = "Value"; Value = "2mR"; VariantName = "[No Variations]"
Added Component: Designator=R10C(3921)
Add component (AddParameter): Name = "Component Type"; Value = "Shunt SMD resistor"; VariantName = "[No Variations]"
Add component (AddParameter): Name = "ComponentLink1Description"; Value = "Datasheet"; VariantName = "[No Variations]"
Add component (AddParameter): Name = "ComponentLink1URL"; Value = "https://www.vishay.com/docs/30110/wsl3921-wsl5931.pdf"; VariantName = "[No Variations]"
Add component (AddParameter): Name = "Created from"; Value = "AGeiger"; VariantName = "[No Variations]"
Add component (AddParameter): Name = "Created On"; Value = "05.03.2024 08:52:09"; VariantName = "[No Variations]"
Add component (AddParameter): Name = "Device Package"; Value = "3921"; VariantName = "[No Variations]"
Add component (AddParameter): Name = "Last Updated"; Value = "05.03.2024 08:53:02"; VariantName = "[No Variations]"
Add component (AddParameter): Name = "LCSC Part Number"; Value = "C844494"; VariantName = "[No Variations]"
Add component (AddParameter): Name = "Live Cycle Status"; Value = "1"; VariantName = "[No Variations]"
Add component (AddParameter): Name = "Manufacturer"; Value = "Vishay"; VariantName = "[No Variations]"
Add component (AddParameter): Name = "Manufacturer Part Number"; Value = "WSL39212L000FEA"; VariantName = "[No Variations]"
Add component (AddParameter): Name = "Mounting Type"; Value = "SMD"; VariantName = "[No Variations]"
Add component (AddParameter): Name = "PartID"; Value = "327"; VariantName = "[No Variations]"
Add component (AddParameter): Name = "Supplier 1"; Value = "Mouser"; VariantName = "[No Variations]"
Add component (AddParameter): Name = "Supplier 2"; Value = "LCSC"; VariantName = "[No Variations]"
Add component (AddParameter): Name = "Supplier Part Number 1"; Value = "71-WSL39212L000FEA"; VariantName = "[No Variations]"
Add component (AddParameter): Name = "Supplier Part Number 2"; Value = "C844494"; VariantName = "[No Variations]"
Add component (AddParameter): Name = "Tolerance"; Value = "1%"; VariantName = "[No Variations]"
Add component (AddParameter): Name = "Type"; Value = "Shunt"; VariantName = "[No Variations]"
Add component (AddParameter): Name = "Value"; Value = "2mR"; VariantName = "[No Variations]"
Added Component: Designator=R11(RES 0603_1608)
Add component (AddParameter): Name = "Component Type"; Value = "SMD resistor"; VariantName = "[No Variations]"
Add component (AddParameter): Name = "ComponentLink1Description"; Value = "Datasheet"; VariantName = "[No Variations]"
Add component (AddParameter): Name = "ComponentLink1URL"; Value = "https://datasheet.lcsc.com/lcsc/2206010116_UNI-ROYAL-Uniroyal-Elec-0603WAF4701T5E_C23162.pdf"; VariantName = "[No Variations]"
Add component (AddParameter): Name = "Created from"; Value = "AGeiger"; VariantName = "[No Variations]"
Add component (AddParameter): Name = "Created On"; Value = "14.12.2020 16:17:14"; VariantName = "[No Variations]"
Add component (AddParameter): Name = "Device Package"; Value = "0603"; VariantName = "[No Variations]"
Add component (AddParameter): Name = "Last Updated"; Value = "25.08.2022 20:03:04"; VariantName = "[No Variations]"
Add component (AddParameter): Name = "LCSC Part Number"; Value = "C23162"; VariantName = "[No Variations]"
Add component (AddParameter): Name = "Live Cycle Status"; Value = "1"; VariantName = "[No Variations]"
Add component (AddParameter): Name = "Manufacturer"; Value = "UNI-ROYAL"; VariantName = "[No Variations]"
Add component (AddParameter): Name = "Manufacturer Part Number"; Value = "0603WAF4701T5E"; VariantName = "[No Variations]"
Add component (AddParameter): Name = "Mounting Type"; Value = "SMD"; VariantName = "[No Variations]"
Add component (AddParameter): Name = "PartID"; Value = "90"; VariantName = "[No Variations]"
Add component (AddParameter): Name = "Stock number"; Value = "Labor SMD Container"; VariantName = "[No Variations]"
Add component (AddParameter): Name = "Supplier 1"; Value = "LCSC"; VariantName = "[No Variations]"
Add component (AddParameter): Name = "Supplier Part Number 1"; Value = "C23162"; VariantName = "[No Variations]"
Add component (AddParameter): Name = "Tolerance"; Value = "1%"; VariantName = "[No Variations]"
Add component (AddParameter): Name = "Type"; Value = "Resistor"; VariantName = "[No Variations]"
Add component (AddParameter): Name = "Value"; Value = "4k7"; VariantName = "[No Variations]"
Added Component: Designator=R12A(RES 0603_1608)
Add component (AddParameter): Name = "Component Type"; Value = "SMD resistor"; VariantName = "[No Variations]"
Add component (AddParameter): Name = "ComponentLink1Description"; Value = "Datasheet"; VariantName = "[No Variations]"
Add component (AddParameter): Name = "ComponentLink1URL"; Value = "https://www.mouser.de/datasheet/2/414/PCF-1528243.pdf"; VariantName = "[No Variations]"
Add component (AddParameter): Name = "Created from"; Value = "MGremer"; VariantName = "[No Variations]"
Add component (AddParameter): Name = "Created On"; Value = "14.12.2020 16:17:14"; VariantName = "[No Variations]"
Add component (AddParameter): Name = "Device Package"; Value = "0603"; VariantName = "[No Variations]"
Add component (AddParameter): Name = "Last Updated"; Value = "21.02.2024 15:45:55"; VariantName = "[No Variations]"
Add component (AddParameter): Name = "LCSC Part Number"; Value = "C110776"; VariantName = "[No Variations]"
Add component (AddParameter): Name = "Live Cycle Status"; Value = "1"; VariantName = "[No Variations]"
Add component (AddParameter): Name = "Manufacturer"; Value = "IRC / TT Electronics"; VariantName = "[No Variations]"
Add component (AddParameter): Name = "Manufacturer Part Number"; Value = "PCF-W0603LF-03-1001-B-P-LT"; VariantName = "[No Variations]"
Add component (AddParameter): Name = "Mounting Type"; Value = "SMD"; VariantName = "[No Variations]"
Add component (AddParameter): Name = "PartID"; Value = "163"; VariantName = "[No Variations]"
Add component (AddParameter): Name = "Stock number"; Value = "not stored"; VariantName = "[No Variations]"
Add component (AddParameter): Name = "Supplier 1"; Value = "Mouser"; VariantName = "[No Variations]"
Add component (AddParameter): Name = "Supplier Part Number 1"; Value = "66-PCFW0603LF031001B"; VariantName = "[No Variations]"
Add component (AddParameter): Name = "Tolerance"; Value = "0.1%"; VariantName = "[No Variations]"
Add component (AddParameter): Name = "Type"; Value = "Resistor"; VariantName = "[No Variations]"
Add component (AddParameter): Name = "Value"; Value = "1k"; VariantName = "[No Variations]"
Added Component: Designator=R12B(RES 0603_1608)
Add component (AddParameter): Name = "Component Type"; Value = "SMD resistor"; VariantName = "[No Variations]"
Add component (AddParameter): Name = "ComponentLink1Description"; Value = "Datasheet"; VariantName = "[No Variations]"
Add component (AddParameter): Name = "ComponentLink1URL"; Value = "https://www.mouser.de/datasheet/2/414/PCF-1528243.pdf"; VariantName = "[No Variations]"
Add component (AddParameter): Name = "Created from"; Value = "MGremer"; VariantName = "[No Variations]"
Add component (AddParameter): Name = "Created On"; Value = "14.12.2020 16:17:14"; VariantName = "[No Variations]"
Add component (AddParameter): Name = "Device Package"; Value = "0603"; VariantName = "[No Variations]"
Add component (AddParameter): Name = "Last Updated"; Value = "21.02.2024 15:45:55"; VariantName = "[No Variations]"
Add component (AddParameter): Name = "LCSC Part Number"; Value = "C110776"; VariantName = "[No Variations]"
Add component (AddParameter): Name = "Live Cycle Status"; Value = "1"; VariantName = "[No Variations]"
Add component (AddParameter): Name = "Manufacturer"; Value = "IRC / TT Electronics"; VariantName = "[No Variations]"
Add component (AddParameter): Name = "Manufacturer Part Number"; Value = "PCF-W0603LF-03-1001-B-P-LT"; VariantName = "[No Variations]"
Add component (AddParameter): Name = "Mounting Type"; Value = "SMD"; VariantName = "[No Variations]"
Add component (AddParameter): Name = "PartID"; Value = "163"; VariantName = "[No Variations]"
Add component (AddParameter): Name = "Stock number"; Value = "not stored"; VariantName = "[No Variations]"
Add component (AddParameter): Name = "Supplier 1"; Value = "Mouser"; VariantName = "[No Variations]"
Add component (AddParameter): Name = "Supplier Part Number 1"; Value = "66-PCFW0603LF031001B"; VariantName = "[No Variations]"
Add component (AddParameter): Name = "Tolerance"; Value = "0.1%"; VariantName = "[No Variations]"
Add component (AddParameter): Name = "Type"; Value = "Resistor"; VariantName = "[No Variations]"
Add component (AddParameter): Name = "Value"; Value = "1k"; VariantName = "[No Variations]"
Added Component: Designator=R12C(RES 0603_1608)
Add component (AddParameter): Name = "Component Type"; Value = "SMD resistor"; VariantName = "[No Variations]"
Add component (AddParameter): Name = "ComponentLink1Description"; Value = "Datasheet"; VariantName = "[No Variations]"
Add component (AddParameter): Name = "ComponentLink1URL"; Value = "https://www.mouser.de/datasheet/2/414/PCF-1528243.pdf"; VariantName = "[No Variations]"
Add component (AddParameter): Name = "Created from"; Value = "MGremer"; VariantName = "[No Variations]"
Add component (AddParameter): Name = "Created On"; Value = "14.12.2020 16:17:14"; VariantName = "[No Variations]"
Add component (AddParameter): Name = "Device Package"; Value = "0603"; VariantName = "[No Variations]"
Add component (AddParameter): Name = "Last Updated"; Value = "21.02.2024 15:45:55"; VariantName = "[No Variations]"
Add component (AddParameter): Name = "LCSC Part Number"; Value = "C110776"; VariantName = "[No Variations]"
Add component (AddParameter): Name = "Live Cycle Status"; Value = "1"; VariantName = "[No Variations]"
Add component (AddParameter): Name = "Manufacturer"; Value = "IRC / TT Electronics"; VariantName = "[No Variations]"
Add component (AddParameter): Name = "Manufacturer Part Number"; Value = "PCF-W0603LF-03-1001-B-P-LT"; VariantName = "[No Variations]"
Add component (AddParameter): Name = "Mounting Type"; Value = "SMD"; VariantName = "[No Variations]"
Add component (AddParameter): Name = "PartID"; Value = "163"; VariantName = "[No Variations]"
Add component (AddParameter): Name = "Stock number"; Value = "not stored"; VariantName = "[No Variations]"
Add component (AddParameter): Name = "Supplier 1"; Value = "Mouser"; VariantName = "[No Variations]"
Add component (AddParameter): Name = "Supplier Part Number 1"; Value = "66-PCFW0603LF031001B"; VariantName = "[No Variations]"
Add component (AddParameter): Name = "Tolerance"; Value = "0.1%"; VariantName = "[No Variations]"
Add component (AddParameter): Name = "Type"; Value = "Resistor"; VariantName = "[No Variations]"
Add component (AddParameter): Name = "Value"; Value = "1k"; VariantName = "[No Variations]"
Added Component: Designator=R13A(RES 0603_1608)
Add component (AddParameter): Name = "Component Type"; Value = "SMD resistor"; VariantName = "[No Variations]"
Add component (AddParameter): Name = "ComponentLink1Description"; Value = "Datasheet"; VariantName = "[No Variations]"
Add component (AddParameter): Name = "ComponentLink1URL"; Value = "https://www.mouser.de/datasheet/2/414/PCF-1528243.pdf"; VariantName = "[No Variations]"
Add component (AddParameter): Name = "Created from"; Value = "MGremer"; VariantName = "[No Variations]"
Add component (AddParameter): Name = "Created On"; Value = "14.12.2020 16:17:14"; VariantName = "[No Variations]"
Add component (AddParameter): Name = "Device Package"; Value = "0603"; VariantName = "[No Variations]"
Add component (AddParameter): Name = "Last Updated"; Value = "21.02.2024 15:45:55"; VariantName = "[No Variations]"
Add component (AddParameter): Name = "LCSC Part Number"; Value = "C110776"; VariantName = "[No Variations]"
Add component (AddParameter): Name = "Live Cycle Status"; Value = "1"; VariantName = "[No Variations]"
Add component (AddParameter): Name = "Manufacturer"; Value = "IRC / TT Electronics"; VariantName = "[No Variations]"
Add component (AddParameter): Name = "Manufacturer Part Number"; Value = "PCF-W0603LF-03-1001-B-P-LT"; VariantName = "[No Variations]"
Add component (AddParameter): Name = "Mounting Type"; Value = "SMD"; VariantName = "[No Variations]"
Add component (AddParameter): Name = "PartID"; Value = "163"; VariantName = "[No Variations]"
Add component (AddParameter): Name = "Stock number"; Value = "not stored"; VariantName = "[No Variations]"
Add component (AddParameter): Name = "Supplier 1"; Value = "Mouser"; VariantName = "[No Variations]"
Add component (AddParameter): Name = "Supplier Part Number 1"; Value = "66-PCFW0603LF031001B"; VariantName = "[No Variations]"
Add component (AddParameter): Name = "Tolerance"; Value = "0.1%"; VariantName = "[No Variations]"
Add component (AddParameter): Name = "Type"; Value = "Resistor"; VariantName = "[No Variations]"
Add component (AddParameter): Name = "Value"; Value = "1k"; VariantName = "[No Variations]"
Added Component: Designator=R13B(RES 0603_1608)
Add component (AddParameter): Name = "Component Type"; Value = "SMD resistor"; VariantName = "[No Variations]"
Add component (AddParameter): Name = "ComponentLink1Description"; Value = "Datasheet"; VariantName = "[No Variations]"
Add component (AddParameter): Name = "ComponentLink1URL"; Value = "https://www.mouser.de/datasheet/2/414/PCF-1528243.pdf"; VariantName = "[No Variations]"
Add component (AddParameter): Name = "Created from"; Value = "MGremer"; VariantName = "[No Variations]"
Add component (AddParameter): Name = "Created On"; Value = "14.12.2020 16:17:14"; VariantName = "[No Variations]"
Add component (AddParameter): Name = "Device Package"; Value = "0603"; VariantName = "[No Variations]"
Add component (AddParameter): Name = "Last Updated"; Value = "21.02.2024 15:45:55"; VariantName = "[No Variations]"
Add component (AddParameter): Name = "LCSC Part Number"; Value = "C110776"; VariantName = "[No Variations]"
Add component (AddParameter): Name = "Live Cycle Status"; Value = "1"; VariantName = "[No Variations]"
Add component (AddParameter): Name = "Manufacturer"; Value = "IRC / TT Electronics"; VariantName = "[No Variations]"
Add component (AddParameter): Name = "Manufacturer Part Number"; Value = "PCF-W0603LF-03-1001-B-P-LT"; VariantName = "[No Variations]"
Add component (AddParameter): Name = "Mounting Type"; Value = "SMD"; VariantName = "[No Variations]"
Add component (AddParameter): Name = "PartID"; Value = "163"; VariantName = "[No Variations]"
Add component (AddParameter): Name = "Stock number"; Value = "not stored"; VariantName = "[No Variations]"
Add component (AddParameter): Name = "Supplier 1"; Value = "Mouser"; VariantName = "[No Variations]"
Add component (AddParameter): Name = "Supplier Part Number 1"; Value = "66-PCFW0603LF031001B"; VariantName = "[No Variations]"
Add component (AddParameter): Name = "Tolerance"; Value = "0.1%"; VariantName = "[No Variations]"
Add component (AddParameter): Name = "Type"; Value = "Resistor"; VariantName = "[No Variations]"
Add component (AddParameter): Name = "Value"; Value = "1k"; VariantName = "[No Variations]"
Added Component: Designator=R13C(RES 0603_1608)
Add component (AddParameter): Name = "Component Type"; Value = "SMD resistor"; VariantName = "[No Variations]"
Add component (AddParameter): Name = "ComponentLink1Description"; Value = "Datasheet"; VariantName = "[No Variations]"
Add component (AddParameter): Name = "ComponentLink1URL"; Value = "https://www.mouser.de/datasheet/2/414/PCF-1528243.pdf"; VariantName = "[No Variations]"
Add component (AddParameter): Name = "Created from"; Value = "MGremer"; VariantName = "[No Variations]"
Add component (AddParameter): Name = "Created On"; Value = "14.12.2020 16:17:14"; VariantName = "[No Variations]"
Add component (AddParameter): Name = "Device Package"; Value = "0603"; VariantName = "[No Variations]"
Add component (AddParameter): Name = "Last Updated"; Value = "21.02.2024 15:45:55"; VariantName = "[No Variations]"
Add component (AddParameter): Name = "LCSC Part Number"; Value = "C110776"; VariantName = "[No Variations]"
Add component (AddParameter): Name = "Live Cycle Status"; Value = "1"; VariantName = "[No Variations]"
Add component (AddParameter): Name = "Manufacturer"; Value = "IRC / TT Electronics"; VariantName = "[No Variations]"
Add component (AddParameter): Name = "Manufacturer Part Number"; Value = "PCF-W0603LF-03-1001-B-P-LT"; VariantName = "[No Variations]"
Add component (AddParameter): Name = "Mounting Type"; Value = "SMD"; VariantName = "[No Variations]"
Add component (AddParameter): Name = "PartID"; Value = "163"; VariantName = "[No Variations]"
Add component (AddParameter): Name = "Stock number"; Value = "not stored"; VariantName = "[No Variations]"
Add component (AddParameter): Name = "Supplier 1"; Value = "Mouser"; VariantName = "[No Variations]"
Add component (AddParameter): Name = "Supplier Part Number 1"; Value = "66-PCFW0603LF031001B"; VariantName = "[No Variations]"
Add component (AddParameter): Name = "Tolerance"; Value = "0.1%"; VariantName = "[No Variations]"
Add component (AddParameter): Name = "Type"; Value = "Resistor"; VariantName = "[No Variations]"
Add component (AddParameter): Name = "Value"; Value = "1k"; VariantName = "[No Variations]"
Added Component: Designator=R14A(RES 0603_1608)
Add component (AddParameter): Name = "Component Type"; Value = "SMD resistor"; VariantName = "[No Variations]"
Add component (AddParameter): Name = "ComponentLink1Description"; Value = "Datasheet"; VariantName = "[No Variations]"
Add component (AddParameter): Name = "ComponentLink1URL"; Value = "https://www.mouser.de/datasheet/2/315/AOA0000C328-1530132.pdf"; VariantName = "[No Variations]"
Add component (AddParameter): Name = "Created from"; Value = "DHufnagel"; VariantName = "[No Variations]"
Add component (AddParameter): Name = "Created On"; Value = "14.12.2020 16:17:14"; VariantName = "[No Variations]"
Add component (AddParameter): Name = "Device Package"; Value = "0603"; VariantName = "[No Variations]"
Add component (AddParameter): Name = "Last Updated"; Value = "02.03.2021 14:07:32"; VariantName = "[No Variations]"
Add component (AddParameter): Name = "LCSC Part Number"; Value = "C189729"; VariantName = "[No Variations]"
Add component (AddParameter): Name = "Live Cycle Status"; Value = "1"; VariantName = "[No Variations]"
Add component (AddParameter): Name = "Manufacturer"; Value = "Panasonic"; VariantName = "[No Variations]"
Add component (AddParameter): Name = "Manufacturer Part Number"; Value = "ERJ-PB3B2001V"; VariantName = "[No Variations]"
Add component (AddParameter): Name = "Mounting Type"; Value = "SMD"; VariantName = "[No Variations]"
Add component (AddParameter): Name = "PartID"; Value = "215"; VariantName = "[No Variations]"
Add component (AddParameter): Name = "Stock number"; Value = "not stored"; VariantName = "[No Variations]"
Add component (AddParameter): Name = "Supplier 1"; Value = "Mouser"; VariantName = "[No Variations]"
Add component (AddParameter): Name = "Supplier 2"; Value = "LCSC"; VariantName = "[No Variations]"
Add component (AddParameter): Name = "Supplier Part Number 1"; Value = "667-ERJ-PB3B2001V"; VariantName = "[No Variations]"
Add component (AddParameter): Name = "Supplier Part Number 2"; Value = "C189729"; VariantName = "[No Variations]"
Add component (AddParameter): Name = "Tolerance"; Value = "0.1%"; VariantName = "[No Variations]"
Add component (AddParameter): Name = "Type"; Value = "Resistor"; VariantName = "[No Variations]"
Add component (AddParameter): Name = "Value"; Value = "2k"; VariantName = "[No Variations]"
Added Component: Designator=R14B(RES 0603_1608)
Add component (AddParameter): Name = "Component Type"; Value = "SMD resistor"; VariantName = "[No Variations]"
Add component (AddParameter): Name = "ComponentLink1Description"; Value = "Datasheet"; VariantName = "[No Variations]"
Add component (AddParameter): Name = "ComponentLink1URL"; Value = "https://www.mouser.de/datasheet/2/315/AOA0000C328-1530132.pdf"; VariantName = "[No Variations]"
Add component (AddParameter): Name = "Created from"; Value = "DHufnagel"; VariantName = "[No Variations]"
Add component (AddParameter): Name = "Created On"; Value = "14.12.2020 16:17:14"; VariantName = "[No Variations]"
Add component (AddParameter): Name = "Device Package"; Value = "0603"; VariantName = "[No Variations]"
Add component (AddParameter): Name = "Last Updated"; Value = "02.03.2021 14:07:32"; VariantName = "[No Variations]"
Add component (AddParameter): Name = "LCSC Part Number"; Value = "C189729"; VariantName = "[No Variations]"
Add component (AddParameter): Name = "Live Cycle Status"; Value = "1"; VariantName = "[No Variations]"
Add component (AddParameter): Name = "Manufacturer"; Value = "Panasonic"; VariantName = "[No Variations]"
Add component (AddParameter): Name = "Manufacturer Part Number"; Value = "ERJ-PB3B2001V"; VariantName = "[No Variations]"
Add component (AddParameter): Name = "Mounting Type"; Value = "SMD"; VariantName = "[No Variations]"
Add component (AddParameter): Name = "PartID"; Value = "215"; VariantName = "[No Variations]"
Add component (AddParameter): Name = "Stock number"; Value = "not stored"; VariantName = "[No Variations]"
Add component (AddParameter): Name = "Supplier 1"; Value = "Mouser"; VariantName = "[No Variations]"
Add component (AddParameter): Name = "Supplier 2"; Value = "LCSC"; VariantName = "[No Variations]"
Add component (AddParameter): Name = "Supplier Part Number 1"; Value = "667-ERJ-PB3B2001V"; VariantName = "[No Variations]"
Add component (AddParameter): Name = "Supplier Part Number 2"; Value = "C189729"; VariantName = "[No Variations]"
Add component (AddParameter): Name = "Tolerance"; Value = "0.1%"; VariantName = "[No Variations]"
Add component (AddParameter): Name = "Type"; Value = "Resistor"; VariantName = "[No Variations]"
Add component (AddParameter): Name = "Value"; Value = "2k"; VariantName = "[No Variations]"
Added Component: Designator=R14C(RES 0603_1608)
Add component (AddParameter): Name = "Component Type"; Value = "SMD resistor"; VariantName = "[No Variations]"
Add component (AddParameter): Name = "ComponentLink1Description"; Value = "Datasheet"; VariantName = "[No Variations]"
Add component (AddParameter): Name = "ComponentLink1URL"; Value = "https://www.mouser.de/datasheet/2/315/AOA0000C328-1530132.pdf"; VariantName = "[No Variations]"
Add component (AddParameter): Name = "Created from"; Value = "DHufnagel"; VariantName = "[No Variations]"
Add component (AddParameter): Name = "Created On"; Value = "14.12.2020 16:17:14"; VariantName = "[No Variations]"
Add component (AddParameter): Name = "Device Package"; Value = "0603"; VariantName = "[No Variations]"
Add component (AddParameter): Name = "Last Updated"; Value = "02.03.2021 14:07:32"; VariantName = "[No Variations]"
Add component (AddParameter): Name = "LCSC Part Number"; Value = "C189729"; VariantName = "[No Variations]"
Add component (AddParameter): Name = "Live Cycle Status"; Value = "1"; VariantName = "[No Variations]"
Add component (AddParameter): Name = "Manufacturer"; Value = "Panasonic"; VariantName = "[No Variations]"
Add component (AddParameter): Name = "Manufacturer Part Number"; Value = "ERJ-PB3B2001V"; VariantName = "[No Variations]"
Add component (AddParameter): Name = "Mounting Type"; Value = "SMD"; VariantName = "[No Variations]"
Add component (AddParameter): Name = "PartID"; Value = "215"; VariantName = "[No Variations]"
Add component (AddParameter): Name = "Stock number"; Value = "not stored"; VariantName = "[No Variations]"
Add component (AddParameter): Name = "Supplier 1"; Value = "Mouser"; VariantName = "[No Variations]"
Add component (AddParameter): Name = "Supplier 2"; Value = "LCSC"; VariantName = "[No Variations]"
Add component (AddParameter): Name = "Supplier Part Number 1"; Value = "667-ERJ-PB3B2001V"; VariantName = "[No Variations]"
Add component (AddParameter): Name = "Supplier Part Number 2"; Value = "C189729"; VariantName = "[No Variations]"
Add component (AddParameter): Name = "Tolerance"; Value = "0.1%"; VariantName = "[No Variations]"
Add component (AddParameter): Name = "Type"; Value = "Resistor"; VariantName = "[No Variations]"
Add component (AddParameter): Name = "Value"; Value = "2k"; VariantName = "[No Variations]"
Added Component: Designator=R15A(RES 0603_1608)
Add component (AddParameter): Name = "Component Type"; Value = "SMD resistor"; VariantName = "[No Variations]"
Add component (AddParameter): Name = "ComponentLink1Description"; Value = "Datasheet"; VariantName = "[No Variations]"
Add component (AddParameter): Name = "ComponentLink1URL"; Value = "https://www.mouser.de/datasheet/2/315/AOA0000C328-1530132.pdf"; VariantName = "[No Variations]"
Add component (AddParameter): Name = "Created from"; Value = "DHufnagel"; VariantName = "[No Variations]"
Add component (AddParameter): Name = "Created On"; Value = "14.12.2020 16:17:14"; VariantName = "[No Variations]"
Add component (AddParameter): Name = "Device Package"; Value = "0603"; VariantName = "[No Variations]"
Add component (AddParameter): Name = "Last Updated"; Value = "02.03.2021 14:07:32"; VariantName = "[No Variations]"
Add component (AddParameter): Name = "LCSC Part Number"; Value = "C189729"; VariantName = "[No Variations]"
Add component (AddParameter): Name = "Live Cycle Status"; Value = "1"; VariantName = "[No Variations]"
Add component (AddParameter): Name = "Manufacturer"; Value = "Panasonic"; VariantName = "[No Variations]"
Add component (AddParameter): Name = "Manufacturer Part Number"; Value = "ERJ-PB3B2001V"; VariantName = "[No Variations]"
Add component (AddParameter): Name = "Mounting Type"; Value = "SMD"; VariantName = "[No Variations]"
Add component (AddParameter): Name = "PartID"; Value = "215"; VariantName = "[No Variations]"
Add component (AddParameter): Name = "Stock number"; Value = "not stored"; VariantName = "[No Variations]"
Add component (AddParameter): Name = "Supplier 1"; Value = "Mouser"; VariantName = "[No Variations]"
Add component (AddParameter): Name = "Supplier 2"; Value = "LCSC"; VariantName = "[No Variations]"
Add component (AddParameter): Name = "Supplier Part Number 1"; Value = "667-ERJ-PB3B2001V"; VariantName = "[No Variations]"
Add component (AddParameter): Name = "Supplier Part Number 2"; Value = "C189729"; VariantName = "[No Variations]"
Add component (AddParameter): Name = "Tolerance"; Value = "0.1%"; VariantName = "[No Variations]"
Add component (AddParameter): Name = "Type"; Value = "Resistor"; VariantName = "[No Variations]"
Add component (AddParameter): Name = "Value"; Value = "2k"; VariantName = "[No Variations]"
Added Component: Designator=R15B(RES 0603_1608)
Add component (AddParameter): Name = "Component Type"; Value = "SMD resistor"; VariantName = "[No Variations]"
Add component (AddParameter): Name = "ComponentLink1Description"; Value = "Datasheet"; VariantName = "[No Variations]"
Add component (AddParameter): Name = "ComponentLink1URL"; Value = "https://www.mouser.de/datasheet/2/315/AOA0000C328-1530132.pdf"; VariantName = "[No Variations]"
Add component (AddParameter): Name = "Created from"; Value = "DHufnagel"; VariantName = "[No Variations]"
Add component (AddParameter): Name = "Created On"; Value = "14.12.2020 16:17:14"; VariantName = "[No Variations]"
Add component (AddParameter): Name = "Device Package"; Value = "0603"; VariantName = "[No Variations]"
Add component (AddParameter): Name = "Last Updated"; Value = "02.03.2021 14:07:32"; VariantName = "[No Variations]"
Add component (AddParameter): Name = "LCSC Part Number"; Value = "C189729"; VariantName = "[No Variations]"
Add component (AddParameter): Name = "Live Cycle Status"; Value = "1"; VariantName = "[No Variations]"
Add component (AddParameter): Name = "Manufacturer"; Value = "Panasonic"; VariantName = "[No Variations]"
Add component (AddParameter): Name = "Manufacturer Part Number"; Value = "ERJ-PB3B2001V"; VariantName = "[No Variations]"
Add component (AddParameter): Name = "Mounting Type"; Value = "SMD"; VariantName = "[No Variations]"
Add component (AddParameter): Name = "PartID"; Value = "215"; VariantName = "[No Variations]"
Add component (AddParameter): Name = "Stock number"; Value = "not stored"; VariantName = "[No Variations]"
Add component (AddParameter): Name = "Supplier 1"; Value = "Mouser"; VariantName = "[No Variations]"
Add component (AddParameter): Name = "Supplier 2"; Value = "LCSC"; VariantName = "[No Variations]"
Add component (AddParameter): Name = "Supplier Part Number 1"; Value = "667-ERJ-PB3B2001V"; VariantName = "[No Variations]"
Add component (AddParameter): Name = "Supplier Part Number 2"; Value = "C189729"; VariantName = "[No Variations]"
Add component (AddParameter): Name = "Tolerance"; Value = "0.1%"; VariantName = "[No Variations]"
Add component (AddParameter): Name = "Type"; Value = "Resistor"; VariantName = "[No Variations]"
Add component (AddParameter): Name = "Value"; Value = "2k"; VariantName = "[No Variations]"
Added Component: Designator=R15C(RES 0603_1608)
Add component (AddParameter): Name = "Component Type"; Value = "SMD resistor"; VariantName = "[No Variations]"
Add component (AddParameter): Name = "ComponentLink1Description"; Value = "Datasheet"; VariantName = "[No Variations]"
Add component (AddParameter): Name = "ComponentLink1URL"; Value = "https://www.mouser.de/datasheet/2/315/AOA0000C328-1530132.pdf"; VariantName = "[No Variations]"
Add component (AddParameter): Name = "Created from"; Value = "DHufnagel"; VariantName = "[No Variations]"
Add component (AddParameter): Name = "Created On"; Value = "14.12.2020 16:17:14"; VariantName = "[No Variations]"
Add component (AddParameter): Name = "Device Package"; Value = "0603"; VariantName = "[No Variations]"
Add component (AddParameter): Name = "Last Updated"; Value = "02.03.2021 14:07:32"; VariantName = "[No Variations]"
Add component (AddParameter): Name = "LCSC Part Number"; Value = "C189729"; VariantName = "[No Variations]"
Add component (AddParameter): Name = "Live Cycle Status"; Value = "1"; VariantName = "[No Variations]"
Add component (AddParameter): Name = "Manufacturer"; Value = "Panasonic"; VariantName = "[No Variations]"
Add component (AddParameter): Name = "Manufacturer Part Number"; Value = "ERJ-PB3B2001V"; VariantName = "[No Variations]"
Add component (AddParameter): Name = "Mounting Type"; Value = "SMD"; VariantName = "[No Variations]"
Add component (AddParameter): Name = "PartID"; Value = "215"; VariantName = "[No Variations]"
Add component (AddParameter): Name = "Stock number"; Value = "not stored"; VariantName = "[No Variations]"
Add component (AddParameter): Name = "Supplier 1"; Value = "Mouser"; VariantName = "[No Variations]"
Add component (AddParameter): Name = "Supplier 2"; Value = "LCSC"; VariantName = "[No Variations]"
Add component (AddParameter): Name = "Supplier Part Number 1"; Value = "667-ERJ-PB3B2001V"; VariantName = "[No Variations]"
Add component (AddParameter): Name = "Supplier Part Number 2"; Value = "C189729"; VariantName = "[No Variations]"
Add component (AddParameter): Name = "Tolerance"; Value = "0.1%"; VariantName = "[No Variations]"
Add component (AddParameter): Name = "Type"; Value = "Resistor"; VariantName = "[No Variations]"
Add component (AddParameter): Name = "Value"; Value = "2k"; VariantName = "[No Variations]"
Added Component: Designator=R16(RES 0603_1608)
Add component (AddParameter): Name = "Component Type"; Value = "SMD resistor"; VariantName = "[No Variations]"
Add component (AddParameter): Name = "ComponentLink1Description"; Value = "Datasheet"; VariantName = "[No Variations]"
Add component (AddParameter): Name = "ComponentLink1URL"; Value = "https://datasheet.lcsc.com/lcsc/2206010116_UNI-ROYAL-Uniroyal-Elec-0603WAF4701T5E_C23162.pdf"; VariantName = "[No Variations]"
Add component (AddParameter): Name = "Created from"; Value = "AGeiger"; VariantName = "[No Variations]"
Add component (AddParameter): Name = "Created On"; Value = "14.12.2020 16:17:14"; VariantName = "[No Variations]"
Add component (AddParameter): Name = "Device Package"; Value = "0603"; VariantName = "[No Variations]"
Add component (AddParameter): Name = "Last Updated"; Value = "25.08.2022 20:03:04"; VariantName = "[No Variations]"
Add component (AddParameter): Name = "LCSC Part Number"; Value = "C23162"; VariantName = "[No Variations]"
Add component (AddParameter): Name = "Live Cycle Status"; Value = "1"; VariantName = "[No Variations]"
Add component (AddParameter): Name = "Manufacturer"; Value = "UNI-ROYAL"; VariantName = "[No Variations]"
Add component (AddParameter): Name = "Manufacturer Part Number"; Value = "0603WAF4701T5E"; VariantName = "[No Variations]"
Add component (AddParameter): Name = "Mounting Type"; Value = "SMD"; VariantName = "[No Variations]"
Add component (AddParameter): Name = "PartID"; Value = "90"; VariantName = "[No Variations]"
Add component (AddParameter): Name = "Stock number"; Value = "Labor SMD Container"; VariantName = "[No Variations]"
Add component (AddParameter): Name = "Supplier 1"; Value = "LCSC"; VariantName = "[No Variations]"
Add component (AddParameter): Name = "Supplier Part Number 1"; Value = "C23162"; VariantName = "[No Variations]"
Add component (AddParameter): Name = "Tolerance"; Value = "1%"; VariantName = "[No Variations]"
Add component (AddParameter): Name = "Type"; Value = "Resistor"; VariantName = "[No Variations]"
Add component (AddParameter): Name = "Value"; Value = "4k7"; VariantName = "[No Variations]"
Added Component: Designator=R17(RES 0603_1608)
Add component (AddParameter): Name = "Component Type"; Value = "SMD resistor"; VariantName = "[No Variations]"
Add component (AddParameter): Name = "ComponentLink1Description"; Value = "Datasheet"; VariantName = "[No Variations]"
Add component (AddParameter): Name = "ComponentLink1URL"; Value = "https://datasheet.lcsc.com/lcsc/2206010116_UNI-ROYAL-Uniroyal-Elec-0603WAF4701T5E_C23162.pdf"; VariantName = "[No Variations]"
Add component (AddParameter): Name = "Created from"; Value = "AGeiger"; VariantName = "[No Variations]"
Add component (AddParameter): Name = "Created On"; Value = "14.12.2020 16:17:14"; VariantName = "[No Variations]"
Add component (AddParameter): Name = "Device Package"; Value = "0603"; VariantName = "[No Variations]"
Add component (AddParameter): Name = "Last Updated"; Value = "25.08.2022 20:03:04"; VariantName = "[No Variations]"
Add component (AddParameter): Name = "LCSC Part Number"; Value = "C23162"; VariantName = "[No Variations]"
Add component (AddParameter): Name = "Live Cycle Status"; Value = "1"; VariantName = "[No Variations]"
Add component (AddParameter): Name = "Manufacturer"; Value = "UNI-ROYAL"; VariantName = "[No Variations]"
Add component (AddParameter): Name = "Manufacturer Part Number"; Value = "0603WAF4701T5E"; VariantName = "[No Variations]"
Add component (AddParameter): Name = "Mounting Type"; Value = "SMD"; VariantName = "[No Variations]"
Add component (AddParameter): Name = "PartID"; Value = "90"; VariantName = "[No Variations]"
Add component (AddParameter): Name = "Stock number"; Value = "Labor SMD Container"; VariantName = "[No Variations]"
Add component (AddParameter): Name = "Supplier 1"; Value = "LCSC"; VariantName = "[No Variations]"
Add component (AddParameter): Name = "Supplier Part Number 1"; Value = "C23162"; VariantName = "[No Variations]"
Add component (AddParameter): Name = "Tolerance"; Value = "1%"; VariantName = "[No Variations]"
Add component (AddParameter): Name = "Type"; Value = "Resistor"; VariantName = "[No Variations]"
Add component (AddParameter): Name = "Value"; Value = "4k7"; VariantName = "[No Variations]"
Added Component: Designator=R18(RES 0603_1608)
Add component (AddParameter): Name = "Component Type"; Value = "SMD resistor"; VariantName = "[No Variations]"
Add component (AddParameter): Name = "ComponentLink1Description"; Value = "Datasheet"; VariantName = "[No Variations]"
Add component (AddParameter): Name = "ComponentLink1URL"; Value = "https://www.mouser.de/datasheet/2/219/RK73B-1825463.pdf"; VariantName = "[No Variations]"
Add component (AddParameter): Name = "Created from"; Value = "MGremer"; VariantName = "[No Variations]"
Add component (AddParameter): Name = "Created On"; Value = "14.12.2020 16:17:14"; VariantName = "[No Variations]"
Add component (AddParameter): Name = "Device Package"; Value = "0603"; VariantName = "[No Variations]"
Add component (AddParameter): Name = "Last Updated"; Value = "27.05.2022 14:04:10"; VariantName = "[No Variations]"
Add component (AddParameter): Name = "LCSC Part Number"; Value = "C25803"; VariantName = "[No Variations]"
Add component (AddParameter): Name = "Live Cycle Status"; Value = "1"; VariantName = "[No Variations]"
Add component (AddParameter): Name = "Manufacturer"; Value = "KOA Speer"; VariantName = "[No Variations]"
Add component (AddParameter): Name = "Manufacturer Part Number"; Value = "RK73B1JTTD104J"; VariantName = "[No Variations]"
Add component (AddParameter): Name = "Mounting Type"; Value = "SMD"; VariantName = "[No Variations]"
Add component (AddParameter): Name = "PartID"; Value = "122"; VariantName = "[No Variations]"
Add component (AddParameter): Name = "Stock number"; Value = "Labor SMD Container"; VariantName = "[No Variations]"
Add component (AddParameter): Name = "Supplier 1"; Value = "Mouser"; VariantName = "[No Variations]"
Add component (AddParameter): Name = "Supplier Part Number 1"; Value = "660-RK73B1JTTD104J"; VariantName = "[No Variations]"
Add component (AddParameter): Name = "Tolerance"; Value = "5%"; VariantName = "[No Variations]"
Add component (AddParameter): Name = "Type"; Value = "Resistor"; VariantName = "[No Variations]"
Add component (AddParameter): Name = "Value"; Value = "100k"; VariantName = "[No Variations]"
Added Component: Designator=R19A(RES 0603_1608)
Add component (AddParameter): Name = "Component Type"; Value = "SMD resistor"; VariantName = "[No Variations]"
Add component (AddParameter): Name = "ComponentLink1Description"; Value = "Datasheet"; VariantName = "[No Variations]"
Add component (AddParameter): Name = "ComponentLink1URL"; Value = "https://www.mouser.de/datasheet/2/219/RK73H-1825326.pdf"; VariantName = "[No Variations]"
Add component (AddParameter): Name = "Created from"; Value = "DHufnagel"; VariantName = "[No Variations]"
Add component (AddParameter): Name = "Created On"; Value = "14.12.2020 16:17:14"; VariantName = "[No Variations]"
Add component (AddParameter): Name = "Device Package"; Value = "0603"; VariantName = "[No Variations]"
Add component (AddParameter): Name = "Last Updated"; Value = "27.05.2022 13:46:35"; VariantName = "[No Variations]"
Add component (AddParameter): Name = "LCSC Part Number"; Value = "C160046"; VariantName = "[No Variations]"
Add component (AddParameter): Name = "Live Cycle Status"; Value = "1"; VariantName = "[No Variations]"
Add component (AddParameter): Name = "Manufacturer"; Value = "KOA Speer"; VariantName = "[No Variations]"
Add component (AddParameter): Name = "Manufacturer Part Number"; Value = "RK73H1JTTD49R9F"; VariantName = "[No Variations]"
Add component (AddParameter): Name = "Mounting Type"; Value = "SMD"; VariantName = "[No Variations]"
Add component (AddParameter): Name = "PartID"; Value = "214"; VariantName = "[No Variations]"
Add component (AddParameter): Name = "Stock number"; Value = "not stored"; VariantName = "[No Variations]"
Add component (AddParameter): Name = "Supplier 1"; Value = "Mouser"; VariantName = "[No Variations]"
Add component (AddParameter): Name = "Supplier 2"; Value = "LCSC"; VariantName = "[No Variations]"
Add component (AddParameter): Name = "Supplier Part Number 1"; Value = "660-RK73H1JTTD49R9F"; VariantName = "[No Variations]"
Add component (AddParameter): Name = "Supplier Part Number 2"; Value = "C160046"; VariantName = "[No Variations]"
Add component (AddParameter): Name = "Tolerance"; Value = "1%"; VariantName = "[No Variations]"
Add component (AddParameter): Name = "Type"; Value = "Resistor"; VariantName = "[No Variations]"
Add component (AddParameter): Name = "Value"; Value = "49R9"; VariantName = "[No Variations]"
Added Component: Designator=R19B(RES 0603_1608)
Add component (AddParameter): Name = "Component Type"; Value = "SMD resistor"; VariantName = "[No Variations]"
Add component (AddParameter): Name = "ComponentLink1Description"; Value = "Datasheet"; VariantName = "[No Variations]"
Add component (AddParameter): Name = "ComponentLink1URL"; Value = "https://www.mouser.de/datasheet/2/219/RK73H-1825326.pdf"; VariantName = "[No Variations]"
Add component (AddParameter): Name = "Created from"; Value = "DHufnagel"; VariantName = "[No Variations]"
Add component (AddParameter): Name = "Created On"; Value = "14.12.2020 16:17:14"; VariantName = "[No Variations]"
Add component (AddParameter): Name = "Device Package"; Value = "0603"; VariantName = "[No Variations]"
Add component (AddParameter): Name = "Last Updated"; Value = "27.05.2022 13:46:35"; VariantName = "[No Variations]"
Add component (AddParameter): Name = "LCSC Part Number"; Value = "C160046"; VariantName = "[No Variations]"
Add component (AddParameter): Name = "Live Cycle Status"; Value = "1"; VariantName = "[No Variations]"
Add component (AddParameter): Name = "Manufacturer"; Value = "KOA Speer"; VariantName = "[No Variations]"
Add component (AddParameter): Name = "Manufacturer Part Number"; Value = "RK73H1JTTD49R9F"; VariantName = "[No Variations]"
Add component (AddParameter): Name = "Mounting Type"; Value = "SMD"; VariantName = "[No Variations]"
Add component (AddParameter): Name = "PartID"; Value = "214"; VariantName = "[No Variations]"
Add component (AddParameter): Name = "Stock number"; Value = "not stored"; VariantName = "[No Variations]"
Add component (AddParameter): Name = "Supplier 1"; Value = "Mouser"; VariantName = "[No Variations]"
Add component (AddParameter): Name = "Supplier 2"; Value = "LCSC"; VariantName = "[No Variations]"
Add component (AddParameter): Name = "Supplier Part Number 1"; Value = "660-RK73H1JTTD49R9F"; VariantName = "[No Variations]"
Add component (AddParameter): Name = "Supplier Part Number 2"; Value = "C160046"; VariantName = "[No Variations]"
Add component (AddParameter): Name = "Tolerance"; Value = "1%"; VariantName = "[No Variations]"
Add component (AddParameter): Name = "Type"; Value = "Resistor"; VariantName = "[No Variations]"
Add component (AddParameter): Name = "Value"; Value = "49R9"; VariantName = "[No Variations]"
Added Component: Designator=R19C(RES 0603_1608)
Add component (AddParameter): Name = "Component Type"; Value = "SMD resistor"; VariantName = "[No Variations]"
Add component (AddParameter): Name = "ComponentLink1Description"; Value = "Datasheet"; VariantName = "[No Variations]"
Add component (AddParameter): Name = "ComponentLink1URL"; Value = "https://www.mouser.de/datasheet/2/219/RK73H-1825326.pdf"; VariantName = "[No Variations]"
Add component (AddParameter): Name = "Created from"; Value = "DHufnagel"; VariantName = "[No Variations]"
Add component (AddParameter): Name = "Created On"; Value = "14.12.2020 16:17:14"; VariantName = "[No Variations]"
Add component (AddParameter): Name = "Device Package"; Value = "0603"; VariantName = "[No Variations]"
Add component (AddParameter): Name = "Last Updated"; Value = "27.05.2022 13:46:35"; VariantName = "[No Variations]"
Add component (AddParameter): Name = "LCSC Part Number"; Value = "C160046"; VariantName = "[No Variations]"
Add component (AddParameter): Name = "Live Cycle Status"; Value = "1"; VariantName = "[No Variations]"
Add component (AddParameter): Name = "Manufacturer"; Value = "KOA Speer"; VariantName = "[No Variations]"
Add component (AddParameter): Name = "Manufacturer Part Number"; Value = "RK73H1JTTD49R9F"; VariantName = "[No Variations]"
Add component (AddParameter): Name = "Mounting Type"; Value = "SMD"; VariantName = "[No Variations]"
Add component (AddParameter): Name = "PartID"; Value = "214"; VariantName = "[No Variations]"
Add component (AddParameter): Name = "Stock number"; Value = "not stored"; VariantName = "[No Variations]"
Add component (AddParameter): Name = "Supplier 1"; Value = "Mouser"; VariantName = "[No Variations]"
Add component (AddParameter): Name = "Supplier 2"; Value = "LCSC"; VariantName = "[No Variations]"
Add component (AddParameter): Name = "Supplier Part Number 1"; Value = "660-RK73H1JTTD49R9F"; VariantName = "[No Variations]"
Add component (AddParameter): Name = "Supplier Part Number 2"; Value = "C160046"; VariantName = "[No Variations]"
Add component (AddParameter): Name = "Tolerance"; Value = "1%"; VariantName = "[No Variations]"
Add component (AddParameter): Name = "Type"; Value = "Resistor"; VariantName = "[No Variations]"
Add component (AddParameter): Name = "Value"; Value = "49R9"; VariantName = "[No Variations]"
Added Component: Designator=R20A(RES 0603_1608)
Add component (AddParameter): Name = "Component Type"; Value = "SMD resistor"; VariantName = "[No Variations]"
Add component (AddParameter): Name = "ComponentLink1Description"; Value = "Datasheet"; VariantName = "[No Variations]"
Add component (AddParameter): Name = "ComponentLink1URL"; Value = "https://www.mouser.de/datasheet/2/219/RK73H-1825326.pdf"; VariantName = "[No Variations]"
Add component (AddParameter): Name = "Created from"; Value = "DHufnagel"; VariantName = "[No Variations]"
Add component (AddParameter): Name = "Created On"; Value = "14.12.2020 16:17:14"; VariantName = "[No Variations]"
Add component (AddParameter): Name = "Device Package"; Value = "0603"; VariantName = "[No Variations]"
Add component (AddParameter): Name = "Last Updated"; Value = "27.05.2022 13:46:35"; VariantName = "[No Variations]"
Add component (AddParameter): Name = "LCSC Part Number"; Value = "C160046"; VariantName = "[No Variations]"
Add component (AddParameter): Name = "Live Cycle Status"; Value = "1"; VariantName = "[No Variations]"
Add component (AddParameter): Name = "Manufacturer"; Value = "KOA Speer"; VariantName = "[No Variations]"
Add component (AddParameter): Name = "Manufacturer Part Number"; Value = "RK73H1JTTD49R9F"; VariantName = "[No Variations]"
Add component (AddParameter): Name = "Mounting Type"; Value = "SMD"; VariantName = "[No Variations]"
Add component (AddParameter): Name = "PartID"; Value = "214"; VariantName = "[No Variations]"
Add component (AddParameter): Name = "Stock number"; Value = "not stored"; VariantName = "[No Variations]"
Add component (AddParameter): Name = "Supplier 1"; Value = "Mouser"; VariantName = "[No Variations]"
Add component (AddParameter): Name = "Supplier 2"; Value = "LCSC"; VariantName = "[No Variations]"
Add component (AddParameter): Name = "Supplier Part Number 1"; Value = "660-RK73H1JTTD49R9F"; VariantName = "[No Variations]"
Add component (AddParameter): Name = "Supplier Part Number 2"; Value = "C160046"; VariantName = "[No Variations]"
Add component (AddParameter): Name = "Tolerance"; Value = "1%"; VariantName = "[No Variations]"
Add component (AddParameter): Name = "Type"; Value = "Resistor"; VariantName = "[No Variations]"
Add component (AddParameter): Name = "Value"; Value = "49R9"; VariantName = "[No Variations]"
Added Component: Designator=R20B(RES 0603_1608)
Add component (AddParameter): Name = "Component Type"; Value = "SMD resistor"; VariantName = "[No Variations]"
Add component (AddParameter): Name = "ComponentLink1Description"; Value = "Datasheet"; VariantName = "[No Variations]"
Add component (AddParameter): Name = "ComponentLink1URL"; Value = "https://www.mouser.de/datasheet/2/219/RK73H-1825326.pdf"; VariantName = "[No Variations]"
Add component (AddParameter): Name = "Created from"; Value = "DHufnagel"; VariantName = "[No Variations]"
Add component (AddParameter): Name = "Created On"; Value = "14.12.2020 16:17:14"; VariantName = "[No Variations]"
Add component (AddParameter): Name = "Device Package"; Value = "0603"; VariantName = "[No Variations]"
Add component (AddParameter): Name = "Last Updated"; Value = "27.05.2022 13:46:35"; VariantName = "[No Variations]"
Add component (AddParameter): Name = "LCSC Part Number"; Value = "C160046"; VariantName = "[No Variations]"
Add component (AddParameter): Name = "Live Cycle Status"; Value = "1"; VariantName = "[No Variations]"
Add component (AddParameter): Name = "Manufacturer"; Value = "KOA Speer"; VariantName = "[No Variations]"
Add component (AddParameter): Name = "Manufacturer Part Number"; Value = "RK73H1JTTD49R9F"; VariantName = "[No Variations]"
Add component (AddParameter): Name = "Mounting Type"; Value = "SMD"; VariantName = "[No Variations]"
Add component (AddParameter): Name = "PartID"; Value = "214"; VariantName = "[No Variations]"
Add component (AddParameter): Name = "Stock number"; Value = "not stored"; VariantName = "[No Variations]"
Add component (AddParameter): Name = "Supplier 1"; Value = "Mouser"; VariantName = "[No Variations]"
Add component (AddParameter): Name = "Supplier 2"; Value = "LCSC"; VariantName = "[No Variations]"
Add component (AddParameter): Name = "Supplier Part Number 1"; Value = "660-RK73H1JTTD49R9F"; VariantName = "[No Variations]"
Add component (AddParameter): Name = "Supplier Part Number 2"; Value = "C160046"; VariantName = "[No Variations]"
Add component (AddParameter): Name = "Tolerance"; Value = "1%"; VariantName = "[No Variations]"
Add component (AddParameter): Name = "Type"; Value = "Resistor"; VariantName = "[No Variations]"
Add component (AddParameter): Name = "Value"; Value = "49R9"; VariantName = "[No Variations]"
Added Component: Designator=R20C(RES 0603_1608)
Add component (AddParameter): Name = "Component Type"; Value = "SMD resistor"; VariantName = "[No Variations]"
Add component (AddParameter): Name = "ComponentLink1Description"; Value = "Datasheet"; VariantName = "[No Variations]"
Add component (AddParameter): Name = "ComponentLink1URL"; Value = "https://www.mouser.de/datasheet/2/219/RK73H-1825326.pdf"; VariantName = "[No Variations]"
Add component (AddParameter): Name = "Created from"; Value = "DHufnagel"; VariantName = "[No Variations]"
Add component (AddParameter): Name = "Created On"; Value = "14.12.2020 16:17:14"; VariantName = "[No Variations]"
Add component (AddParameter): Name = "Device Package"; Value = "0603"; VariantName = "[No Variations]"
Add component (AddParameter): Name = "Last Updated"; Value = "27.05.2022 13:46:35"; VariantName = "[No Variations]"
Add component (AddParameter): Name = "LCSC Part Number"; Value = "C160046"; VariantName = "[No Variations]"
Add component (AddParameter): Name = "Live Cycle Status"; Value = "1"; VariantName = "[No Variations]"
Add component (AddParameter): Name = "Manufacturer"; Value = "KOA Speer"; VariantName = "[No Variations]"
Add component (AddParameter): Name = "Manufacturer Part Number"; Value = "RK73H1JTTD49R9F"; VariantName = "[No Variations]"
Add component (AddParameter): Name = "Mounting Type"; Value = "SMD"; VariantName = "[No Variations]"
Add component (AddParameter): Name = "PartID"; Value = "214"; VariantName = "[No Variations]"
Add component (AddParameter): Name = "Stock number"; Value = "not stored"; VariantName = "[No Variations]"
Add component (AddParameter): Name = "Supplier 1"; Value = "Mouser"; VariantName = "[No Variations]"
Add component (AddParameter): Name = "Supplier 2"; Value = "LCSC"; VariantName = "[No Variations]"
Add component (AddParameter): Name = "Supplier Part Number 1"; Value = "660-RK73H1JTTD49R9F"; VariantName = "[No Variations]"
Add component (AddParameter): Name = "Supplier Part Number 2"; Value = "C160046"; VariantName = "[No Variations]"
Add component (AddParameter): Name = "Tolerance"; Value = "1%"; VariantName = "[No Variations]"
Add component (AddParameter): Name = "Type"; Value = "Resistor"; VariantName = "[No Variations]"
Add component (AddParameter): Name = "Value"; Value = "49R9"; VariantName = "[No Variations]"
Added Component: Designator=R21A(RES 0603_1608)
Add component (AddParameter): Name = "Component Type"; Value = "SMD resistor"; VariantName = "[No Variations]"
Add component (AddParameter): Name = "ComponentLink1Description"; Value = "Datasheet"; VariantName = "[No Variations]"
Add component (AddParameter): Name = "ComponentLink1URL"; Value = "https://www.mouser.de/datasheet/2/418/5/ENG_DS_1773270_2_B-1533717.pdf"; VariantName = "[No Variations]"
Add component (AddParameter): Name = "Created from"; Value = "DHufnagel"; VariantName = "[No Variations]"
Add component (AddParameter): Name = "Created On"; Value = "14.12.2020 16:17:14"; VariantName = "[No Variations]"
Add component (AddParameter): Name = "Device Package"; Value = "0603"; VariantName = "[No Variations]"
Add component (AddParameter): Name = "Last Updated"; Value = "21.02.2024 15:51:17"; VariantName = "[No Variations]"
Add component (AddParameter): Name = "LCSC Part Number"; Value = "C95204"; VariantName = "[No Variations]"
Add component (AddParameter): Name = "Live Cycle Status"; Value = "1"; VariantName = "[No Variations]"
Add component (AddParameter): Name = "Manufacturer"; Value = "TE Connectivity"; VariantName = "[No Variations]"
Add component (AddParameter): Name = "Manufacturer Part Number"; Value = "RQ73C1J10KBTD"; VariantName = "[No Variations]"
Add component (AddParameter): Name = "Mounting Type"; Value = "SMD"; VariantName = "[No Variations]"
Add component (AddParameter): Name = "PartID"; Value = "231"; VariantName = "[No Variations]"
Add component (AddParameter): Name = "Stock number"; Value = "not stored"; VariantName = "[No Variations]"
Add component (AddParameter): Name = "Supplier 1"; Value = "Mouser"; VariantName = "[No Variations]"
Add component (AddParameter): Name = "Supplier 2"; Value = "LCSC"; VariantName = "[No Variations]"
Add component (AddParameter): Name = "Supplier Part Number 1"; Value = "279-RQ73C1J10KBTD"; VariantName = "[No Variations]"
Add component (AddParameter): Name = "Supplier Part Number 2"; Value = "C95204"; VariantName = "[No Variations]"
Add component (AddParameter): Name = "Tolerance"; Value = "0.1%"; VariantName = "[No Variations]"
Add component (AddParameter): Name = "Type"; Value = "Resistor"; VariantName = "[No Variations]"
Add component (AddParameter): Name = "Value"; Value = "10k"; VariantName = "[No Variations]"
Added Component: Designator=R21B(RES 0603_1608)
Add component (AddParameter): Name = "Component Type"; Value = "SMD resistor"; VariantName = "[No Variations]"
Add component (AddParameter): Name = "ComponentLink1Description"; Value = "Datasheet"; VariantName = "[No Variations]"
Add component (AddParameter): Name = "ComponentLink1URL"; Value = "https://www.mouser.de/datasheet/2/418/5/ENG_DS_1773270_2_B-1533717.pdf"; VariantName = "[No Variations]"
Add component (AddParameter): Name = "Created from"; Value = "DHufnagel"; VariantName = "[No Variations]"
Add component (AddParameter): Name = "Created On"; Value = "14.12.2020 16:17:14"; VariantName = "[No Variations]"
Add component (AddParameter): Name = "Device Package"; Value = "0603"; VariantName = "[No Variations]"
Add component (AddParameter): Name = "Last Updated"; Value = "21.02.2024 15:51:17"; VariantName = "[No Variations]"
Add component (AddParameter): Name = "LCSC Part Number"; Value = "C95204"; VariantName = "[No Variations]"
Add component (AddParameter): Name = "Live Cycle Status"; Value = "1"; VariantName = "[No Variations]"
Add component (AddParameter): Name = "Manufacturer"; Value = "TE Connectivity"; VariantName = "[No Variations]"
Add component (AddParameter): Name = "Manufacturer Part Number"; Value = "RQ73C1J10KBTD"; VariantName = "[No Variations]"
Add component (AddParameter): Name = "Mounting Type"; Value = "SMD"; VariantName = "[No Variations]"
Add component (AddParameter): Name = "PartID"; Value = "231"; VariantName = "[No Variations]"
Add component (AddParameter): Name = "Stock number"; Value = "not stored"; VariantName = "[No Variations]"
Add component (AddParameter): Name = "Supplier 1"; Value = "Mouser"; VariantName = "[No Variations]"
Add component (AddParameter): Name = "Supplier 2"; Value = "LCSC"; VariantName = "[No Variations]"
Add component (AddParameter): Name = "Supplier Part Number 1"; Value = "279-RQ73C1J10KBTD"; VariantName = "[No Variations]"
Add component (AddParameter): Name = "Supplier Part Number 2"; Value = "C95204"; VariantName = "[No Variations]"
Add component (AddParameter): Name = "Tolerance"; Value = "0.1%"; VariantName = "[No Variations]"
Add component (AddParameter): Name = "Type"; Value = "Resistor"; VariantName = "[No Variations]"
Add component (AddParameter): Name = "Value"; Value = "10k"; VariantName = "[No Variations]"
Added Component: Designator=R21C(RES 0603_1608)
Add component (AddParameter): Name = "Component Type"; Value = "SMD resistor"; VariantName = "[No Variations]"
Add component (AddParameter): Name = "ComponentLink1Description"; Value = "Datasheet"; VariantName = "[No Variations]"
Add component (AddParameter): Name = "ComponentLink1URL"; Value = "https://www.mouser.de/datasheet/2/418/5/ENG_DS_1773270_2_B-1533717.pdf"; VariantName = "[No Variations]"
Add component (AddParameter): Name = "Created from"; Value = "DHufnagel"; VariantName = "[No Variations]"
Add component (AddParameter): Name = "Created On"; Value = "14.12.2020 16:17:14"; VariantName = "[No Variations]"
Add component (AddParameter): Name = "Device Package"; Value = "0603"; VariantName = "[No Variations]"
Add component (AddParameter): Name = "Last Updated"; Value = "21.02.2024 15:51:17"; VariantName = "[No Variations]"
Add component (AddParameter): Name = "LCSC Part Number"; Value = "C95204"; VariantName = "[No Variations]"
Add component (AddParameter): Name = "Live Cycle Status"; Value = "1"; VariantName = "[No Variations]"
Add component (AddParameter): Name = "Manufacturer"; Value = "TE Connectivity"; VariantName = "[No Variations]"
Add component (AddParameter): Name = "Manufacturer Part Number"; Value = "RQ73C1J10KBTD"; VariantName = "[No Variations]"
Add component (AddParameter): Name = "Mounting Type"; Value = "SMD"; VariantName = "[No Variations]"
Add component (AddParameter): Name = "PartID"; Value = "231"; VariantName = "[No Variations]"
Add component (AddParameter): Name = "Stock number"; Value = "not stored"; VariantName = "[No Variations]"
Add component (AddParameter): Name = "Supplier 1"; Value = "Mouser"; VariantName = "[No Variations]"
Add component (AddParameter): Name = "Supplier 2"; Value = "LCSC"; VariantName = "[No Variations]"
Add component (AddParameter): Name = "Supplier Part Number 1"; Value = "279-RQ73C1J10KBTD"; VariantName = "[No Variations]"
Add component (AddParameter): Name = "Supplier Part Number 2"; Value = "C95204"; VariantName = "[No Variations]"
Add component (AddParameter): Name = "Tolerance"; Value = "0.1%"; VariantName = "[No Variations]"
Add component (AddParameter): Name = "Type"; Value = "Resistor"; VariantName = "[No Variations]"
Add component (AddParameter): Name = "Value"; Value = "10k"; VariantName = "[No Variations]"
Added Component: Designator=R22A(RES 0603_1608)
Add component (AddParameter): Name = "Component Type"; Value = "SMD resistor"; VariantName = "[No Variations]"
Add component (AddParameter): Name = "ComponentLink1Description"; Value = "Datasheet"; VariantName = "[No Variations]"
Add component (AddParameter): Name = "ComponentLink1URL"; Value = "https://www.mouser.de/datasheet/2/418/5/ENG_DS_1773270_2_B-1533717.pdf"; VariantName = "[No Variations]"
Add component (AddParameter): Name = "Created from"; Value = "DHufnagel"; VariantName = "[No Variations]"
Add component (AddParameter): Name = "Created On"; Value = "14.12.2020 16:17:14"; VariantName = "[No Variations]"
Add component (AddParameter): Name = "Device Package"; Value = "0603"; VariantName = "[No Variations]"
Add component (AddParameter): Name = "Last Updated"; Value = "21.02.2024 16:00:52"; VariantName = "[No Variations]"
Add component (AddParameter): Name = "LCSC Part Number"; Value = "C326736"; VariantName = "[No Variations]"
Add component (AddParameter): Name = "Live Cycle Status"; Value = "1"; VariantName = "[No Variations]"
Add component (AddParameter): Name = "Manufacturer"; Value = "TE Connectivity / Holsworthy"; VariantName = "[No Variations]"
Add component (AddParameter): Name = "Manufacturer Part Number"; Value = "RQ73C1J110KBTD"; VariantName = "[No Variations]"
Add component (AddParameter): Name = "Mounting Type"; Value = "SMD"; VariantName = "[No Variations]"
Add component (AddParameter): Name = "PartID"; Value = "216"; VariantName = "[No Variations]"
Add component (AddParameter): Name = "Stock number"; Value = "not stored"; VariantName = "[No Variations]"
Add component (AddParameter): Name = "Supplier 1"; Value = "Mouser"; VariantName = "[No Variations]"
Add component (AddParameter): Name = "Supplier 2"; Value = "LCSC"; VariantName = "[No Variations]"
Add component (AddParameter): Name = "Supplier Part Number 1"; Value = "279-RQ73C1J110KBTD"; VariantName = "[No Variations]"
Add component (AddParameter): Name = "Supplier Part Number 2"; Value = "C326736"; VariantName = "[No Variations]"
Add component (AddParameter): Name = "Tolerance"; Value = "0.1%"; VariantName = "[No Variations]"
Add component (AddParameter): Name = "Type"; Value = "Resistor"; VariantName = "[No Variations]"
Add component (AddParameter): Name = "Value"; Value = "110k"; VariantName = "[No Variations]"
Added Component: Designator=R22B(RES 0603_1608)
Add component (AddParameter): Name = "Component Type"; Value = "SMD resistor"; VariantName = "[No Variations]"
Add component (AddParameter): Name = "ComponentLink1Description"; Value = "Datasheet"; VariantName = "[No Variations]"
Add component (AddParameter): Name = "ComponentLink1URL"; Value = "https://www.mouser.de/datasheet/2/418/5/ENG_DS_1773270_2_B-1533717.pdf"; VariantName = "[No Variations]"
Add component (AddParameter): Name = "Created from"; Value = "DHufnagel"; VariantName = "[No Variations]"
Add component (AddParameter): Name = "Created On"; Value = "14.12.2020 16:17:14"; VariantName = "[No Variations]"
Add component (AddParameter): Name = "Device Package"; Value = "0603"; VariantName = "[No Variations]"
Add component (AddParameter): Name = "Last Updated"; Value = "21.02.2024 16:00:52"; VariantName = "[No Variations]"
Add component (AddParameter): Name = "LCSC Part Number"; Value = "C326736"; VariantName = "[No Variations]"
Add component (AddParameter): Name = "Live Cycle Status"; Value = "1"; VariantName = "[No Variations]"
Add component (AddParameter): Name = "Manufacturer"; Value = "TE Connectivity / Holsworthy"; VariantName = "[No Variations]"
Add component (AddParameter): Name = "Manufacturer Part Number"; Value = "RQ73C1J110KBTD"; VariantName = "[No Variations]"
Add component (AddParameter): Name = "Mounting Type"; Value = "SMD"; VariantName = "[No Variations]"
Add component (AddParameter): Name = "PartID"; Value = "216"; VariantName = "[No Variations]"
Add component (AddParameter): Name = "Stock number"; Value = "not stored"; VariantName = "[No Variations]"
Add component (AddParameter): Name = "Supplier 1"; Value = "Mouser"; VariantName = "[No Variations]"
Add component (AddParameter): Name = "Supplier 2"; Value = "LCSC"; VariantName = "[No Variations]"
Add component (AddParameter): Name = "Supplier Part Number 1"; Value = "279-RQ73C1J110KBTD"; VariantName = "[No Variations]"
Add component (AddParameter): Name = "Supplier Part Number 2"; Value = "C326736"; VariantName = "[No Variations]"
Add component (AddParameter): Name = "Tolerance"; Value = "0.1%"; VariantName = "[No Variations]"
Add component (AddParameter): Name = "Type"; Value = "Resistor"; VariantName = "[No Variations]"
Add component (AddParameter): Name = "Value"; Value = "110k"; VariantName = "[No Variations]"
Added Component: Designator=R22C(RES 0603_1608)
Add component (AddParameter): Name = "Component Type"; Value = "SMD resistor"; VariantName = "[No Variations]"
Add component (AddParameter): Name = "ComponentLink1Description"; Value = "Datasheet"; VariantName = "[No Variations]"
Add component (AddParameter): Name = "ComponentLink1URL"; Value = "https://www.mouser.de/datasheet/2/418/5/ENG_DS_1773270_2_B-1533717.pdf"; VariantName = "[No Variations]"
Add component (AddParameter): Name = "Created from"; Value = "DHufnagel"; VariantName = "[No Variations]"
Add component (AddParameter): Name = "Created On"; Value = "14.12.2020 16:17:14"; VariantName = "[No Variations]"
Add component (AddParameter): Name = "Device Package"; Value = "0603"; VariantName = "[No Variations]"
Add component (AddParameter): Name = "Last Updated"; Value = "21.02.2024 16:00:52"; VariantName = "[No Variations]"
Add component (AddParameter): Name = "LCSC Part Number"; Value = "C326736"; VariantName = "[No Variations]"
Add component (AddParameter): Name = "Live Cycle Status"; Value = "1"; VariantName = "[No Variations]"
Add component (AddParameter): Name = "Manufacturer"; Value = "TE Connectivity / Holsworthy"; VariantName = "[No Variations]"
Add component (AddParameter): Name = "Manufacturer Part Number"; Value = "RQ73C1J110KBTD"; VariantName = "[No Variations]"
Add component (AddParameter): Name = "Mounting Type"; Value = "SMD"; VariantName = "[No Variations]"
Add component (AddParameter): Name = "PartID"; Value = "216"; VariantName = "[No Variations]"
Add component (AddParameter): Name = "Stock number"; Value = "not stored"; VariantName = "[No Variations]"
Add component (AddParameter): Name = "Supplier 1"; Value = "Mouser"; VariantName = "[No Variations]"
Add component (AddParameter): Name = "Supplier 2"; Value = "LCSC"; VariantName = "[No Variations]"
Add component (AddParameter): Name = "Supplier Part Number 1"; Value = "279-RQ73C1J110KBTD"; VariantName = "[No Variations]"
Add component (AddParameter): Name = "Supplier Part Number 2"; Value = "C326736"; VariantName = "[No Variations]"
Add component (AddParameter): Name = "Tolerance"; Value = "0.1%"; VariantName = "[No Variations]"
Add component (AddParameter): Name = "Type"; Value = "Resistor"; VariantName = "[No Variations]"
Add component (AddParameter): Name = "Value"; Value = "110k"; VariantName = "[No Variations]"
Added Component: Designator=R23A(RES 0603_1608)
Add component (AddParameter): Name = "Component Type"; Value = "SMD resistor"; VariantName = "[No Variations]"
Add component (AddParameter): Name = "ComponentLink1Description"; Value = "Datasheet"; VariantName = "[No Variations]"
Add component (AddParameter): Name = "ComponentLink1URL"; Value = "https://www.mouser.de/datasheet/2/418/5/ENG_DS_1773270_2_B-1533717.pdf"; VariantName = "[No Variations]"
Add component (AddParameter): Name = "Created from"; Value = "DHufnagel"; VariantName = "[No Variations]"
Add component (AddParameter): Name = "Created On"; Value = "14.12.2020 16:17:14"; VariantName = "[No Variations]"
Add component (AddParameter): Name = "Device Package"; Value = "0603"; VariantName = "[No Variations]"
Add component (AddParameter): Name = "Last Updated"; Value = "21.02.2024 15:51:17"; VariantName = "[No Variations]"
Add component (AddParameter): Name = "LCSC Part Number"; Value = "C95204"; VariantName = "[No Variations]"
Add component (AddParameter): Name = "Live Cycle Status"; Value = "1"; VariantName = "[No Variations]"
Add component (AddParameter): Name = "Manufacturer"; Value = "TE Connectivity"; VariantName = "[No Variations]"
Add component (AddParameter): Name = "Manufacturer Part Number"; Value = "RQ73C1J10KBTD"; VariantName = "[No Variations]"
Add component (AddParameter): Name = "Mounting Type"; Value = "SMD"; VariantName = "[No Variations]"
Add component (AddParameter): Name = "PartID"; Value = "231"; VariantName = "[No Variations]"
Add component (AddParameter): Name = "Stock number"; Value = "not stored"; VariantName = "[No Variations]"
Add component (AddParameter): Name = "Supplier 1"; Value = "Mouser"; VariantName = "[No Variations]"
Add component (AddParameter): Name = "Supplier 2"; Value = "LCSC"; VariantName = "[No Variations]"
Add component (AddParameter): Name = "Supplier Part Number 1"; Value = "279-RQ73C1J10KBTD"; VariantName = "[No Variations]"
Add component (AddParameter): Name = "Supplier Part Number 2"; Value = "C95204"; VariantName = "[No Variations]"
Add component (AddParameter): Name = "Tolerance"; Value = "0.1%"; VariantName = "[No Variations]"
Add component (AddParameter): Name = "Type"; Value = "Resistor"; VariantName = "[No Variations]"
Add component (AddParameter): Name = "Value"; Value = "10k"; VariantName = "[No Variations]"
Added Component: Designator=R23B(RES 0603_1608)
Add component (AddParameter): Name = "Component Type"; Value = "SMD resistor"; VariantName = "[No Variations]"
Add component (AddParameter): Name = "ComponentLink1Description"; Value = "Datasheet"; VariantName = "[No Variations]"
Add component (AddParameter): Name = "ComponentLink1URL"; Value = "https://www.mouser.de/datasheet/2/418/5/ENG_DS_1773270_2_B-1533717.pdf"; VariantName = "[No Variations]"
Add component (AddParameter): Name = "Created from"; Value = "DHufnagel"; VariantName = "[No Variations]"
Add component (AddParameter): Name = "Created On"; Value = "14.12.2020 16:17:14"; VariantName = "[No Variations]"
Add component (AddParameter): Name = "Device Package"; Value = "0603"; VariantName = "[No Variations]"
Add component (AddParameter): Name = "Last Updated"; Value = "21.02.2024 15:51:17"; VariantName = "[No Variations]"
Add component (AddParameter): Name = "LCSC Part Number"; Value = "C95204"; VariantName = "[No Variations]"
Add component (AddParameter): Name = "Live Cycle Status"; Value = "1"; VariantName = "[No Variations]"
Add component (AddParameter): Name = "Manufacturer"; Value = "TE Connectivity"; VariantName = "[No Variations]"
Add component (AddParameter): Name = "Manufacturer Part Number"; Value = "RQ73C1J10KBTD"; VariantName = "[No Variations]"
Add component (AddParameter): Name = "Mounting Type"; Value = "SMD"; VariantName = "[No Variations]"
Add component (AddParameter): Name = "PartID"; Value = "231"; VariantName = "[No Variations]"
Add component (AddParameter): Name = "Stock number"; Value = "not stored"; VariantName = "[No Variations]"
Add component (AddParameter): Name = "Supplier 1"; Value = "Mouser"; VariantName = "[No Variations]"
Add component (AddParameter): Name = "Supplier 2"; Value = "LCSC"; VariantName = "[No Variations]"
Add component (AddParameter): Name = "Supplier Part Number 1"; Value = "279-RQ73C1J10KBTD"; VariantName = "[No Variations]"
Add component (AddParameter): Name = "Supplier Part Number 2"; Value = "C95204"; VariantName = "[No Variations]"
Add component (AddParameter): Name = "Tolerance"; Value = "0.1%"; VariantName = "[No Variations]"
Add component (AddParameter): Name = "Type"; Value = "Resistor"; VariantName = "[No Variations]"
Add component (AddParameter): Name = "Value"; Value = "10k"; VariantName = "[No Variations]"
Added Component: Designator=R23C(RES 0603_1608)
Add component (AddParameter): Name = "Component Type"; Value = "SMD resistor"; VariantName = "[No Variations]"
Add component (AddParameter): Name = "ComponentLink1Description"; Value = "Datasheet"; VariantName = "[No Variations]"
Add component (AddParameter): Name = "ComponentLink1URL"; Value = "https://www.mouser.de/datasheet/2/418/5/ENG_DS_1773270_2_B-1533717.pdf"; VariantName = "[No Variations]"
Add component (AddParameter): Name = "Created from"; Value = "DHufnagel"; VariantName = "[No Variations]"
Add component (AddParameter): Name = "Created On"; Value = "14.12.2020 16:17:14"; VariantName = "[No Variations]"
Add component (AddParameter): Name = "Device Package"; Value = "0603"; VariantName = "[No Variations]"
Add component (AddParameter): Name = "Last Updated"; Value = "21.02.2024 15:51:17"; VariantName = "[No Variations]"
Add component (AddParameter): Name = "LCSC Part Number"; Value = "C95204"; VariantName = "[No Variations]"
Add component (AddParameter): Name = "Live Cycle Status"; Value = "1"; VariantName = "[No Variations]"
Add component (AddParameter): Name = "Manufacturer"; Value = "TE Connectivity"; VariantName = "[No Variations]"
Add component (AddParameter): Name = "Manufacturer Part Number"; Value = "RQ73C1J10KBTD"; VariantName = "[No Variations]"
Add component (AddParameter): Name = "Mounting Type"; Value = "SMD"; VariantName = "[No Variations]"
Add component (AddParameter): Name = "PartID"; Value = "231"; VariantName = "[No Variations]"
Add component (AddParameter): Name = "Stock number"; Value = "not stored"; VariantName = "[No Variations]"
Add component (AddParameter): Name = "Supplier 1"; Value = "Mouser"; VariantName = "[No Variations]"
Add component (AddParameter): Name = "Supplier 2"; Value = "LCSC"; VariantName = "[No Variations]"
Add component (AddParameter): Name = "Supplier Part Number 1"; Value = "279-RQ73C1J10KBTD"; VariantName = "[No Variations]"
Add component (AddParameter): Name = "Supplier Part Number 2"; Value = "C95204"; VariantName = "[No Variations]"
Add component (AddParameter): Name = "Tolerance"; Value = "0.1%"; VariantName = "[No Variations]"
Add component (AddParameter): Name = "Type"; Value = "Resistor"; VariantName = "[No Variations]"
Add component (AddParameter): Name = "Value"; Value = "10k"; VariantName = "[No Variations]"
Added Component: Designator=R24A(RES 0603_1608)
Add component (AddParameter): Name = "Component Type"; Value = "SMD resistor"; VariantName = "[No Variations]"
Add component (AddParameter): Name = "ComponentLink1Description"; Value = "Datasheet"; VariantName = "[No Variations]"
Add component (AddParameter): Name = "ComponentLink1URL"; Value = "https://www.mouser.de/datasheet/2/418/5/ENG_DS_1773270_2_B-1533717.pdf"; VariantName = "[No Variations]"
Add component (AddParameter): Name = "Created from"; Value = "DHufnagel"; VariantName = "[No Variations]"
Add component (AddParameter): Name = "Created On"; Value = "14.12.2020 16:17:14"; VariantName = "[No Variations]"
Add component (AddParameter): Name = "Device Package"; Value = "0603"; VariantName = "[No Variations]"
Add component (AddParameter): Name = "Last Updated"; Value = "21.02.2024 16:00:52"; VariantName = "[No Variations]"
Add component (AddParameter): Name = "LCSC Part Number"; Value = "C326736"; VariantName = "[No Variations]"
Add component (AddParameter): Name = "Live Cycle Status"; Value = "1"; VariantName = "[No Variations]"
Add component (AddParameter): Name = "Manufacturer"; Value = "TE Connectivity / Holsworthy"; VariantName = "[No Variations]"
Add component (AddParameter): Name = "Manufacturer Part Number"; Value = "RQ73C1J110KBTD"; VariantName = "[No Variations]"
Add component (AddParameter): Name = "Mounting Type"; Value = "SMD"; VariantName = "[No Variations]"
Add component (AddParameter): Name = "PartID"; Value = "216"; VariantName = "[No Variations]"
Add component (AddParameter): Name = "Stock number"; Value = "not stored"; VariantName = "[No Variations]"
Add component (AddParameter): Name = "Supplier 1"; Value = "Mouser"; VariantName = "[No Variations]"
Add component (AddParameter): Name = "Supplier 2"; Value = "LCSC"; VariantName = "[No Variations]"
Add component (AddParameter): Name = "Supplier Part Number 1"; Value = "279-RQ73C1J110KBTD"; VariantName = "[No Variations]"
Add component (AddParameter): Name = "Supplier Part Number 2"; Value = "C326736"; VariantName = "[No Variations]"
Add component (AddParameter): Name = "Tolerance"; Value = "0.1%"; VariantName = "[No Variations]"
Add component (AddParameter): Name = "Type"; Value = "Resistor"; VariantName = "[No Variations]"
Add component (AddParameter): Name = "Value"; Value = "110k"; VariantName = "[No Variations]"
Added Component: Designator=R24B(RES 0603_1608)
Add component (AddParameter): Name = "Component Type"; Value = "SMD resistor"; VariantName = "[No Variations]"
Add component (AddParameter): Name = "ComponentLink1Description"; Value = "Datasheet"; VariantName = "[No Variations]"
Add component (AddParameter): Name = "ComponentLink1URL"; Value = "https://www.mouser.de/datasheet/2/418/5/ENG_DS_1773270_2_B-1533717.pdf"; VariantName = "[No Variations]"
Add component (AddParameter): Name = "Created from"; Value = "DHufnagel"; VariantName = "[No Variations]"
Add component (AddParameter): Name = "Created On"; Value = "14.12.2020 16:17:14"; VariantName = "[No Variations]"
Add component (AddParameter): Name = "Device Package"; Value = "0603"; VariantName = "[No Variations]"
Add component (AddParameter): Name = "Last Updated"; Value = "21.02.2024 16:00:52"; VariantName = "[No Variations]"
Add component (AddParameter): Name = "LCSC Part Number"; Value = "C326736"; VariantName = "[No Variations]"
Add component (AddParameter): Name = "Live Cycle Status"; Value = "1"; VariantName = "[No Variations]"
Add component (AddParameter): Name = "Manufacturer"; Value = "TE Connectivity / Holsworthy"; VariantName = "[No Variations]"
Add component (AddParameter): Name = "Manufacturer Part Number"; Value = "RQ73C1J110KBTD"; VariantName = "[No Variations]"
Add component (AddParameter): Name = "Mounting Type"; Value = "SMD"; VariantName = "[No Variations]"
Add component (AddParameter): Name = "PartID"; Value = "216"; VariantName = "[No Variations]"
Add component (AddParameter): Name = "Stock number"; Value = "not stored"; VariantName = "[No Variations]"
Add component (AddParameter): Name = "Supplier 1"; Value = "Mouser"; VariantName = "[No Variations]"
Add component (AddParameter): Name = "Supplier 2"; Value = "LCSC"; VariantName = "[No Variations]"
Add component (AddParameter): Name = "Supplier Part Number 1"; Value = "279-RQ73C1J110KBTD"; VariantName = "[No Variations]"
Add component (AddParameter): Name = "Supplier Part Number 2"; Value = "C326736"; VariantName = "[No Variations]"
Add component (AddParameter): Name = "Tolerance"; Value = "0.1%"; VariantName = "[No Variations]"
Add component (AddParameter): Name = "Type"; Value = "Resistor"; VariantName = "[No Variations]"
Add component (AddParameter): Name = "Value"; Value = "110k"; VariantName = "[No Variations]"
Added Component: Designator=R24C(RES 0603_1608)
Add component (AddParameter): Name = "Component Type"; Value = "SMD resistor"; VariantName = "[No Variations]"
Add component (AddParameter): Name = "ComponentLink1Description"; Value = "Datasheet"; VariantName = "[No Variations]"
Add component (AddParameter): Name = "ComponentLink1URL"; Value = "https://www.mouser.de/datasheet/2/418/5/ENG_DS_1773270_2_B-1533717.pdf"; VariantName = "[No Variations]"
Add component (AddParameter): Name = "Created from"; Value = "DHufnagel"; VariantName = "[No Variations]"
Add component (AddParameter): Name = "Created On"; Value = "14.12.2020 16:17:14"; VariantName = "[No Variations]"
Add component (AddParameter): Name = "Device Package"; Value = "0603"; VariantName = "[No Variations]"
Add component (AddParameter): Name = "Last Updated"; Value = "21.02.2024 16:00:52"; VariantName = "[No Variations]"
Add component (AddParameter): Name = "LCSC Part Number"; Value = "C326736"; VariantName = "[No Variations]"
Add component (AddParameter): Name = "Live Cycle Status"; Value = "1"; VariantName = "[No Variations]"
Add component (AddParameter): Name = "Manufacturer"; Value = "TE Connectivity / Holsworthy"; VariantName = "[No Variations]"
Add component (AddParameter): Name = "Manufacturer Part Number"; Value = "RQ73C1J110KBTD"; VariantName = "[No Variations]"
Add component (AddParameter): Name = "Mounting Type"; Value = "SMD"; VariantName = "[No Variations]"
Add component (AddParameter): Name = "PartID"; Value = "216"; VariantName = "[No Variations]"
Add component (AddParameter): Name = "Stock number"; Value = "not stored"; VariantName = "[No Variations]"
Add component (AddParameter): Name = "Supplier 1"; Value = "Mouser"; VariantName = "[No Variations]"
Add component (AddParameter): Name = "Supplier 2"; Value = "LCSC"; VariantName = "[No Variations]"
Add component (AddParameter): Name = "Supplier Part Number 1"; Value = "279-RQ73C1J110KBTD"; VariantName = "[No Variations]"
Add component (AddParameter): Name = "Supplier Part Number 2"; Value = "C326736"; VariantName = "[No Variations]"
Add component (AddParameter): Name = "Tolerance"; Value = "0.1%"; VariantName = "[No Variations]"
Add component (AddParameter): Name = "Type"; Value = "Resistor"; VariantName = "[No Variations]"
Add component (AddParameter): Name = "Value"; Value = "110k"; VariantName = "[No Variations]"
Added Component: Designator=R25A(RES 0603_1608)
Add component (AddParameter): Name = "Component Type"; Value = "SMD resistor"; VariantName = "[No Variations]"
Add component (AddParameter): Name = "ComponentLink1Description"; Value = "Datasheet"; VariantName = "[No Variations]"
Add component (AddParameter): Name = "ComponentLink1URL"; Value = "https://www.mouser.de/datasheet/2/219/RK73H-1825326.pdf"; VariantName = "[No Variations]"
Add component (AddParameter): Name = "Created from"; Value = "DHufnagel"; VariantName = "[No Variations]"
Add component (AddParameter): Name = "Created On"; Value = "14.12.2020 16:17:14"; VariantName = "[No Variations]"
Add component (AddParameter): Name = "Device Package"; Value = "0603"; VariantName = "[No Variations]"
Add component (AddParameter): Name = "Last Updated"; Value = "27.05.2022 13:46:35"; VariantName = "[No Variations]"
Add component (AddParameter): Name = "LCSC Part Number"; Value = "C160046"; VariantName = "[No Variations]"
Add component (AddParameter): Name = "Live Cycle Status"; Value = "1"; VariantName = "[No Variations]"
Add component (AddParameter): Name = "Manufacturer"; Value = "KOA Speer"; VariantName = "[No Variations]"
Add component (AddParameter): Name = "Manufacturer Part Number"; Value = "RK73H1JTTD49R9F"; VariantName = "[No Variations]"
Add component (AddParameter): Name = "Mounting Type"; Value = "SMD"; VariantName = "[No Variations]"
Add component (AddParameter): Name = "PartID"; Value = "214"; VariantName = "[No Variations]"
Add component (AddParameter): Name = "Stock number"; Value = "not stored"; VariantName = "[No Variations]"
Add component (AddParameter): Name = "Supplier 1"; Value = "Mouser"; VariantName = "[No Variations]"
Add component (AddParameter): Name = "Supplier 2"; Value = "LCSC"; VariantName = "[No Variations]"
Add component (AddParameter): Name = "Supplier Part Number 1"; Value = "660-RK73H1JTTD49R9F"; VariantName = "[No Variations]"
Add component (AddParameter): Name = "Supplier Part Number 2"; Value = "C160046"; VariantName = "[No Variations]"
Add component (AddParameter): Name = "Tolerance"; Value = "1%"; VariantName = "[No Variations]"
Add component (AddParameter): Name = "Type"; Value = "Resistor"; VariantName = "[No Variations]"
Add component (AddParameter): Name = "Value"; Value = "49R9"; VariantName = "[No Variations]"
Added Component: Designator=R25B(RES 0603_1608)
Add component (AddParameter): Name = "Component Type"; Value = "SMD resistor"; VariantName = "[No Variations]"
Add component (AddParameter): Name = "ComponentLink1Description"; Value = "Datasheet"; VariantName = "[No Variations]"
Add component (AddParameter): Name = "ComponentLink1URL"; Value = "https://www.mouser.de/datasheet/2/219/RK73H-1825326.pdf"; VariantName = "[No Variations]"
Add component (AddParameter): Name = "Created from"; Value = "DHufnagel"; VariantName = "[No Variations]"
Add component (AddParameter): Name = "Created On"; Value = "14.12.2020 16:17:14"; VariantName = "[No Variations]"
Add component (AddParameter): Name = "Device Package"; Value = "0603"; VariantName = "[No Variations]"
Add component (AddParameter): Name = "Last Updated"; Value = "27.05.2022 13:46:35"; VariantName = "[No Variations]"
Add component (AddParameter): Name = "LCSC Part Number"; Value = "C160046"; VariantName = "[No Variations]"
Add component (AddParameter): Name = "Live Cycle Status"; Value = "1"; VariantName = "[No Variations]"
Add component (AddParameter): Name = "Manufacturer"; Value = "KOA Speer"; VariantName = "[No Variations]"
Add component (AddParameter): Name = "Manufacturer Part Number"; Value = "RK73H1JTTD49R9F"; VariantName = "[No Variations]"
Add component (AddParameter): Name = "Mounting Type"; Value = "SMD"; VariantName = "[No Variations]"
Add component (AddParameter): Name = "PartID"; Value = "214"; VariantName = "[No Variations]"
Add component (AddParameter): Name = "Stock number"; Value = "not stored"; VariantName = "[No Variations]"
Add component (AddParameter): Name = "Supplier 1"; Value = "Mouser"; VariantName = "[No Variations]"
Add component (AddParameter): Name = "Supplier 2"; Value = "LCSC"; VariantName = "[No Variations]"
Add component (AddParameter): Name = "Supplier Part Number 1"; Value = "660-RK73H1JTTD49R9F"; VariantName = "[No Variations]"
Add component (AddParameter): Name = "Supplier Part Number 2"; Value = "C160046"; VariantName = "[No Variations]"
Add component (AddParameter): Name = "Tolerance"; Value = "1%"; VariantName = "[No Variations]"
Add component (AddParameter): Name = "Type"; Value = "Resistor"; VariantName = "[No Variations]"
Add component (AddParameter): Name = "Value"; Value = "49R9"; VariantName = "[No Variations]"
Added Component: Designator=R25C(RES 0603_1608)
Add component (AddParameter): Name = "Component Type"; Value = "SMD resistor"; VariantName = "[No Variations]"
Add component (AddParameter): Name = "ComponentLink1Description"; Value = "Datasheet"; VariantName = "[No Variations]"
Add component (AddParameter): Name = "ComponentLink1URL"; Value = "https://www.mouser.de/datasheet/2/219/RK73H-1825326.pdf"; VariantName = "[No Variations]"
Add component (AddParameter): Name = "Created from"; Value = "DHufnagel"; VariantName = "[No Variations]"
Add component (AddParameter): Name = "Created On"; Value = "14.12.2020 16:17:14"; VariantName = "[No Variations]"
Add component (AddParameter): Name = "Device Package"; Value = "0603"; VariantName = "[No Variations]"
Add component (AddParameter): Name = "Last Updated"; Value = "27.05.2022 13:46:35"; VariantName = "[No Variations]"
Add component (AddParameter): Name = "LCSC Part Number"; Value = "C160046"; VariantName = "[No Variations]"
Add component (AddParameter): Name = "Live Cycle Status"; Value = "1"; VariantName = "[No Variations]"
Add component (AddParameter): Name = "Manufacturer"; Value = "KOA Speer"; VariantName = "[No Variations]"
Add component (AddParameter): Name = "Manufacturer Part Number"; Value = "RK73H1JTTD49R9F"; VariantName = "[No Variations]"
Add component (AddParameter): Name = "Mounting Type"; Value = "SMD"; VariantName = "[No Variations]"
Add component (AddParameter): Name = "PartID"; Value = "214"; VariantName = "[No Variations]"
Add component (AddParameter): Name = "Stock number"; Value = "not stored"; VariantName = "[No Variations]"
Add component (AddParameter): Name = "Supplier 1"; Value = "Mouser"; VariantName = "[No Variations]"
Add component (AddParameter): Name = "Supplier 2"; Value = "LCSC"; VariantName = "[No Variations]"
Add component (AddParameter): Name = "Supplier Part Number 1"; Value = "660-RK73H1JTTD49R9F"; VariantName = "[No Variations]"
Add component (AddParameter): Name = "Supplier Part Number 2"; Value = "C160046"; VariantName = "[No Variations]"
Add component (AddParameter): Name = "Tolerance"; Value = "1%"; VariantName = "[No Variations]"
Add component (AddParameter): Name = "Type"; Value = "Resistor"; VariantName = "[No Variations]"
Add component (AddParameter): Name = "Value"; Value = "49R9"; VariantName = "[No Variations]"
Added Component: Designator=R26A(RES 0603_1608)
Add component (AddParameter): Name = "Component Type"; Value = "SMD resistor"; VariantName = "[No Variations]"
Add component (AddParameter): Name = "ComponentLink1Description"; Value = "Datasheet"; VariantName = "[No Variations]"
Add component (AddParameter): Name = "ComponentLink1URL"; Value = "https://www.mouser.de/datasheet/2/219/RK73H-1825326.pdf"; VariantName = "[No Variations]"
Add component (AddParameter): Name = "Created from"; Value = "DHufnagel"; VariantName = "[No Variations]"
Add component (AddParameter): Name = "Created On"; Value = "14.12.2020 16:17:14"; VariantName = "[No Variations]"
Add component (AddParameter): Name = "Device Package"; Value = "0603"; VariantName = "[No Variations]"
Add component (AddParameter): Name = "Last Updated"; Value = "27.05.2022 13:46:35"; VariantName = "[No Variations]"
Add component (AddParameter): Name = "LCSC Part Number"; Value = "C160046"; VariantName = "[No Variations]"
Add component (AddParameter): Name = "Live Cycle Status"; Value = "1"; VariantName = "[No Variations]"
Add component (AddParameter): Name = "Manufacturer"; Value = "KOA Speer"; VariantName = "[No Variations]"
Add component (AddParameter): Name = "Manufacturer Part Number"; Value = "RK73H1JTTD49R9F"; VariantName = "[No Variations]"
Add component (AddParameter): Name = "Mounting Type"; Value = "SMD"; VariantName = "[No Variations]"
Add component (AddParameter): Name = "PartID"; Value = "214"; VariantName = "[No Variations]"
Add component (AddParameter): Name = "Stock number"; Value = "not stored"; VariantName = "[No Variations]"
Add component (AddParameter): Name = "Supplier 1"; Value = "Mouser"; VariantName = "[No Variations]"
Add component (AddParameter): Name = "Supplier 2"; Value = "LCSC"; VariantName = "[No Variations]"
Add component (AddParameter): Name = "Supplier Part Number 1"; Value = "660-RK73H1JTTD49R9F"; VariantName = "[No Variations]"
Add component (AddParameter): Name = "Supplier Part Number 2"; Value = "C160046"; VariantName = "[No Variations]"
Add component (AddParameter): Name = "Tolerance"; Value = "1%"; VariantName = "[No Variations]"
Add component (AddParameter): Name = "Type"; Value = "Resistor"; VariantName = "[No Variations]"
Add component (AddParameter): Name = "Value"; Value = "49R9"; VariantName = "[No Variations]"
Added Component: Designator=R26B(RES 0603_1608)
Add component (AddParameter): Name = "Component Type"; Value = "SMD resistor"; VariantName = "[No Variations]"
Add component (AddParameter): Name = "ComponentLink1Description"; Value = "Datasheet"; VariantName = "[No Variations]"
Add component (AddParameter): Name = "ComponentLink1URL"; Value = "https://www.mouser.de/datasheet/2/219/RK73H-1825326.pdf"; VariantName = "[No Variations]"
Add component (AddParameter): Name = "Created from"; Value = "DHufnagel"; VariantName = "[No Variations]"
Add component (AddParameter): Name = "Created On"; Value = "14.12.2020 16:17:14"; VariantName = "[No Variations]"
Add component (AddParameter): Name = "Device Package"; Value = "0603"; VariantName = "[No Variations]"
Add component (AddParameter): Name = "Last Updated"; Value = "27.05.2022 13:46:35"; VariantName = "[No Variations]"
Add component (AddParameter): Name = "LCSC Part Number"; Value = "C160046"; VariantName = "[No Variations]"
Add component (AddParameter): Name = "Live Cycle Status"; Value = "1"; VariantName = "[No Variations]"
Add component (AddParameter): Name = "Manufacturer"; Value = "KOA Speer"; VariantName = "[No Variations]"
Add component (AddParameter): Name = "Manufacturer Part Number"; Value = "RK73H1JTTD49R9F"; VariantName = "[No Variations]"
Add component (AddParameter): Name = "Mounting Type"; Value = "SMD"; VariantName = "[No Variations]"
Add component (AddParameter): Name = "PartID"; Value = "214"; VariantName = "[No Variations]"
Add component (AddParameter): Name = "Stock number"; Value = "not stored"; VariantName = "[No Variations]"
Add component (AddParameter): Name = "Supplier 1"; Value = "Mouser"; VariantName = "[No Variations]"
Add component (AddParameter): Name = "Supplier 2"; Value = "LCSC"; VariantName = "[No Variations]"
Add component (AddParameter): Name = "Supplier Part Number 1"; Value = "660-RK73H1JTTD49R9F"; VariantName = "[No Variations]"
Add component (AddParameter): Name = "Supplier Part Number 2"; Value = "C160046"; VariantName = "[No Variations]"
Add component (AddParameter): Name = "Tolerance"; Value = "1%"; VariantName = "[No Variations]"
Add component (AddParameter): Name = "Type"; Value = "Resistor"; VariantName = "[No Variations]"
Add component (AddParameter): Name = "Value"; Value = "49R9"; VariantName = "[No Variations]"
Added Component: Designator=R26C(RES 0603_1608)
Add component (AddParameter): Name = "Component Type"; Value = "SMD resistor"; VariantName = "[No Variations]"
Add component (AddParameter): Name = "ComponentLink1Description"; Value = "Datasheet"; VariantName = "[No Variations]"
Add component (AddParameter): Name = "ComponentLink1URL"; Value = "https://www.mouser.de/datasheet/2/219/RK73H-1825326.pdf"; VariantName = "[No Variations]"
Add component (AddParameter): Name = "Created from"; Value = "DHufnagel"; VariantName = "[No Variations]"
Add component (AddParameter): Name = "Created On"; Value = "14.12.2020 16:17:14"; VariantName = "[No Variations]"
Add component (AddParameter): Name = "Device Package"; Value = "0603"; VariantName = "[No Variations]"
Add component (AddParameter): Name = "Last Updated"; Value = "27.05.2022 13:46:35"; VariantName = "[No Variations]"
Add component (AddParameter): Name = "LCSC Part Number"; Value = "C160046"; VariantName = "[No Variations]"
Add component (AddParameter): Name = "Live Cycle Status"; Value = "1"; VariantName = "[No Variations]"
Add component (AddParameter): Name = "Manufacturer"; Value = "KOA Speer"; VariantName = "[No Variations]"
Add component (AddParameter): Name = "Manufacturer Part Number"; Value = "RK73H1JTTD49R9F"; VariantName = "[No Variations]"
Add component (AddParameter): Name = "Mounting Type"; Value = "SMD"; VariantName = "[No Variations]"
Add component (AddParameter): Name = "PartID"; Value = "214"; VariantName = "[No Variations]"
Add component (AddParameter): Name = "Stock number"; Value = "not stored"; VariantName = "[No Variations]"
Add component (AddParameter): Name = "Supplier 1"; Value = "Mouser"; VariantName = "[No Variations]"
Add component (AddParameter): Name = "Supplier 2"; Value = "LCSC"; VariantName = "[No Variations]"
Add component (AddParameter): Name = "Supplier Part Number 1"; Value = "660-RK73H1JTTD49R9F"; VariantName = "[No Variations]"
Add component (AddParameter): Name = "Supplier Part Number 2"; Value = "C160046"; VariantName = "[No Variations]"
Add component (AddParameter): Name = "Tolerance"; Value = "1%"; VariantName = "[No Variations]"
Add component (AddParameter): Name = "Type"; Value = "Resistor"; VariantName = "[No Variations]"
Add component (AddParameter): Name = "Value"; Value = "49R9"; VariantName = "[No Variations]"
Added Component: Designator=R27A(RES 0603_1608)
Add component (AddParameter): Name = "Component Type"; Value = "SMD resistor"; VariantName = "[No Variations]"
Add component (AddParameter): Name = "ComponentLink1Description"; Value = "Datasheet"; VariantName = "[No Variations]"
Add component (AddParameter): Name = "ComponentLink1URL"; Value = "https://www.mouser.de/datasheet/2/418/5/ENG_DS_1773270_2_B-1533717.pdf"; VariantName = "[No Variations]"
Add component (AddParameter): Name = "Created from"; Value = "DHufnagel"; VariantName = "[No Variations]"
Add component (AddParameter): Name = "Created On"; Value = "14.12.2020 16:17:14"; VariantName = "[No Variations]"
Add component (AddParameter): Name = "Device Package"; Value = "0603"; VariantName = "[No Variations]"
Add component (AddParameter): Name = "Last Updated"; Value = "21.02.2024 16:00:52"; VariantName = "[No Variations]"
Add component (AddParameter): Name = "LCSC Part Number"; Value = "C326736"; VariantName = "[No Variations]"
Add component (AddParameter): Name = "Live Cycle Status"; Value = "1"; VariantName = "[No Variations]"
Add component (AddParameter): Name = "Manufacturer"; Value = "TE Connectivity / Holsworthy"; VariantName = "[No Variations]"
Add component (AddParameter): Name = "Manufacturer Part Number"; Value = "RQ73C1J110KBTD"; VariantName = "[No Variations]"
Add component (AddParameter): Name = "Mounting Type"; Value = "SMD"; VariantName = "[No Variations]"
Add component (AddParameter): Name = "PartID"; Value = "216"; VariantName = "[No Variations]"
Add component (AddParameter): Name = "Stock number"; Value = "not stored"; VariantName = "[No Variations]"
Add component (AddParameter): Name = "Supplier 1"; Value = "Mouser"; VariantName = "[No Variations]"
Add component (AddParameter): Name = "Supplier 2"; Value = "LCSC"; VariantName = "[No Variations]"
Add component (AddParameter): Name = "Supplier Part Number 1"; Value = "279-RQ73C1J110KBTD"; VariantName = "[No Variations]"
Add component (AddParameter): Name = "Supplier Part Number 2"; Value = "C326736"; VariantName = "[No Variations]"
Add component (AddParameter): Name = "Tolerance"; Value = "0.1%"; VariantName = "[No Variations]"
Add component (AddParameter): Name = "Type"; Value = "Resistor"; VariantName = "[No Variations]"
Add component (AddParameter): Name = "Value"; Value = "110k"; VariantName = "[No Variations]"
Added Component: Designator=R27B(RES 0603_1608)
Add component (AddParameter): Name = "Component Type"; Value = "SMD resistor"; VariantName = "[No Variations]"
Add component (AddParameter): Name = "ComponentLink1Description"; Value = "Datasheet"; VariantName = "[No Variations]"
Add component (AddParameter): Name = "ComponentLink1URL"; Value = "https://www.mouser.de/datasheet/2/418/5/ENG_DS_1773270_2_B-1533717.pdf"; VariantName = "[No Variations]"
Add component (AddParameter): Name = "Created from"; Value = "DHufnagel"; VariantName = "[No Variations]"
Add component (AddParameter): Name = "Created On"; Value = "14.12.2020 16:17:14"; VariantName = "[No Variations]"
Add component (AddParameter): Name = "Device Package"; Value = "0603"; VariantName = "[No Variations]"
Add component (AddParameter): Name = "Last Updated"; Value = "21.02.2024 16:00:52"; VariantName = "[No Variations]"
Add component (AddParameter): Name = "LCSC Part Number"; Value = "C326736"; VariantName = "[No Variations]"
Add component (AddParameter): Name = "Live Cycle Status"; Value = "1"; VariantName = "[No Variations]"
Add component (AddParameter): Name = "Manufacturer"; Value = "TE Connectivity / Holsworthy"; VariantName = "[No Variations]"
Add component (AddParameter): Name = "Manufacturer Part Number"; Value = "RQ73C1J110KBTD"; VariantName = "[No Variations]"
Add component (AddParameter): Name = "Mounting Type"; Value = "SMD"; VariantName = "[No Variations]"
Add component (AddParameter): Name = "PartID"; Value = "216"; VariantName = "[No Variations]"
Add component (AddParameter): Name = "Stock number"; Value = "not stored"; VariantName = "[No Variations]"
Add component (AddParameter): Name = "Supplier 1"; Value = "Mouser"; VariantName = "[No Variations]"
Add component (AddParameter): Name = "Supplier 2"; Value = "LCSC"; VariantName = "[No Variations]"
Add component (AddParameter): Name = "Supplier Part Number 1"; Value = "279-RQ73C1J110KBTD"; VariantName = "[No Variations]"
Add component (AddParameter): Name = "Supplier Part Number 2"; Value = "C326736"; VariantName = "[No Variations]"
Add component (AddParameter): Name = "Tolerance"; Value = "0.1%"; VariantName = "[No Variations]"
Add component (AddParameter): Name = "Type"; Value = "Resistor"; VariantName = "[No Variations]"
Add component (AddParameter): Name = "Value"; Value = "110k"; VariantName = "[No Variations]"
Added Component: Designator=R27C(RES 0603_1608)
Add component (AddParameter): Name = "Component Type"; Value = "SMD resistor"; VariantName = "[No Variations]"
Add component (AddParameter): Name = "ComponentLink1Description"; Value = "Datasheet"; VariantName = "[No Variations]"
Add component (AddParameter): Name = "ComponentLink1URL"; Value = "https://www.mouser.de/datasheet/2/418/5/ENG_DS_1773270_2_B-1533717.pdf"; VariantName = "[No Variations]"
Add component (AddParameter): Name = "Created from"; Value = "DHufnagel"; VariantName = "[No Variations]"
Add component (AddParameter): Name = "Created On"; Value = "14.12.2020 16:17:14"; VariantName = "[No Variations]"
Add component (AddParameter): Name = "Device Package"; Value = "0603"; VariantName = "[No Variations]"
Add component (AddParameter): Name = "Last Updated"; Value = "21.02.2024 16:00:52"; VariantName = "[No Variations]"
Add component (AddParameter): Name = "LCSC Part Number"; Value = "C326736"; VariantName = "[No Variations]"
Add component (AddParameter): Name = "Live Cycle Status"; Value = "1"; VariantName = "[No Variations]"
Add component (AddParameter): Name = "Manufacturer"; Value = "TE Connectivity / Holsworthy"; VariantName = "[No Variations]"
Add component (AddParameter): Name = "Manufacturer Part Number"; Value = "RQ73C1J110KBTD"; VariantName = "[No Variations]"
Add component (AddParameter): Name = "Mounting Type"; Value = "SMD"; VariantName = "[No Variations]"
Add component (AddParameter): Name = "PartID"; Value = "216"; VariantName = "[No Variations]"
Add component (AddParameter): Name = "Stock number"; Value = "not stored"; VariantName = "[No Variations]"
Add component (AddParameter): Name = "Supplier 1"; Value = "Mouser"; VariantName = "[No Variations]"
Add component (AddParameter): Name = "Supplier 2"; Value = "LCSC"; VariantName = "[No Variations]"
Add component (AddParameter): Name = "Supplier Part Number 1"; Value = "279-RQ73C1J110KBTD"; VariantName = "[No Variations]"
Add component (AddParameter): Name = "Supplier Part Number 2"; Value = "C326736"; VariantName = "[No Variations]"
Add component (AddParameter): Name = "Tolerance"; Value = "0.1%"; VariantName = "[No Variations]"
Add component (AddParameter): Name = "Type"; Value = "Resistor"; VariantName = "[No Variations]"
Add component (AddParameter): Name = "Value"; Value = "110k"; VariantName = "[No Variations]"
Added Component: Designator=R28A(RES 0603_1608)
Add component (AddParameter): Name = "Component Type"; Value = "SMD resistor"; VariantName = "[No Variations]"
Add component (AddParameter): Name = "ComponentLink1Description"; Value = "Datasheet"; VariantName = "[No Variations]"
Add component (AddParameter): Name = "ComponentLink1URL"; Value = "https://www.mouser.de/datasheet/2/418/5/ENG_DS_1773270_2_B-1533717.pdf"; VariantName = "[No Variations]"
Add component (AddParameter): Name = "Created from"; Value = "DHufnagel"; VariantName = "[No Variations]"
Add component (AddParameter): Name = "Created On"; Value = "14.12.2020 16:17:14"; VariantName = "[No Variations]"
Add component (AddParameter): Name = "Device Package"; Value = "0603"; VariantName = "[No Variations]"
Add component (AddParameter): Name = "Last Updated"; Value = "21.02.2024 15:51:17"; VariantName = "[No Variations]"
Add component (AddParameter): Name = "LCSC Part Number"; Value = "C95204"; VariantName = "[No Variations]"
Add component (AddParameter): Name = "Live Cycle Status"; Value = "1"; VariantName = "[No Variations]"
Add component (AddParameter): Name = "Manufacturer"; Value = "TE Connectivity"; VariantName = "[No Variations]"
Add component (AddParameter): Name = "Manufacturer Part Number"; Value = "RQ73C1J10KBTD"; VariantName = "[No Variations]"
Add component (AddParameter): Name = "Mounting Type"; Value = "SMD"; VariantName = "[No Variations]"
Add component (AddParameter): Name = "PartID"; Value = "231"; VariantName = "[No Variations]"
Add component (AddParameter): Name = "Stock number"; Value = "not stored"; VariantName = "[No Variations]"
Add component (AddParameter): Name = "Supplier 1"; Value = "Mouser"; VariantName = "[No Variations]"
Add component (AddParameter): Name = "Supplier 2"; Value = "LCSC"; VariantName = "[No Variations]"
Add component (AddParameter): Name = "Supplier Part Number 1"; Value = "279-RQ73C1J10KBTD"; VariantName = "[No Variations]"
Add component (AddParameter): Name = "Supplier Part Number 2"; Value = "C95204"; VariantName = "[No Variations]"
Add component (AddParameter): Name = "Tolerance"; Value = "0.1%"; VariantName = "[No Variations]"
Add component (AddParameter): Name = "Type"; Value = "Resistor"; VariantName = "[No Variations]"
Add component (AddParameter): Name = "Value"; Value = "10k"; VariantName = "[No Variations]"
Added Component: Designator=R28B(RES 0603_1608)
Add component (AddParameter): Name = "Component Type"; Value = "SMD resistor"; VariantName = "[No Variations]"
Add component (AddParameter): Name = "ComponentLink1Description"; Value = "Datasheet"; VariantName = "[No Variations]"
Add component (AddParameter): Name = "ComponentLink1URL"; Value = "https://www.mouser.de/datasheet/2/418/5/ENG_DS_1773270_2_B-1533717.pdf"; VariantName = "[No Variations]"
Add component (AddParameter): Name = "Created from"; Value = "DHufnagel"; VariantName = "[No Variations]"
Add component (AddParameter): Name = "Created On"; Value = "14.12.2020 16:17:14"; VariantName = "[No Variations]"
Add component (AddParameter): Name = "Device Package"; Value = "0603"; VariantName = "[No Variations]"
Add component (AddParameter): Name = "Last Updated"; Value = "21.02.2024 15:51:17"; VariantName = "[No Variations]"
Add component (AddParameter): Name = "LCSC Part Number"; Value = "C95204"; VariantName = "[No Variations]"
Add component (AddParameter): Name = "Live Cycle Status"; Value = "1"; VariantName = "[No Variations]"
Add component (AddParameter): Name = "Manufacturer"; Value = "TE Connectivity"; VariantName = "[No Variations]"
Add component (AddParameter): Name = "Manufacturer Part Number"; Value = "RQ73C1J10KBTD"; VariantName = "[No Variations]"
Add component (AddParameter): Name = "Mounting Type"; Value = "SMD"; VariantName = "[No Variations]"
Add component (AddParameter): Name = "PartID"; Value = "231"; VariantName = "[No Variations]"
Add component (AddParameter): Name = "Stock number"; Value = "not stored"; VariantName = "[No Variations]"
Add component (AddParameter): Name = "Supplier 1"; Value = "Mouser"; VariantName = "[No Variations]"
Add component (AddParameter): Name = "Supplier 2"; Value = "LCSC"; VariantName = "[No Variations]"
Add component (AddParameter): Name = "Supplier Part Number 1"; Value = "279-RQ73C1J10KBTD"; VariantName = "[No Variations]"
Add component (AddParameter): Name = "Supplier Part Number 2"; Value = "C95204"; VariantName = "[No Variations]"
Add component (AddParameter): Name = "Tolerance"; Value = "0.1%"; VariantName = "[No Variations]"
Add component (AddParameter): Name = "Type"; Value = "Resistor"; VariantName = "[No Variations]"
Add component (AddParameter): Name = "Value"; Value = "10k"; VariantName = "[No Variations]"
Added Component: Designator=R28C(RES 0603_1608)
Add component (AddParameter): Name = "Component Type"; Value = "SMD resistor"; VariantName = "[No Variations]"
Add component (AddParameter): Name = "ComponentLink1Description"; Value = "Datasheet"; VariantName = "[No Variations]"
Add component (AddParameter): Name = "ComponentLink1URL"; Value = "https://www.mouser.de/datasheet/2/418/5/ENG_DS_1773270_2_B-1533717.pdf"; VariantName = "[No Variations]"
Add component (AddParameter): Name = "Created from"; Value = "DHufnagel"; VariantName = "[No Variations]"
Add component (AddParameter): Name = "Created On"; Value = "14.12.2020 16:17:14"; VariantName = "[No Variations]"
Add component (AddParameter): Name = "Device Package"; Value = "0603"; VariantName = "[No Variations]"
Add component (AddParameter): Name = "Last Updated"; Value = "21.02.2024 15:51:17"; VariantName = "[No Variations]"
Add component (AddParameter): Name = "LCSC Part Number"; Value = "C95204"; VariantName = "[No Variations]"
Add component (AddParameter): Name = "Live Cycle Status"; Value = "1"; VariantName = "[No Variations]"
Add component (AddParameter): Name = "Manufacturer"; Value = "TE Connectivity"; VariantName = "[No Variations]"
Add component (AddParameter): Name = "Manufacturer Part Number"; Value = "RQ73C1J10KBTD"; VariantName = "[No Variations]"
Add component (AddParameter): Name = "Mounting Type"; Value = "SMD"; VariantName = "[No Variations]"
Add component (AddParameter): Name = "PartID"; Value = "231"; VariantName = "[No Variations]"
Add component (AddParameter): Name = "Stock number"; Value = "not stored"; VariantName = "[No Variations]"
Add component (AddParameter): Name = "Supplier 1"; Value = "Mouser"; VariantName = "[No Variations]"
Add component (AddParameter): Name = "Supplier 2"; Value = "LCSC"; VariantName = "[No Variations]"
Add component (AddParameter): Name = "Supplier Part Number 1"; Value = "279-RQ73C1J10KBTD"; VariantName = "[No Variations]"
Add component (AddParameter): Name = "Supplier Part Number 2"; Value = "C95204"; VariantName = "[No Variations]"
Add component (AddParameter): Name = "Tolerance"; Value = "0.1%"; VariantName = "[No Variations]"
Add component (AddParameter): Name = "Type"; Value = "Resistor"; VariantName = "[No Variations]"
Add component (AddParameter): Name = "Value"; Value = "10k"; VariantName = "[No Variations]"
Added Component: Designator=R29A(RES 0603_1608)
Add component (AddParameter): Name = "Component Type"; Value = "SMD resistor"; VariantName = "[No Variations]"
Add component (AddParameter): Name = "ComponentLink1Description"; Value = "Datasheet"; VariantName = "[No Variations]"
Add component (AddParameter): Name = "ComponentLink1URL"; Value = "https://www.mouser.de/datasheet/2/219/RK73B-1825463.pdf"; VariantName = "[No Variations]"
Add component (AddParameter): Name = "Created from"; Value = "MGremer"; VariantName = "[No Variations]"
Add component (AddParameter): Name = "Created On"; Value = "14.12.2020 16:17:14"; VariantName = "[No Variations]"
Add component (AddParameter): Name = "Device Package"; Value = "0603"; VariantName = "[No Variations]"
Add component (AddParameter): Name = "Last Updated"; Value = "27.05.2022 14:04:22"; VariantName = "[No Variations]"
Add component (AddParameter): Name = "LCSC Part Number"; Value = "C25804"; VariantName = "[No Variations]"
Add component (AddParameter): Name = "Live Cycle Status"; Value = "1"; VariantName = "[No Variations]"
Add component (AddParameter): Name = "Manufacturer"; Value = "KOA Speer"; VariantName = "[No Variations]"
Add component (AddParameter): Name = "Manufacturer Part Number"; Value = "RK73B1JTTD103J"; VariantName = "[No Variations]"
Add component (AddParameter): Name = "Mounting Type"; Value = "SMD"; VariantName = "[No Variations]"
Add component (AddParameter): Name = "PartID"; Value = "98"; VariantName = "[No Variations]"
Add component (AddParameter): Name = "Stock number"; Value = "Labor SMD Container"; VariantName = "[No Variations]"
Add component (AddParameter): Name = "Supplier 1"; Value = "Mouser"; VariantName = "[No Variations]"
Add component (AddParameter): Name = "Supplier Part Number 1"; Value = "660-RK73B1JTTD103J"; VariantName = "[No Variations]"
Add component (AddParameter): Name = "Tolerance"; Value = "5%"; VariantName = "[No Variations]"
Add component (AddParameter): Name = "Type"; Value = "Resistor"; VariantName = "[No Variations]"
Add component (AddParameter): Name = "Value"; Value = "10k"; VariantName = "[No Variations]"
Added Component: Designator=R29B(RES 0603_1608)
Add component (AddParameter): Name = "Component Type"; Value = "SMD resistor"; VariantName = "[No Variations]"
Add component (AddParameter): Name = "ComponentLink1Description"; Value = "Datasheet"; VariantName = "[No Variations]"
Add component (AddParameter): Name = "ComponentLink1URL"; Value = "https://www.mouser.de/datasheet/2/219/RK73B-1825463.pdf"; VariantName = "[No Variations]"
Add component (AddParameter): Name = "Created from"; Value = "MGremer"; VariantName = "[No Variations]"
Add component (AddParameter): Name = "Created On"; Value = "14.12.2020 16:17:14"; VariantName = "[No Variations]"
Add component (AddParameter): Name = "Device Package"; Value = "0603"; VariantName = "[No Variations]"
Add component (AddParameter): Name = "Last Updated"; Value = "27.05.2022 14:04:22"; VariantName = "[No Variations]"
Add component (AddParameter): Name = "LCSC Part Number"; Value = "C25804"; VariantName = "[No Variations]"
Add component (AddParameter): Name = "Live Cycle Status"; Value = "1"; VariantName = "[No Variations]"
Add component (AddParameter): Name = "Manufacturer"; Value = "KOA Speer"; VariantName = "[No Variations]"
Add component (AddParameter): Name = "Manufacturer Part Number"; Value = "RK73B1JTTD103J"; VariantName = "[No Variations]"
Add component (AddParameter): Name = "Mounting Type"; Value = "SMD"; VariantName = "[No Variations]"
Add component (AddParameter): Name = "PartID"; Value = "98"; VariantName = "[No Variations]"
Add component (AddParameter): Name = "Stock number"; Value = "Labor SMD Container"; VariantName = "[No Variations]"
Add component (AddParameter): Name = "Supplier 1"; Value = "Mouser"; VariantName = "[No Variations]"
Add component (AddParameter): Name = "Supplier Part Number 1"; Value = "660-RK73B1JTTD103J"; VariantName = "[No Variations]"
Add component (AddParameter): Name = "Tolerance"; Value = "5%"; VariantName = "[No Variations]"
Add component (AddParameter): Name = "Type"; Value = "Resistor"; VariantName = "[No Variations]"
Add component (AddParameter): Name = "Value"; Value = "10k"; VariantName = "[No Variations]"
Added Component: Designator=R29C(RES 0603_1608)
Add component (AddParameter): Name = "Component Type"; Value = "SMD resistor"; VariantName = "[No Variations]"
Add component (AddParameter): Name = "ComponentLink1Description"; Value = "Datasheet"; VariantName = "[No Variations]"
Add component (AddParameter): Name = "ComponentLink1URL"; Value = "https://www.mouser.de/datasheet/2/219/RK73B-1825463.pdf"; VariantName = "[No Variations]"
Add component (AddParameter): Name = "Created from"; Value = "MGremer"; VariantName = "[No Variations]"
Add component (AddParameter): Name = "Created On"; Value = "14.12.2020 16:17:14"; VariantName = "[No Variations]"
Add component (AddParameter): Name = "Device Package"; Value = "0603"; VariantName = "[No Variations]"
Add component (AddParameter): Name = "Last Updated"; Value = "27.05.2022 14:04:22"; VariantName = "[No Variations]"
Add component (AddParameter): Name = "LCSC Part Number"; Value = "C25804"; VariantName = "[No Variations]"
Add component (AddParameter): Name = "Live Cycle Status"; Value = "1"; VariantName = "[No Variations]"
Add component (AddParameter): Name = "Manufacturer"; Value = "KOA Speer"; VariantName = "[No Variations]"
Add component (AddParameter): Name = "Manufacturer Part Number"; Value = "RK73B1JTTD103J"; VariantName = "[No Variations]"
Add component (AddParameter): Name = "Mounting Type"; Value = "SMD"; VariantName = "[No Variations]"
Add component (AddParameter): Name = "PartID"; Value = "98"; VariantName = "[No Variations]"
Add component (AddParameter): Name = "Stock number"; Value = "Labor SMD Container"; VariantName = "[No Variations]"
Add component (AddParameter): Name = "Supplier 1"; Value = "Mouser"; VariantName = "[No Variations]"
Add component (AddParameter): Name = "Supplier Part Number 1"; Value = "660-RK73B1JTTD103J"; VariantName = "[No Variations]"
Add component (AddParameter): Name = "Tolerance"; Value = "5%"; VariantName = "[No Variations]"
Add component (AddParameter): Name = "Type"; Value = "Resistor"; VariantName = "[No Variations]"
Add component (AddParameter): Name = "Value"; Value = "10k"; VariantName = "[No Variations]"
Added Component: Designator=R30A(RES 0603_1608)
Add component (AddParameter): Name = "Component Type"; Value = "SMD resistor"; VariantName = "[No Variations]"
Add component (AddParameter): Name = "ComponentLink1Description"; Value = "Datasheet"; VariantName = "[No Variations]"
Add component (AddParameter): Name = "ComponentLink1URL"; Value = "https://www.mouser.de/datasheet/2/219/RK73B-1825463.pdf"; VariantName = "[No Variations]"
Add component (AddParameter): Name = "Created from"; Value = "MGremer"; VariantName = "[No Variations]"
Add component (AddParameter): Name = "Created On"; Value = "14.12.2020 16:17:14"; VariantName = "[No Variations]"
Add component (AddParameter): Name = "Device Package"; Value = "0603"; VariantName = "[No Variations]"
Add component (AddParameter): Name = "Last Updated"; Value = "27.05.2022 13:42:48"; VariantName = "[No Variations]"
Add component (AddParameter): Name = "LCSC Part Number"; Value = "C4184"; VariantName = "[No Variations]"
Add component (AddParameter): Name = "Live Cycle Status"; Value = "1"; VariantName = "[No Variations]"
Add component (AddParameter): Name = "Manufacturer"; Value = "KOA Speer"; VariantName = "[No Variations]"
Add component (AddParameter): Name = "Manufacturer Part Number"; Value = "RK73B1JTTD203J"; VariantName = "[No Variations]"
Add component (AddParameter): Name = "Mounting Type"; Value = "SMD"; VariantName = "[No Variations]"
Add component (AddParameter): Name = "PartID"; Value = "105"; VariantName = "[No Variations]"
Add component (AddParameter): Name = "Stock number"; Value = "Labor SMD Container"; VariantName = "[No Variations]"
Add component (AddParameter): Name = "Supplier 1"; Value = "Mouser"; VariantName = "[No Variations]"
Add component (AddParameter): Name = "Supplier Part Number 1"; Value = "660-RK73B1JTTD203J"; VariantName = "[No Variations]"
Add component (AddParameter): Name = "Tolerance"; Value = "5%"; VariantName = "[No Variations]"
Add component (AddParameter): Name = "Type"; Value = "Resistor"; VariantName = "[No Variations]"
Add component (AddParameter): Name = "Value"; Value = "20k"; VariantName = "[No Variations]"
Added Component: Designator=R30B(RES 0603_1608)
Add component (AddParameter): Name = "Component Type"; Value = "SMD resistor"; VariantName = "[No Variations]"
Add component (AddParameter): Name = "ComponentLink1Description"; Value = "Datasheet"; VariantName = "[No Variations]"
Add component (AddParameter): Name = "ComponentLink1URL"; Value = "https://www.mouser.de/datasheet/2/219/RK73B-1825463.pdf"; VariantName = "[No Variations]"
Add component (AddParameter): Name = "Created from"; Value = "MGremer"; VariantName = "[No Variations]"
Add component (AddParameter): Name = "Created On"; Value = "14.12.2020 16:17:14"; VariantName = "[No Variations]"
Add component (AddParameter): Name = "Device Package"; Value = "0603"; VariantName = "[No Variations]"
Add component (AddParameter): Name = "Last Updated"; Value = "27.05.2022 13:42:48"; VariantName = "[No Variations]"
Add component (AddParameter): Name = "LCSC Part Number"; Value = "C4184"; VariantName = "[No Variations]"
Add component (AddParameter): Name = "Live Cycle Status"; Value = "1"; VariantName = "[No Variations]"
Add component (AddParameter): Name = "Manufacturer"; Value = "KOA Speer"; VariantName = "[No Variations]"
Add component (AddParameter): Name = "Manufacturer Part Number"; Value = "RK73B1JTTD203J"; VariantName = "[No Variations]"
Add component (AddParameter): Name = "Mounting Type"; Value = "SMD"; VariantName = "[No Variations]"
Add component (AddParameter): Name = "PartID"; Value = "105"; VariantName = "[No Variations]"
Add component (AddParameter): Name = "Stock number"; Value = "Labor SMD Container"; VariantName = "[No Variations]"
Add component (AddParameter): Name = "Supplier 1"; Value = "Mouser"; VariantName = "[No Variations]"
Add component (AddParameter): Name = "Supplier Part Number 1"; Value = "660-RK73B1JTTD203J"; VariantName = "[No Variations]"
Add component (AddParameter): Name = "Tolerance"; Value = "5%"; VariantName = "[No Variations]"
Add component (AddParameter): Name = "Type"; Value = "Resistor"; VariantName = "[No Variations]"
Add component (AddParameter): Name = "Value"; Value = "20k"; VariantName = "[No Variations]"
Added Component: Designator=R30C(RES 0603_1608)
Add component (AddParameter): Name = "Component Type"; Value = "SMD resistor"; VariantName = "[No Variations]"
Add component (AddParameter): Name = "ComponentLink1Description"; Value = "Datasheet"; VariantName = "[No Variations]"
Add component (AddParameter): Name = "ComponentLink1URL"; Value = "https://www.mouser.de/datasheet/2/219/RK73B-1825463.pdf"; VariantName = "[No Variations]"
Add component (AddParameter): Name = "Created from"; Value = "MGremer"; VariantName = "[No Variations]"
Add component (AddParameter): Name = "Created On"; Value = "14.12.2020 16:17:14"; VariantName = "[No Variations]"
Add component (AddParameter): Name = "Device Package"; Value = "0603"; VariantName = "[No Variations]"
Add component (AddParameter): Name = "Last Updated"; Value = "27.05.2022 13:42:48"; VariantName = "[No Variations]"
Add component (AddParameter): Name = "LCSC Part Number"; Value = "C4184"; VariantName = "[No Variations]"
Add component (AddParameter): Name = "Live Cycle Status"; Value = "1"; VariantName = "[No Variations]"
Add component (AddParameter): Name = "Manufacturer"; Value = "KOA Speer"; VariantName = "[No Variations]"
Add component (AddParameter): Name = "Manufacturer Part Number"; Value = "RK73B1JTTD203J"; VariantName = "[No Variations]"
Add component (AddParameter): Name = "Mounting Type"; Value = "SMD"; VariantName = "[No Variations]"
Add component (AddParameter): Name = "PartID"; Value = "105"; VariantName = "[No Variations]"
Add component (AddParameter): Name = "Stock number"; Value = "Labor SMD Container"; VariantName = "[No Variations]"
Add component (AddParameter): Name = "Supplier 1"; Value = "Mouser"; VariantName = "[No Variations]"
Add component (AddParameter): Name = "Supplier Part Number 1"; Value = "660-RK73B1JTTD203J"; VariantName = "[No Variations]"
Add component (AddParameter): Name = "Tolerance"; Value = "5%"; VariantName = "[No Variations]"
Add component (AddParameter): Name = "Type"; Value = "Resistor"; VariantName = "[No Variations]"
Add component (AddParameter): Name = "Value"; Value = "20k"; VariantName = "[No Variations]"
Added Component: Designator=R31A(RES 0603_1608)
Add component (AddParameter): Name = "Component Type"; Value = "SMD resistor"; VariantName = "[No Variations]"
Add component (AddParameter): Name = "ComponentLink1Description"; Value = "Datasheet"; VariantName = "[No Variations]"
Add component (AddParameter): Name = "ComponentLink1URL"; Value = "https://www.mouser.de/datasheet/2/54/cr-1858361.pdf"; VariantName = "[No Variations]"
Add component (AddParameter): Name = "Created from"; Value = "DHufnagel"; VariantName = "[No Variations]"
Add component (AddParameter): Name = "Created On"; Value = "25.07.2022 08:26:35"; VariantName = "[No Variations]"
Add component (AddParameter): Name = "Device Package"; Value = "0603"; VariantName = "[No Variations]"
Add component (AddParameter): Name = "Last Updated"; Value = "21.02.2024 16:03:36"; VariantName = "[No Variations]"
Add component (AddParameter): Name = "LCSC Part Number"; Value = "C141685"; VariantName = "[No Variations]"
Add component (AddParameter): Name = "Live Cycle Status"; Value = "1"; VariantName = "[No Variations]"
Add component (AddParameter): Name = "Manufacturer"; Value = "Bourns"; VariantName = "[No Variations]"
Add component (AddParameter): Name = "Manufacturer Part Number"; Value = "CR0603-FX-1053ELF"; VariantName = "[No Variations]"
Add component (AddParameter): Name = "Mounting Type"; Value = "SMD"; VariantName = "[No Variations]"
Add component (AddParameter): Name = "PartID"; Value = "232"; VariantName = "[No Variations]"
Add component (AddParameter): Name = "Stock number"; Value = "not stored"; VariantName = "[No Variations]"
Add component (AddParameter): Name = "Supplier 1"; Value = "Mouser"; VariantName = "[No Variations]"
Add component (AddParameter): Name = "Supplier 2"; Value = "LCSC"; VariantName = "[No Variations]"
Add component (AddParameter): Name = "Supplier Part Number 1"; Value = "652-CR0603-FX1053ELF"; VariantName = "[No Variations]"
Add component (AddParameter): Name = "Supplier Part Number 2"; Value = "C141685"; VariantName = "[No Variations]"
Add component (AddParameter): Name = "Tolerance"; Value = "1%"; VariantName = "[No Variations]"
Add component (AddParameter): Name = "Type"; Value = "Resistor"; VariantName = "[No Variations]"
Add component (AddParameter): Name = "Value"; Value = "105k"; VariantName = "[No Variations]"
Added Component: Designator=R31B(RES 0603_1608)
Add component (AddParameter): Name = "Component Type"; Value = "SMD resistor"; VariantName = "[No Variations]"
Add component (AddParameter): Name = "ComponentLink1Description"; Value = "Datasheet"; VariantName = "[No Variations]"
Add component (AddParameter): Name = "ComponentLink1URL"; Value = "https://www.mouser.de/datasheet/2/54/cr-1858361.pdf"; VariantName = "[No Variations]"
Add component (AddParameter): Name = "Created from"; Value = "DHufnagel"; VariantName = "[No Variations]"
Add component (AddParameter): Name = "Created On"; Value = "25.07.2022 08:26:35"; VariantName = "[No Variations]"
Add component (AddParameter): Name = "Device Package"; Value = "0603"; VariantName = "[No Variations]"
Add component (AddParameter): Name = "Last Updated"; Value = "21.02.2024 16:03:36"; VariantName = "[No Variations]"
Add component (AddParameter): Name = "LCSC Part Number"; Value = "C141685"; VariantName = "[No Variations]"
Add component (AddParameter): Name = "Live Cycle Status"; Value = "1"; VariantName = "[No Variations]"
Add component (AddParameter): Name = "Manufacturer"; Value = "Bourns"; VariantName = "[No Variations]"
Add component (AddParameter): Name = "Manufacturer Part Number"; Value = "CR0603-FX-1053ELF"; VariantName = "[No Variations]"
Add component (AddParameter): Name = "Mounting Type"; Value = "SMD"; VariantName = "[No Variations]"
Add component (AddParameter): Name = "PartID"; Value = "232"; VariantName = "[No Variations]"
Add component (AddParameter): Name = "Stock number"; Value = "not stored"; VariantName = "[No Variations]"
Add component (AddParameter): Name = "Supplier 1"; Value = "Mouser"; VariantName = "[No Variations]"
Add component (AddParameter): Name = "Supplier 2"; Value = "LCSC"; VariantName = "[No Variations]"
Add component (AddParameter): Name = "Supplier Part Number 1"; Value = "652-CR0603-FX1053ELF"; VariantName = "[No Variations]"
Add component (AddParameter): Name = "Supplier Part Number 2"; Value = "C141685"; VariantName = "[No Variations]"
Add component (AddParameter): Name = "Tolerance"; Value = "1%"; VariantName = "[No Variations]"
Add component (AddParameter): Name = "Type"; Value = "Resistor"; VariantName = "[No Variations]"
Add component (AddParameter): Name = "Value"; Value = "105k"; VariantName = "[No Variations]"
Added Component: Designator=R31C(RES 0603_1608)
Add component (AddParameter): Name = "Component Type"; Value = "SMD resistor"; VariantName = "[No Variations]"
Add component (AddParameter): Name = "ComponentLink1Description"; Value = "Datasheet"; VariantName = "[No Variations]"
Add component (AddParameter): Name = "ComponentLink1URL"; Value = "https://www.mouser.de/datasheet/2/54/cr-1858361.pdf"; VariantName = "[No Variations]"
Add component (AddParameter): Name = "Created from"; Value = "DHufnagel"; VariantName = "[No Variations]"
Add component (AddParameter): Name = "Created On"; Value = "25.07.2022 08:26:35"; VariantName = "[No Variations]"
Add component (AddParameter): Name = "Device Package"; Value = "0603"; VariantName = "[No Variations]"
Add component (AddParameter): Name = "Last Updated"; Value = "21.02.2024 16:03:36"; VariantName = "[No Variations]"
Add component (AddParameter): Name = "LCSC Part Number"; Value = "C141685"; VariantName = "[No Variations]"
Add component (AddParameter): Name = "Live Cycle Status"; Value = "1"; VariantName = "[No Variations]"
Add component (AddParameter): Name = "Manufacturer"; Value = "Bourns"; VariantName = "[No Variations]"
Add component (AddParameter): Name = "Manufacturer Part Number"; Value = "CR0603-FX-1053ELF"; VariantName = "[No Variations]"
Add component (AddParameter): Name = "Mounting Type"; Value = "SMD"; VariantName = "[No Variations]"
Add component (AddParameter): Name = "PartID"; Value = "232"; VariantName = "[No Variations]"
Add component (AddParameter): Name = "Stock number"; Value = "not stored"; VariantName = "[No Variations]"
Add component (AddParameter): Name = "Supplier 1"; Value = "Mouser"; VariantName = "[No Variations]"
Add component (AddParameter): Name = "Supplier 2"; Value = "LCSC"; VariantName = "[No Variations]"
Add component (AddParameter): Name = "Supplier Part Number 1"; Value = "652-CR0603-FX1053ELF"; VariantName = "[No Variations]"
Add component (AddParameter): Name = "Supplier Part Number 2"; Value = "C141685"; VariantName = "[No Variations]"
Add component (AddParameter): Name = "Tolerance"; Value = "1%"; VariantName = "[No Variations]"
Add component (AddParameter): Name = "Type"; Value = "Resistor"; VariantName = "[No Variations]"
Add component (AddParameter): Name = "Value"; Value = "105k"; VariantName = "[No Variations]"
Added Component: Designator=R32A(RES 0603_1608)
Add component (AddParameter): Name = "Component Type"; Value = "SMD resistor"; VariantName = "[No Variations]"
Add component (AddParameter): Name = "ComponentLink1Description"; Value = "Datasheet"; VariantName = "[No Variations]"
Add component (AddParameter): Name = "ComponentLink1URL"; Value = "https://www.mouser.de/datasheet/2/54/cr-1858361.pdf"; VariantName = "[No Variations]"
Add component (AddParameter): Name = "Created from"; Value = "DHufnagel"; VariantName = "[No Variations]"
Add component (AddParameter): Name = "Created On"; Value = "25.07.2022 08:26:35"; VariantName = "[No Variations]"
Add component (AddParameter): Name = "Device Package"; Value = "0603"; VariantName = "[No Variations]"
Add component (AddParameter): Name = "Last Updated"; Value = "21.02.2024 16:06:06"; VariantName = "[No Variations]"
Add component (AddParameter): Name = "LCSC Part Number"; Value = "C861797"; VariantName = "[No Variations]"
Add component (AddParameter): Name = "Live Cycle Status"; Value = "1"; VariantName = "[No Variations]"
Add component (AddParameter): Name = "Manufacturer"; Value = "Bourns"; VariantName = "[No Variations]"
Add component (AddParameter): Name = "Manufacturer Part Number"; Value = "CR0603-FX-2803ELF"; VariantName = "[No Variations]"
Add component (AddParameter): Name = "Mounting Type"; Value = "SMD"; VariantName = "[No Variations]"
Add component (AddParameter): Name = "PartID"; Value = "233"; VariantName = "[No Variations]"
Add component (AddParameter): Name = "Stock number"; Value = "not stored"; VariantName = "[No Variations]"
Add component (AddParameter): Name = "Supplier 1"; Value = "Mouser"; VariantName = "[No Variations]"
Add component (AddParameter): Name = "Supplier 2"; Value = "LCSC"; VariantName = "[No Variations]"
Add component (AddParameter): Name = "Supplier Part Number 1"; Value = "652-CR0603-FX2803ELF"; VariantName = "[No Variations]"
Add component (AddParameter): Name = "Supplier Part Number 2"; Value = "C861797"; VariantName = "[No Variations]"
Add component (AddParameter): Name = "Tolerance"; Value = "1%"; VariantName = "[No Variations]"
Add component (AddParameter): Name = "Type"; Value = "Resistor"; VariantName = "[No Variations]"
Add component (AddParameter): Name = "Value"; Value = "280k"; VariantName = "[No Variations]"
Added Component: Designator=R32B(RES 0603_1608)
Add component (AddParameter): Name = "Component Type"; Value = "SMD resistor"; VariantName = "[No Variations]"
Add component (AddParameter): Name = "ComponentLink1Description"; Value = "Datasheet"; VariantName = "[No Variations]"
Add component (AddParameter): Name = "ComponentLink1URL"; Value = "https://www.mouser.de/datasheet/2/54/cr-1858361.pdf"; VariantName = "[No Variations]"
Add component (AddParameter): Name = "Created from"; Value = "DHufnagel"; VariantName = "[No Variations]"
Add component (AddParameter): Name = "Created On"; Value = "25.07.2022 08:26:35"; VariantName = "[No Variations]"
Add component (AddParameter): Name = "Device Package"; Value = "0603"; VariantName = "[No Variations]"
Add component (AddParameter): Name = "Last Updated"; Value = "21.02.2024 16:06:06"; VariantName = "[No Variations]"
Add component (AddParameter): Name = "LCSC Part Number"; Value = "C861797"; VariantName = "[No Variations]"
Add component (AddParameter): Name = "Live Cycle Status"; Value = "1"; VariantName = "[No Variations]"
Add component (AddParameter): Name = "Manufacturer"; Value = "Bourns"; VariantName = "[No Variations]"
Add component (AddParameter): Name = "Manufacturer Part Number"; Value = "CR0603-FX-2803ELF"; VariantName = "[No Variations]"
Add component (AddParameter): Name = "Mounting Type"; Value = "SMD"; VariantName = "[No Variations]"
Add component (AddParameter): Name = "PartID"; Value = "233"; VariantName = "[No Variations]"
Add component (AddParameter): Name = "Stock number"; Value = "not stored"; VariantName = "[No Variations]"
Add component (AddParameter): Name = "Supplier 1"; Value = "Mouser"; VariantName = "[No Variations]"
Add component (AddParameter): Name = "Supplier 2"; Value = "LCSC"; VariantName = "[No Variations]"
Add component (AddParameter): Name = "Supplier Part Number 1"; Value = "652-CR0603-FX2803ELF"; VariantName = "[No Variations]"
Add component (AddParameter): Name = "Supplier Part Number 2"; Value = "C861797"; VariantName = "[No Variations]"
Add component (AddParameter): Name = "Tolerance"; Value = "1%"; VariantName = "[No Variations]"
Add component (AddParameter): Name = "Type"; Value = "Resistor"; VariantName = "[No Variations]"
Add component (AddParameter): Name = "Value"; Value = "280k"; VariantName = "[No Variations]"
Added Component: Designator=R32C(RES 0603_1608)
Add component (AddParameter): Name = "Component Type"; Value = "SMD resistor"; VariantName = "[No Variations]"
Add component (AddParameter): Name = "ComponentLink1Description"; Value = "Datasheet"; VariantName = "[No Variations]"
Add component (AddParameter): Name = "ComponentLink1URL"; Value = "https://www.mouser.de/datasheet/2/54/cr-1858361.pdf"; VariantName = "[No Variations]"
Add component (AddParameter): Name = "Created from"; Value = "DHufnagel"; VariantName = "[No Variations]"
Add component (AddParameter): Name = "Created On"; Value = "25.07.2022 08:26:35"; VariantName = "[No Variations]"
Add component (AddParameter): Name = "Device Package"; Value = "0603"; VariantName = "[No Variations]"
Add component (AddParameter): Name = "Last Updated"; Value = "21.02.2024 16:06:06"; VariantName = "[No Variations]"
Add component (AddParameter): Name = "LCSC Part Number"; Value = "C861797"; VariantName = "[No Variations]"
Add component (AddParameter): Name = "Live Cycle Status"; Value = "1"; VariantName = "[No Variations]"
Add component (AddParameter): Name = "Manufacturer"; Value = "Bourns"; VariantName = "[No Variations]"
Add component (AddParameter): Name = "Manufacturer Part Number"; Value = "CR0603-FX-2803ELF"; VariantName = "[No Variations]"
Add component (AddParameter): Name = "Mounting Type"; Value = "SMD"; VariantName = "[No Variations]"
Add component (AddParameter): Name = "PartID"; Value = "233"; VariantName = "[No Variations]"
Add component (AddParameter): Name = "Stock number"; Value = "not stored"; VariantName = "[No Variations]"
Add component (AddParameter): Name = "Supplier 1"; Value = "Mouser"; VariantName = "[No Variations]"
Add component (AddParameter): Name = "Supplier 2"; Value = "LCSC"; VariantName = "[No Variations]"
Add component (AddParameter): Name = "Supplier Part Number 1"; Value = "652-CR0603-FX2803ELF"; VariantName = "[No Variations]"
Add component (AddParameter): Name = "Supplier Part Number 2"; Value = "C861797"; VariantName = "[No Variations]"
Add component (AddParameter): Name = "Tolerance"; Value = "1%"; VariantName = "[No Variations]"
Add component (AddParameter): Name = "Type"; Value = "Resistor"; VariantName = "[No Variations]"
Add component (AddParameter): Name = "Value"; Value = "280k"; VariantName = "[No Variations]"
Added Component: Designator=R33A(RES 0805_2012)
Add component (AddParameter): Name = "Component Type"; Value = "SMD resistor"; VariantName = "[No Variations]"
Add component (AddParameter): Name = "ComponentLink1Description"; Value = "Datasheet"; VariantName = "[No Variations]"
Add component (AddParameter): Name = "ComponentLink1URL"; Value = "https://www.mouser.de/datasheet/2/315/AOA0000C304-1149620.pdf"; VariantName = "[No Variations]"
Add component (AddParameter): Name = "Created from"; Value = "MGremer"; VariantName = "[No Variations]"
Add component (AddParameter): Name = "Created On"; Value = "14.12.2020 16:17:14"; VariantName = "[No Variations]"
Add component (AddParameter): Name = "Device Package"; Value = "0805"; VariantName = "[No Variations]"
Add component (AddParameter): Name = "Last Updated"; Value = "15.02.2023 18:07:29"; VariantName = "[No Variations]"
Add component (AddParameter): Name = "LCSC Part Number"; Value = "C228683"; VariantName = "[No Variations]"
Add component (AddParameter): Name = "Live Cycle Status"; Value = "1"; VariantName = "[No Variations]"
Add component (AddParameter): Name = "Manufacturer"; Value = "Panasonic"; VariantName = "[No Variations]"
Add component (AddParameter): Name = "Manufacturer Part Number"; Value = "ERJ-6ENF2873V"; VariantName = "[No Variations]"
Add component (AddParameter): Name = "Mounting Type"; Value = "SMD"; VariantName = "[No Variations]"
Add component (AddParameter): Name = "PartID"; Value = "154"; VariantName = "[No Variations]"
Add component (AddParameter): Name = "Stock number"; Value = "not stored"; VariantName = "[No Variations]"
Add component (AddParameter): Name = "Supplier 1"; Value = "Mouser"; VariantName = "[No Variations]"
Add component (AddParameter): Name = "Supplier Part Number 1"; Value = "667-ERJ-6ENF2873V"; VariantName = "[No Variations]"
Add component (AddParameter): Name = "Tolerance"; Value = "1%"; VariantName = "[No Variations]"
Add component (AddParameter): Name = "Type"; Value = "Resistor"; VariantName = "[No Variations]"
Add component (AddParameter): Name = "Value"; Value = "287k"; VariantName = "[No Variations]"
Added Component: Designator=R33B(RES 0805_2012)
Add component (AddParameter): Name = "Component Type"; Value = "SMD resistor"; VariantName = "[No Variations]"
Add component (AddParameter): Name = "ComponentLink1Description"; Value = "Datasheet"; VariantName = "[No Variations]"
Add component (AddParameter): Name = "ComponentLink1URL"; Value = "https://www.mouser.de/datasheet/2/315/AOA0000C304-1149620.pdf"; VariantName = "[No Variations]"
Add component (AddParameter): Name = "Created from"; Value = "MGremer"; VariantName = "[No Variations]"
Add component (AddParameter): Name = "Created On"; Value = "14.12.2020 16:17:14"; VariantName = "[No Variations]"
Add component (AddParameter): Name = "Device Package"; Value = "0805"; VariantName = "[No Variations]"
Add component (AddParameter): Name = "Last Updated"; Value = "15.02.2023 18:07:29"; VariantName = "[No Variations]"
Add component (AddParameter): Name = "LCSC Part Number"; Value = "C228683"; VariantName = "[No Variations]"
Add component (AddParameter): Name = "Live Cycle Status"; Value = "1"; VariantName = "[No Variations]"
Add component (AddParameter): Name = "Manufacturer"; Value = "Panasonic"; VariantName = "[No Variations]"
Add component (AddParameter): Name = "Manufacturer Part Number"; Value = "ERJ-6ENF2873V"; VariantName = "[No Variations]"
Add component (AddParameter): Name = "Mounting Type"; Value = "SMD"; VariantName = "[No Variations]"
Add component (AddParameter): Name = "PartID"; Value = "154"; VariantName = "[No Variations]"
Add component (AddParameter): Name = "Stock number"; Value = "not stored"; VariantName = "[No Variations]"
Add component (AddParameter): Name = "Supplier 1"; Value = "Mouser"; VariantName = "[No Variations]"
Add component (AddParameter): Name = "Supplier Part Number 1"; Value = "667-ERJ-6ENF2873V"; VariantName = "[No Variations]"
Add component (AddParameter): Name = "Tolerance"; Value = "1%"; VariantName = "[No Variations]"
Add component (AddParameter): Name = "Type"; Value = "Resistor"; VariantName = "[No Variations]"
Add component (AddParameter): Name = "Value"; Value = "287k"; VariantName = "[No Variations]"
Added Component: Designator=R33C(RES 0805_2012)
Add component (AddParameter): Name = "Component Type"; Value = "SMD resistor"; VariantName = "[No Variations]"
Add component (AddParameter): Name = "ComponentLink1Description"; Value = "Datasheet"; VariantName = "[No Variations]"
Add component (AddParameter): Name = "ComponentLink1URL"; Value = "https://www.mouser.de/datasheet/2/315/AOA0000C304-1149620.pdf"; VariantName = "[No Variations]"
Add component (AddParameter): Name = "Created from"; Value = "MGremer"; VariantName = "[No Variations]"
Add component (AddParameter): Name = "Created On"; Value = "14.12.2020 16:17:14"; VariantName = "[No Variations]"
Add component (AddParameter): Name = "Device Package"; Value = "0805"; VariantName = "[No Variations]"
Add component (AddParameter): Name = "Last Updated"; Value = "15.02.2023 18:07:29"; VariantName = "[No Variations]"
Add component (AddParameter): Name = "LCSC Part Number"; Value = "C228683"; VariantName = "[No Variations]"
Add component (AddParameter): Name = "Live Cycle Status"; Value = "1"; VariantName = "[No Variations]"
Add component (AddParameter): Name = "Manufacturer"; Value = "Panasonic"; VariantName = "[No Variations]"
Add component (AddParameter): Name = "Manufacturer Part Number"; Value = "ERJ-6ENF2873V"; VariantName = "[No Variations]"
Add component (AddParameter): Name = "Mounting Type"; Value = "SMD"; VariantName = "[No Variations]"
Add component (AddParameter): Name = "PartID"; Value = "154"; VariantName = "[No Variations]"
Add component (AddParameter): Name = "Stock number"; Value = "not stored"; VariantName = "[No Variations]"
Add component (AddParameter): Name = "Supplier 1"; Value = "Mouser"; VariantName = "[No Variations]"
Add component (AddParameter): Name = "Supplier Part Number 1"; Value = "667-ERJ-6ENF2873V"; VariantName = "[No Variations]"
Add component (AddParameter): Name = "Tolerance"; Value = "1%"; VariantName = "[No Variations]"
Add component (AddParameter): Name = "Type"; Value = "Resistor"; VariantName = "[No Variations]"
Add component (AddParameter): Name = "Value"; Value = "287k"; VariantName = "[No Variations]"
Added Component: Designator=R34A(RES 0603_1608)
Add component (AddParameter): Name = "Component Type"; Value = "SMD resistor"; VariantName = "[No Variations]"
Add component (AddParameter): Name = "ComponentLink1Description"; Value = "Datasheet"; VariantName = "[No Variations]"
Add component (AddParameter): Name = "ComponentLink1URL"; Value = "https://www.mouser.de/datasheet/2/54/cr-1858361.pdf"; VariantName = "[No Variations]"
Add component (AddParameter): Name = "Created from"; Value = "DHufnagel"; VariantName = "[No Variations]"
Add component (AddParameter): Name = "Created On"; Value = "25.07.2022 08:26:35"; VariantName = "[No Variations]"
Add component (AddParameter): Name = "Device Package"; Value = "0603"; VariantName = "[No Variations]"
Add component (AddParameter): Name = "Last Updated"; Value = "15.02.2023 18:14:05"; VariantName = "[No Variations]"
Add component (AddParameter): Name = "LCSC Part Number"; Value = "C162980"; VariantName = "[No Variations]"
Add component (AddParameter): Name = "Live Cycle Status"; Value = "1"; VariantName = "[No Variations]"
Add component (AddParameter): Name = "Manufacturer"; Value = "Bourns"; VariantName = "[No Variations]"
Add component (AddParameter): Name = "Manufacturer Part Number"; Value = "CR0603-FX-9763ELF"; VariantName = "[No Variations]"
Add component (AddParameter): Name = "Mounting Type"; Value = "SMD"; VariantName = "[No Variations]"
Add component (AddParameter): Name = "PartID"; Value = "234"; VariantName = "[No Variations]"
Add component (AddParameter): Name = "Stock number"; Value = "not stored"; VariantName = "[No Variations]"
Add component (AddParameter): Name = "Supplier 1"; Value = "Mouser"; VariantName = "[No Variations]"
Add component (AddParameter): Name = "Supplier Part Number 1"; Value = "652-CR0603FX-9763ELF"; VariantName = "[No Variations]"
Add component (AddParameter): Name = "Tolerance"; Value = "1%"; VariantName = "[No Variations]"
Add component (AddParameter): Name = "Type"; Value = "Resistor"; VariantName = "[No Variations]"
Add component (AddParameter): Name = "Value"; Value = "976k"; VariantName = "[No Variations]"
Added Component: Designator=R34B(RES 0603_1608)
Add component (AddParameter): Name = "Component Type"; Value = "SMD resistor"; VariantName = "[No Variations]"
Add component (AddParameter): Name = "ComponentLink1Description"; Value = "Datasheet"; VariantName = "[No Variations]"
Add component (AddParameter): Name = "ComponentLink1URL"; Value = "https://www.mouser.de/datasheet/2/54/cr-1858361.pdf"; VariantName = "[No Variations]"
Add component (AddParameter): Name = "Created from"; Value = "DHufnagel"; VariantName = "[No Variations]"
Add component (AddParameter): Name = "Created On"; Value = "25.07.2022 08:26:35"; VariantName = "[No Variations]"
Add component (AddParameter): Name = "Device Package"; Value = "0603"; VariantName = "[No Variations]"
Add component (AddParameter): Name = "Last Updated"; Value = "15.02.2023 18:14:05"; VariantName = "[No Variations]"
Add component (AddParameter): Name = "LCSC Part Number"; Value = "C162980"; VariantName = "[No Variations]"
Add component (AddParameter): Name = "Live Cycle Status"; Value = "1"; VariantName = "[No Variations]"
Add component (AddParameter): Name = "Manufacturer"; Value = "Bourns"; VariantName = "[No Variations]"
Add component (AddParameter): Name = "Manufacturer Part Number"; Value = "CR0603-FX-9763ELF"; VariantName = "[No Variations]"
Add component (AddParameter): Name = "Mounting Type"; Value = "SMD"; VariantName = "[No Variations]"
Add component (AddParameter): Name = "PartID"; Value = "234"; VariantName = "[No Variations]"
Add component (AddParameter): Name = "Stock number"; Value = "not stored"; VariantName = "[No Variations]"
Add component (AddParameter): Name = "Supplier 1"; Value = "Mouser"; VariantName = "[No Variations]"
Add component (AddParameter): Name = "Supplier Part Number 1"; Value = "652-CR0603FX-9763ELF"; VariantName = "[No Variations]"
Add component (AddParameter): Name = "Tolerance"; Value = "1%"; VariantName = "[No Variations]"
Add component (AddParameter): Name = "Type"; Value = "Resistor"; VariantName = "[No Variations]"
Add component (AddParameter): Name = "Value"; Value = "976k"; VariantName = "[No Variations]"
Added Component: Designator=R34C(RES 0603_1608)
Add component (AddParameter): Name = "Component Type"; Value = "SMD resistor"; VariantName = "[No Variations]"
Add component (AddParameter): Name = "ComponentLink1Description"; Value = "Datasheet"; VariantName = "[No Variations]"
Add component (AddParameter): Name = "ComponentLink1URL"; Value = "https://www.mouser.de/datasheet/2/54/cr-1858361.pdf"; VariantName = "[No Variations]"
Add component (AddParameter): Name = "Created from"; Value = "DHufnagel"; VariantName = "[No Variations]"
Add component (AddParameter): Name = "Created On"; Value = "25.07.2022 08:26:35"; VariantName = "[No Variations]"
Add component (AddParameter): Name = "Device Package"; Value = "0603"; VariantName = "[No Variations]"
Add component (AddParameter): Name = "Last Updated"; Value = "15.02.2023 18:14:05"; VariantName = "[No Variations]"
Add component (AddParameter): Name = "LCSC Part Number"; Value = "C162980"; VariantName = "[No Variations]"
Add component (AddParameter): Name = "Live Cycle Status"; Value = "1"; VariantName = "[No Variations]"
Add component (AddParameter): Name = "Manufacturer"; Value = "Bourns"; VariantName = "[No Variations]"
Add component (AddParameter): Name = "Manufacturer Part Number"; Value = "CR0603-FX-9763ELF"; VariantName = "[No Variations]"
Add component (AddParameter): Name = "Mounting Type"; Value = "SMD"; VariantName = "[No Variations]"
Add component (AddParameter): Name = "PartID"; Value = "234"; VariantName = "[No Variations]"
Add component (AddParameter): Name = "Stock number"; Value = "not stored"; VariantName = "[No Variations]"
Add component (AddParameter): Name = "Supplier 1"; Value = "Mouser"; VariantName = "[No Variations]"
Add component (AddParameter): Name = "Supplier Part Number 1"; Value = "652-CR0603FX-9763ELF"; VariantName = "[No Variations]"
Add component (AddParameter): Name = "Tolerance"; Value = "1%"; VariantName = "[No Variations]"
Add component (AddParameter): Name = "Type"; Value = "Resistor"; VariantName = "[No Variations]"
Add component (AddParameter): Name = "Value"; Value = "976k"; VariantName = "[No Variations]"
Added Component: Designator=R35A(RES 0603_1608)
Add component (AddParameter): Name = "Component Type"; Value = "SMD resistor"; VariantName = "[No Variations]"
Add component (AddParameter): Name = "ComponentLink1Description"; Value = "Datasheet"; VariantName = "[No Variations]"
Add component (AddParameter): Name = "ComponentLink1URL"; Value = "https://www.mouser.de/datasheet/2/54/cr-1858361.pdf"; VariantName = "[No Variations]"
Add component (AddParameter): Name = "Created from"; Value = "DHufnagel"; VariantName = "[No Variations]"
Add component (AddParameter): Name = "Created On"; Value = "25.07.2022 08:26:35"; VariantName = "[No Variations]"
Add component (AddParameter): Name = "Device Package"; Value = "0603"; VariantName = "[No Variations]"
Add component (AddParameter): Name = "Last Updated"; Value = "15.02.2023 18:09:14"; VariantName = "[No Variations]"
Add component (AddParameter): Name = "LCSC Part Number"; Value = "C203368"; VariantName = "[No Variations]"
Add component (AddParameter): Name = "Live Cycle Status"; Value = "1"; VariantName = "[No Variations]"
Add component (AddParameter): Name = "Manufacturer"; Value = "Bourns"; VariantName = "[No Variations]"
Add component (AddParameter): Name = "Manufacturer Part Number"; Value = "CR0603-FX-1823ELF"; VariantName = "[No Variations]"
Add component (AddParameter): Name = "Mounting Type"; Value = "SMD"; VariantName = "[No Variations]"
Add component (AddParameter): Name = "PartID"; Value = "235"; VariantName = "[No Variations]"
Add component (AddParameter): Name = "Stock number"; Value = "not stored"; VariantName = "[No Variations]"
Add component (AddParameter): Name = "Supplier 1"; Value = "Mouser"; VariantName = "[No Variations]"
Add component (AddParameter): Name = "Supplier Part Number 1"; Value = "652-CR0603FX-1823ELF"; VariantName = "[No Variations]"
Add component (AddParameter): Name = "Tolerance"; Value = "1%"; VariantName = "[No Variations]"
Add component (AddParameter): Name = "Type"; Value = "Resistor"; VariantName = "[No Variations]"
Add component (AddParameter): Name = "Value"; Value = "182k"; VariantName = "[No Variations]"
Added Component: Designator=R35B(RES 0603_1608)
Add component (AddParameter): Name = "Component Type"; Value = "SMD resistor"; VariantName = "[No Variations]"
Add component (AddParameter): Name = "ComponentLink1Description"; Value = "Datasheet"; VariantName = "[No Variations]"
Add component (AddParameter): Name = "ComponentLink1URL"; Value = "https://www.mouser.de/datasheet/2/54/cr-1858361.pdf"; VariantName = "[No Variations]"
Add component (AddParameter): Name = "Created from"; Value = "DHufnagel"; VariantName = "[No Variations]"
Add component (AddParameter): Name = "Created On"; Value = "25.07.2022 08:26:35"; VariantName = "[No Variations]"
Add component (AddParameter): Name = "Device Package"; Value = "0603"; VariantName = "[No Variations]"
Add component (AddParameter): Name = "Last Updated"; Value = "15.02.2023 18:09:14"; VariantName = "[No Variations]"
Add component (AddParameter): Name = "LCSC Part Number"; Value = "C203368"; VariantName = "[No Variations]"
Add component (AddParameter): Name = "Live Cycle Status"; Value = "1"; VariantName = "[No Variations]"
Add component (AddParameter): Name = "Manufacturer"; Value = "Bourns"; VariantName = "[No Variations]"
Add component (AddParameter): Name = "Manufacturer Part Number"; Value = "CR0603-FX-1823ELF"; VariantName = "[No Variations]"
Add component (AddParameter): Name = "Mounting Type"; Value = "SMD"; VariantName = "[No Variations]"
Add component (AddParameter): Name = "PartID"; Value = "235"; VariantName = "[No Variations]"
Add component (AddParameter): Name = "Stock number"; Value = "not stored"; VariantName = "[No Variations]"
Add component (AddParameter): Name = "Supplier 1"; Value = "Mouser"; VariantName = "[No Variations]"
Add component (AddParameter): Name = "Supplier Part Number 1"; Value = "652-CR0603FX-1823ELF"; VariantName = "[No Variations]"
Add component (AddParameter): Name = "Tolerance"; Value = "1%"; VariantName = "[No Variations]"
Add component (AddParameter): Name = "Type"; Value = "Resistor"; VariantName = "[No Variations]"
Add component (AddParameter): Name = "Value"; Value = "182k"; VariantName = "[No Variations]"
Added Component: Designator=R35C(RES 0603_1608)
Add component (AddParameter): Name = "Component Type"; Value = "SMD resistor"; VariantName = "[No Variations]"
Add component (AddParameter): Name = "ComponentLink1Description"; Value = "Datasheet"; VariantName = "[No Variations]"
Add component (AddParameter): Name = "ComponentLink1URL"; Value = "https://www.mouser.de/datasheet/2/54/cr-1858361.pdf"; VariantName = "[No Variations]"
Add component (AddParameter): Name = "Created from"; Value = "DHufnagel"; VariantName = "[No Variations]"
Add component (AddParameter): Name = "Created On"; Value = "25.07.2022 08:26:35"; VariantName = "[No Variations]"
Add component (AddParameter): Name = "Device Package"; Value = "0603"; VariantName = "[No Variations]"
Add component (AddParameter): Name = "Last Updated"; Value = "15.02.2023 18:09:14"; VariantName = "[No Variations]"
Add component (AddParameter): Name = "LCSC Part Number"; Value = "C203368"; VariantName = "[No Variations]"
Add component (AddParameter): Name = "Live Cycle Status"; Value = "1"; VariantName = "[No Variations]"
Add component (AddParameter): Name = "Manufacturer"; Value = "Bourns"; VariantName = "[No Variations]"
Add component (AddParameter): Name = "Manufacturer Part Number"; Value = "CR0603-FX-1823ELF"; VariantName = "[No Variations]"
Add component (AddParameter): Name = "Mounting Type"; Value = "SMD"; VariantName = "[No Variations]"
Add component (AddParameter): Name = "PartID"; Value = "235"; VariantName = "[No Variations]"
Add component (AddParameter): Name = "Stock number"; Value = "not stored"; VariantName = "[No Variations]"
Add component (AddParameter): Name = "Supplier 1"; Value = "Mouser"; VariantName = "[No Variations]"
Add component (AddParameter): Name = "Supplier Part Number 1"; Value = "652-CR0603FX-1823ELF"; VariantName = "[No Variations]"
Add component (AddParameter): Name = "Tolerance"; Value = "1%"; VariantName = "[No Variations]"
Add component (AddParameter): Name = "Type"; Value = "Resistor"; VariantName = "[No Variations]"
Add component (AddParameter): Name = "Value"; Value = "182k"; VariantName = "[No Variations]"
Added Component: Designator=R36A(RES 0603_1608)
Add component (AddParameter): Name = "Component Type"; Value = "SMD resistor"; VariantName = "[No Variations]"
Add component (AddParameter): Name = "ComponentLink1Description"; Value = "Datasheet"; VariantName = "[No Variations]"
Add component (AddParameter): Name = "ComponentLink1URL"; Value = "https://www.mouser.de/datasheet/2/54/cr-1858361.pdf"; VariantName = "[No Variations]"
Add component (AddParameter): Name = "Created from"; Value = "DHufnagel"; VariantName = "[No Variations]"
Add component (AddParameter): Name = "Created On"; Value = "25.07.2022 08:26:35"; VariantName = "[No Variations]"
Add component (AddParameter): Name = "Device Package"; Value = "0603"; VariantName = "[No Variations]"
Add component (AddParameter): Name = "Last Updated"; Value = "21.02.2024 16:06:06"; VariantName = "[No Variations]"
Add component (AddParameter): Name = "LCSC Part Number"; Value = "C861797"; VariantName = "[No Variations]"
Add component (AddParameter): Name = "Live Cycle Status"; Value = "1"; VariantName = "[No Variations]"
Add component (AddParameter): Name = "Manufacturer"; Value = "Bourns"; VariantName = "[No Variations]"
Add component (AddParameter): Name = "Manufacturer Part Number"; Value = "CR0603-FX-2803ELF"; VariantName = "[No Variations]"
Add component (AddParameter): Name = "Mounting Type"; Value = "SMD"; VariantName = "[No Variations]"
Add component (AddParameter): Name = "PartID"; Value = "233"; VariantName = "[No Variations]"
Add component (AddParameter): Name = "Stock number"; Value = "not stored"; VariantName = "[No Variations]"
Add component (AddParameter): Name = "Supplier 1"; Value = "Mouser"; VariantName = "[No Variations]"
Add component (AddParameter): Name = "Supplier 2"; Value = "LCSC"; VariantName = "[No Variations]"
Add component (AddParameter): Name = "Supplier Part Number 1"; Value = "652-CR0603-FX2803ELF"; VariantName = "[No Variations]"
Add component (AddParameter): Name = "Supplier Part Number 2"; Value = "C861797"; VariantName = "[No Variations]"
Add component (AddParameter): Name = "Tolerance"; Value = "1%"; VariantName = "[No Variations]"
Add component (AddParameter): Name = "Type"; Value = "Resistor"; VariantName = "[No Variations]"
Add component (AddParameter): Name = "Value"; Value = "280k"; VariantName = "[No Variations]"
Added Component: Designator=R36B(RES 0603_1608)
Add component (AddParameter): Name = "Component Type"; Value = "SMD resistor"; VariantName = "[No Variations]"
Add component (AddParameter): Name = "ComponentLink1Description"; Value = "Datasheet"; VariantName = "[No Variations]"
Add component (AddParameter): Name = "ComponentLink1URL"; Value = "https://www.mouser.de/datasheet/2/54/cr-1858361.pdf"; VariantName = "[No Variations]"
Add component (AddParameter): Name = "Created from"; Value = "DHufnagel"; VariantName = "[No Variations]"
Add component (AddParameter): Name = "Created On"; Value = "25.07.2022 08:26:35"; VariantName = "[No Variations]"
Add component (AddParameter): Name = "Device Package"; Value = "0603"; VariantName = "[No Variations]"
Add component (AddParameter): Name = "Last Updated"; Value = "21.02.2024 16:06:06"; VariantName = "[No Variations]"
Add component (AddParameter): Name = "LCSC Part Number"; Value = "C861797"; VariantName = "[No Variations]"
Add component (AddParameter): Name = "Live Cycle Status"; Value = "1"; VariantName = "[No Variations]"
Add component (AddParameter): Name = "Manufacturer"; Value = "Bourns"; VariantName = "[No Variations]"
Add component (AddParameter): Name = "Manufacturer Part Number"; Value = "CR0603-FX-2803ELF"; VariantName = "[No Variations]"
Add component (AddParameter): Name = "Mounting Type"; Value = "SMD"; VariantName = "[No Variations]"
Add component (AddParameter): Name = "PartID"; Value = "233"; VariantName = "[No Variations]"
Add component (AddParameter): Name = "Stock number"; Value = "not stored"; VariantName = "[No Variations]"
Add component (AddParameter): Name = "Supplier 1"; Value = "Mouser"; VariantName = "[No Variations]"
Add component (AddParameter): Name = "Supplier 2"; Value = "LCSC"; VariantName = "[No Variations]"
Add component (AddParameter): Name = "Supplier Part Number 1"; Value = "652-CR0603-FX2803ELF"; VariantName = "[No Variations]"
Add component (AddParameter): Name = "Supplier Part Number 2"; Value = "C861797"; VariantName = "[No Variations]"
Add component (AddParameter): Name = "Tolerance"; Value = "1%"; VariantName = "[No Variations]"
Add component (AddParameter): Name = "Type"; Value = "Resistor"; VariantName = "[No Variations]"
Add component (AddParameter): Name = "Value"; Value = "280k"; VariantName = "[No Variations]"
Added Component: Designator=R36C(RES 0603_1608)
Add component (AddParameter): Name = "Component Type"; Value = "SMD resistor"; VariantName = "[No Variations]"
Add component (AddParameter): Name = "ComponentLink1Description"; Value = "Datasheet"; VariantName = "[No Variations]"
Add component (AddParameter): Name = "ComponentLink1URL"; Value = "https://www.mouser.de/datasheet/2/54/cr-1858361.pdf"; VariantName = "[No Variations]"
Add component (AddParameter): Name = "Created from"; Value = "DHufnagel"; VariantName = "[No Variations]"
Add component (AddParameter): Name = "Created On"; Value = "25.07.2022 08:26:35"; VariantName = "[No Variations]"
Add component (AddParameter): Name = "Device Package"; Value = "0603"; VariantName = "[No Variations]"
Add component (AddParameter): Name = "Last Updated"; Value = "21.02.2024 16:06:06"; VariantName = "[No Variations]"
Add component (AddParameter): Name = "LCSC Part Number"; Value = "C861797"; VariantName = "[No Variations]"
Add component (AddParameter): Name = "Live Cycle Status"; Value = "1"; VariantName = "[No Variations]"
Add component (AddParameter): Name = "Manufacturer"; Value = "Bourns"; VariantName = "[No Variations]"
Add component (AddParameter): Name = "Manufacturer Part Number"; Value = "CR0603-FX-2803ELF"; VariantName = "[No Variations]"
Add component (AddParameter): Name = "Mounting Type"; Value = "SMD"; VariantName = "[No Variations]"
Add component (AddParameter): Name = "PartID"; Value = "233"; VariantName = "[No Variations]"
Add component (AddParameter): Name = "Stock number"; Value = "not stored"; VariantName = "[No Variations]"
Add component (AddParameter): Name = "Supplier 1"; Value = "Mouser"; VariantName = "[No Variations]"
Add component (AddParameter): Name = "Supplier 2"; Value = "LCSC"; VariantName = "[No Variations]"
Add component (AddParameter): Name = "Supplier Part Number 1"; Value = "652-CR0603-FX2803ELF"; VariantName = "[No Variations]"
Add component (AddParameter): Name = "Supplier Part Number 2"; Value = "C861797"; VariantName = "[No Variations]"
Add component (AddParameter): Name = "Tolerance"; Value = "1%"; VariantName = "[No Variations]"
Add component (AddParameter): Name = "Type"; Value = "Resistor"; VariantName = "[No Variations]"
Add component (AddParameter): Name = "Value"; Value = "280k"; VariantName = "[No Variations]"
Added Component: Designator=R37A(RES 0603_1608)
Add component (AddParameter): Name = "Component Type"; Value = "SMD resistor"; VariantName = "[No Variations]"
Add component (AddParameter): Name = "ComponentLink1Description"; Value = "Datasheet"; VariantName = "[No Variations]"
Add component (AddParameter): Name = "ComponentLink1URL"; Value = "https://www.mouser.de/datasheet/2/54/cr-1858361.pdf"; VariantName = "[No Variations]"
Add component (AddParameter): Name = "Created from"; Value = "DHufnagel"; VariantName = "[No Variations]"
Add component (AddParameter): Name = "Created On"; Value = "25.07.2022 08:26:35"; VariantName = "[No Variations]"
Add component (AddParameter): Name = "Device Package"; Value = "0603"; VariantName = "[No Variations]"
Add component (AddParameter): Name = "Last Updated"; Value = "21.02.2024 16:03:36"; VariantName = "[No Variations]"
Add component (AddParameter): Name = "LCSC Part Number"; Value = "C141685"; VariantName = "[No Variations]"
Add component (AddParameter): Name = "Live Cycle Status"; Value = "1"; VariantName = "[No Variations]"
Add component (AddParameter): Name = "Manufacturer"; Value = "Bourns"; VariantName = "[No Variations]"
Add component (AddParameter): Name = "Manufacturer Part Number"; Value = "CR0603-FX-1053ELF"; VariantName = "[No Variations]"
Add component (AddParameter): Name = "Mounting Type"; Value = "SMD"; VariantName = "[No Variations]"
Add component (AddParameter): Name = "PartID"; Value = "232"; VariantName = "[No Variations]"
Add component (AddParameter): Name = "Stock number"; Value = "not stored"; VariantName = "[No Variations]"
Add component (AddParameter): Name = "Supplier 1"; Value = "Mouser"; VariantName = "[No Variations]"
Add component (AddParameter): Name = "Supplier 2"; Value = "LCSC"; VariantName = "[No Variations]"
Add component (AddParameter): Name = "Supplier Part Number 1"; Value = "652-CR0603-FX1053ELF"; VariantName = "[No Variations]"
Add component (AddParameter): Name = "Supplier Part Number 2"; Value = "C141685"; VariantName = "[No Variations]"
Add component (AddParameter): Name = "Tolerance"; Value = "1%"; VariantName = "[No Variations]"
Add component (AddParameter): Name = "Type"; Value = "Resistor"; VariantName = "[No Variations]"
Add component (AddParameter): Name = "Value"; Value = "105k"; VariantName = "[No Variations]"
Added Component: Designator=R37B(RES 0603_1608)
Add component (AddParameter): Name = "Component Type"; Value = "SMD resistor"; VariantName = "[No Variations]"
Add component (AddParameter): Name = "ComponentLink1Description"; Value = "Datasheet"; VariantName = "[No Variations]"
Add component (AddParameter): Name = "ComponentLink1URL"; Value = "https://www.mouser.de/datasheet/2/54/cr-1858361.pdf"; VariantName = "[No Variations]"
Add component (AddParameter): Name = "Created from"; Value = "DHufnagel"; VariantName = "[No Variations]"
Add component (AddParameter): Name = "Created On"; Value = "25.07.2022 08:26:35"; VariantName = "[No Variations]"
Add component (AddParameter): Name = "Device Package"; Value = "0603"; VariantName = "[No Variations]"
Add component (AddParameter): Name = "Last Updated"; Value = "21.02.2024 16:03:36"; VariantName = "[No Variations]"
Add component (AddParameter): Name = "LCSC Part Number"; Value = "C141685"; VariantName = "[No Variations]"
Add component (AddParameter): Name = "Live Cycle Status"; Value = "1"; VariantName = "[No Variations]"
Add component (AddParameter): Name = "Manufacturer"; Value = "Bourns"; VariantName = "[No Variations]"
Add component (AddParameter): Name = "Manufacturer Part Number"; Value = "CR0603-FX-1053ELF"; VariantName = "[No Variations]"
Add component (AddParameter): Name = "Mounting Type"; Value = "SMD"; VariantName = "[No Variations]"
Add component (AddParameter): Name = "PartID"; Value = "232"; VariantName = "[No Variations]"
Add component (AddParameter): Name = "Stock number"; Value = "not stored"; VariantName = "[No Variations]"
Add component (AddParameter): Name = "Supplier 1"; Value = "Mouser"; VariantName = "[No Variations]"
Add component (AddParameter): Name = "Supplier 2"; Value = "LCSC"; VariantName = "[No Variations]"
Add component (AddParameter): Name = "Supplier Part Number 1"; Value = "652-CR0603-FX1053ELF"; VariantName = "[No Variations]"
Add component (AddParameter): Name = "Supplier Part Number 2"; Value = "C141685"; VariantName = "[No Variations]"
Add component (AddParameter): Name = "Tolerance"; Value = "1%"; VariantName = "[No Variations]"
Add component (AddParameter): Name = "Type"; Value = "Resistor"; VariantName = "[No Variations]"
Add component (AddParameter): Name = "Value"; Value = "105k"; VariantName = "[No Variations]"
Added Component: Designator=R37C(RES 0603_1608)
Add component (AddParameter): Name = "Component Type"; Value = "SMD resistor"; VariantName = "[No Variations]"
Add component (AddParameter): Name = "ComponentLink1Description"; Value = "Datasheet"; VariantName = "[No Variations]"
Add component (AddParameter): Name = "ComponentLink1URL"; Value = "https://www.mouser.de/datasheet/2/54/cr-1858361.pdf"; VariantName = "[No Variations]"
Add component (AddParameter): Name = "Created from"; Value = "DHufnagel"; VariantName = "[No Variations]"
Add component (AddParameter): Name = "Created On"; Value = "25.07.2022 08:26:35"; VariantName = "[No Variations]"
Add component (AddParameter): Name = "Device Package"; Value = "0603"; VariantName = "[No Variations]"
Add component (AddParameter): Name = "Last Updated"; Value = "21.02.2024 16:03:36"; VariantName = "[No Variations]"
Add component (AddParameter): Name = "LCSC Part Number"; Value = "C141685"; VariantName = "[No Variations]"
Add component (AddParameter): Name = "Live Cycle Status"; Value = "1"; VariantName = "[No Variations]"
Add component (AddParameter): Name = "Manufacturer"; Value = "Bourns"; VariantName = "[No Variations]"
Add component (AddParameter): Name = "Manufacturer Part Number"; Value = "CR0603-FX-1053ELF"; VariantName = "[No Variations]"
Add component (AddParameter): Name = "Mounting Type"; Value = "SMD"; VariantName = "[No Variations]"
Add component (AddParameter): Name = "PartID"; Value = "232"; VariantName = "[No Variations]"
Add component (AddParameter): Name = "Stock number"; Value = "not stored"; VariantName = "[No Variations]"
Add component (AddParameter): Name = "Supplier 1"; Value = "Mouser"; VariantName = "[No Variations]"
Add component (AddParameter): Name = "Supplier 2"; Value = "LCSC"; VariantName = "[No Variations]"
Add component (AddParameter): Name = "Supplier Part Number 1"; Value = "652-CR0603-FX1053ELF"; VariantName = "[No Variations]"
Add component (AddParameter): Name = "Supplier Part Number 2"; Value = "C141685"; VariantName = "[No Variations]"
Add component (AddParameter): Name = "Tolerance"; Value = "1%"; VariantName = "[No Variations]"
Add component (AddParameter): Name = "Type"; Value = "Resistor"; VariantName = "[No Variations]"
Add component (AddParameter): Name = "Value"; Value = "105k"; VariantName = "[No Variations]"
Added Component: Designator=R38A(RES 0603_1608)
Add component (AddParameter): Name = "Component Type"; Value = "SMD resistor"; VariantName = "[No Variations]"
Add component (AddParameter): Name = "ComponentLink1Description"; Value = "Datasheet"; VariantName = "[No Variations]"
Add component (AddParameter): Name = "ComponentLink1URL"; Value = "https://www.mouser.de/datasheet/2/219/RK73B-1825463.pdf"; VariantName = "[No Variations]"
Add component (AddParameter): Name = "Created from"; Value = "MGremer"; VariantName = "[No Variations]"
Add component (AddParameter): Name = "Created On"; Value = "14.12.2020 16:17:14"; VariantName = "[No Variations]"
Add component (AddParameter): Name = "Device Package"; Value = "0603"; VariantName = "[No Variations]"
Add component (AddParameter): Name = "Last Updated"; Value = "27.05.2022 13:42:48"; VariantName = "[No Variations]"
Add component (AddParameter): Name = "LCSC Part Number"; Value = "C4184"; VariantName = "[No Variations]"
Add component (AddParameter): Name = "Live Cycle Status"; Value = "1"; VariantName = "[No Variations]"
Add component (AddParameter): Name = "Manufacturer"; Value = "KOA Speer"; VariantName = "[No Variations]"
Add component (AddParameter): Name = "Manufacturer Part Number"; Value = "RK73B1JTTD203J"; VariantName = "[No Variations]"
Add component (AddParameter): Name = "Mounting Type"; Value = "SMD"; VariantName = "[No Variations]"
Add component (AddParameter): Name = "PartID"; Value = "105"; VariantName = "[No Variations]"
Add component (AddParameter): Name = "Stock number"; Value = "Labor SMD Container"; VariantName = "[No Variations]"
Add component (AddParameter): Name = "Supplier 1"; Value = "Mouser"; VariantName = "[No Variations]"
Add component (AddParameter): Name = "Supplier Part Number 1"; Value = "660-RK73B1JTTD203J"; VariantName = "[No Variations]"
Add component (AddParameter): Name = "Tolerance"; Value = "5%"; VariantName = "[No Variations]"
Add component (AddParameter): Name = "Type"; Value = "Resistor"; VariantName = "[No Variations]"
Add component (AddParameter): Name = "Value"; Value = "20k"; VariantName = "[No Variations]"
Added Component: Designator=R38B(RES 0603_1608)
Add component (AddParameter): Name = "Component Type"; Value = "SMD resistor"; VariantName = "[No Variations]"
Add component (AddParameter): Name = "ComponentLink1Description"; Value = "Datasheet"; VariantName = "[No Variations]"
Add component (AddParameter): Name = "ComponentLink1URL"; Value = "https://www.mouser.de/datasheet/2/219/RK73B-1825463.pdf"; VariantName = "[No Variations]"
Add component (AddParameter): Name = "Created from"; Value = "MGremer"; VariantName = "[No Variations]"
Add component (AddParameter): Name = "Created On"; Value = "14.12.2020 16:17:14"; VariantName = "[No Variations]"
Add component (AddParameter): Name = "Device Package"; Value = "0603"; VariantName = "[No Variations]"
Add component (AddParameter): Name = "Last Updated"; Value = "27.05.2022 13:42:48"; VariantName = "[No Variations]"
Add component (AddParameter): Name = "LCSC Part Number"; Value = "C4184"; VariantName = "[No Variations]"
Add component (AddParameter): Name = "Live Cycle Status"; Value = "1"; VariantName = "[No Variations]"
Add component (AddParameter): Name = "Manufacturer"; Value = "KOA Speer"; VariantName = "[No Variations]"
Add component (AddParameter): Name = "Manufacturer Part Number"; Value = "RK73B1JTTD203J"; VariantName = "[No Variations]"
Add component (AddParameter): Name = "Mounting Type"; Value = "SMD"; VariantName = "[No Variations]"
Add component (AddParameter): Name = "PartID"; Value = "105"; VariantName = "[No Variations]"
Add component (AddParameter): Name = "Stock number"; Value = "Labor SMD Container"; VariantName = "[No Variations]"
Add component (AddParameter): Name = "Supplier 1"; Value = "Mouser"; VariantName = "[No Variations]"
Add component (AddParameter): Name = "Supplier Part Number 1"; Value = "660-RK73B1JTTD203J"; VariantName = "[No Variations]"
Add component (AddParameter): Name = "Tolerance"; Value = "5%"; VariantName = "[No Variations]"
Add component (AddParameter): Name = "Type"; Value = "Resistor"; VariantName = "[No Variations]"
Add component (AddParameter): Name = "Value"; Value = "20k"; VariantName = "[No Variations]"
Added Component: Designator=R38C(RES 0603_1608)
Add component (AddParameter): Name = "Component Type"; Value = "SMD resistor"; VariantName = "[No Variations]"
Add component (AddParameter): Name = "ComponentLink1Description"; Value = "Datasheet"; VariantName = "[No Variations]"
Add component (AddParameter): Name = "ComponentLink1URL"; Value = "https://www.mouser.de/datasheet/2/219/RK73B-1825463.pdf"; VariantName = "[No Variations]"
Add component (AddParameter): Name = "Created from"; Value = "MGremer"; VariantName = "[No Variations]"
Add component (AddParameter): Name = "Created On"; Value = "14.12.2020 16:17:14"; VariantName = "[No Variations]"
Add component (AddParameter): Name = "Device Package"; Value = "0603"; VariantName = "[No Variations]"
Add component (AddParameter): Name = "Last Updated"; Value = "27.05.2022 13:42:48"; VariantName = "[No Variations]"
Add component (AddParameter): Name = "LCSC Part Number"; Value = "C4184"; VariantName = "[No Variations]"
Add component (AddParameter): Name = "Live Cycle Status"; Value = "1"; VariantName = "[No Variations]"
Add component (AddParameter): Name = "Manufacturer"; Value = "KOA Speer"; VariantName = "[No Variations]"
Add component (AddParameter): Name = "Manufacturer Part Number"; Value = "RK73B1JTTD203J"; VariantName = "[No Variations]"
Add component (AddParameter): Name = "Mounting Type"; Value = "SMD"; VariantName = "[No Variations]"
Add component (AddParameter): Name = "PartID"; Value = "105"; VariantName = "[No Variations]"
Add component (AddParameter): Name = "Stock number"; Value = "Labor SMD Container"; VariantName = "[No Variations]"
Add component (AddParameter): Name = "Supplier 1"; Value = "Mouser"; VariantName = "[No Variations]"
Add component (AddParameter): Name = "Supplier Part Number 1"; Value = "660-RK73B1JTTD203J"; VariantName = "[No Variations]"
Add component (AddParameter): Name = "Tolerance"; Value = "5%"; VariantName = "[No Variations]"
Add component (AddParameter): Name = "Type"; Value = "Resistor"; VariantName = "[No Variations]"
Add component (AddParameter): Name = "Value"; Value = "20k"; VariantName = "[No Variations]"
Added Component: Designator=R39A(RES 0603_1608)
Add component (AddParameter): Name = "Component Type"; Value = "SMD resistor"; VariantName = "[No Variations]"
Add component (AddParameter): Name = "ComponentLink1Description"; Value = "Datasheet"; VariantName = "[No Variations]"
Add component (AddParameter): Name = "ComponentLink1URL"; Value = "https://www.mouser.de/datasheet/2/219/RK73B-1825463.pdf"; VariantName = "[No Variations]"
Add component (AddParameter): Name = "Created from"; Value = "MGremer"; VariantName = "[No Variations]"
Add component (AddParameter): Name = "Created On"; Value = "14.12.2020 16:17:14"; VariantName = "[No Variations]"
Add component (AddParameter): Name = "Device Package"; Value = "0603"; VariantName = "[No Variations]"
Add component (AddParameter): Name = "Last Updated"; Value = "27.05.2022 14:04:22"; VariantName = "[No Variations]"
Add component (AddParameter): Name = "LCSC Part Number"; Value = "C25804"; VariantName = "[No Variations]"
Add component (AddParameter): Name = "Live Cycle Status"; Value = "1"; VariantName = "[No Variations]"
Add component (AddParameter): Name = "Manufacturer"; Value = "KOA Speer"; VariantName = "[No Variations]"
Add component (AddParameter): Name = "Manufacturer Part Number"; Value = "RK73B1JTTD103J"; VariantName = "[No Variations]"
Add component (AddParameter): Name = "Mounting Type"; Value = "SMD"; VariantName = "[No Variations]"
Add component (AddParameter): Name = "PartID"; Value = "98"; VariantName = "[No Variations]"
Add component (AddParameter): Name = "Stock number"; Value = "Labor SMD Container"; VariantName = "[No Variations]"
Add component (AddParameter): Name = "Supplier 1"; Value = "Mouser"; VariantName = "[No Variations]"
Add component (AddParameter): Name = "Supplier Part Number 1"; Value = "660-RK73B1JTTD103J"; VariantName = "[No Variations]"
Add component (AddParameter): Name = "Tolerance"; Value = "5%"; VariantName = "[No Variations]"
Add component (AddParameter): Name = "Type"; Value = "Resistor"; VariantName = "[No Variations]"
Add component (AddParameter): Name = "Value"; Value = "10k"; VariantName = "[No Variations]"
Added Component: Designator=R39B(RES 0603_1608)
Add component (AddParameter): Name = "Component Type"; Value = "SMD resistor"; VariantName = "[No Variations]"
Add component (AddParameter): Name = "ComponentLink1Description"; Value = "Datasheet"; VariantName = "[No Variations]"
Add component (AddParameter): Name = "ComponentLink1URL"; Value = "https://www.mouser.de/datasheet/2/219/RK73B-1825463.pdf"; VariantName = "[No Variations]"
Add component (AddParameter): Name = "Created from"; Value = "MGremer"; VariantName = "[No Variations]"
Add component (AddParameter): Name = "Created On"; Value = "14.12.2020 16:17:14"; VariantName = "[No Variations]"
Add component (AddParameter): Name = "Device Package"; Value = "0603"; VariantName = "[No Variations]"
Add component (AddParameter): Name = "Last Updated"; Value = "27.05.2022 14:04:22"; VariantName = "[No Variations]"
Add component (AddParameter): Name = "LCSC Part Number"; Value = "C25804"; VariantName = "[No Variations]"
Add component (AddParameter): Name = "Live Cycle Status"; Value = "1"; VariantName = "[No Variations]"
Add component (AddParameter): Name = "Manufacturer"; Value = "KOA Speer"; VariantName = "[No Variations]"
Add component (AddParameter): Name = "Manufacturer Part Number"; Value = "RK73B1JTTD103J"; VariantName = "[No Variations]"
Add component (AddParameter): Name = "Mounting Type"; Value = "SMD"; VariantName = "[No Variations]"
Add component (AddParameter): Name = "PartID"; Value = "98"; VariantName = "[No Variations]"
Add component (AddParameter): Name = "Stock number"; Value = "Labor SMD Container"; VariantName = "[No Variations]"
Add component (AddParameter): Name = "Supplier 1"; Value = "Mouser"; VariantName = "[No Variations]"
Add component (AddParameter): Name = "Supplier Part Number 1"; Value = "660-RK73B1JTTD103J"; VariantName = "[No Variations]"
Add component (AddParameter): Name = "Tolerance"; Value = "5%"; VariantName = "[No Variations]"
Add component (AddParameter): Name = "Type"; Value = "Resistor"; VariantName = "[No Variations]"
Add component (AddParameter): Name = "Value"; Value = "10k"; VariantName = "[No Variations]"
Added Component: Designator=R39C(RES 0603_1608)
Add component (AddParameter): Name = "Component Type"; Value = "SMD resistor"; VariantName = "[No Variations]"
Add component (AddParameter): Name = "ComponentLink1Description"; Value = "Datasheet"; VariantName = "[No Variations]"
Add component (AddParameter): Name = "ComponentLink1URL"; Value = "https://www.mouser.de/datasheet/2/219/RK73B-1825463.pdf"; VariantName = "[No Variations]"
Add component (AddParameter): Name = "Created from"; Value = "MGremer"; VariantName = "[No Variations]"
Add component (AddParameter): Name = "Created On"; Value = "14.12.2020 16:17:14"; VariantName = "[No Variations]"
Add component (AddParameter): Name = "Device Package"; Value = "0603"; VariantName = "[No Variations]"
Add component (AddParameter): Name = "Last Updated"; Value = "27.05.2022 14:04:22"; VariantName = "[No Variations]"
Add component (AddParameter): Name = "LCSC Part Number"; Value = "C25804"; VariantName = "[No Variations]"
Add component (AddParameter): Name = "Live Cycle Status"; Value = "1"; VariantName = "[No Variations]"
Add component (AddParameter): Name = "Manufacturer"; Value = "KOA Speer"; VariantName = "[No Variations]"
Add component (AddParameter): Name = "Manufacturer Part Number"; Value = "RK73B1JTTD103J"; VariantName = "[No Variations]"
Add component (AddParameter): Name = "Mounting Type"; Value = "SMD"; VariantName = "[No Variations]"
Add component (AddParameter): Name = "PartID"; Value = "98"; VariantName = "[No Variations]"
Add component (AddParameter): Name = "Stock number"; Value = "Labor SMD Container"; VariantName = "[No Variations]"
Add component (AddParameter): Name = "Supplier 1"; Value = "Mouser"; VariantName = "[No Variations]"
Add component (AddParameter): Name = "Supplier Part Number 1"; Value = "660-RK73B1JTTD103J"; VariantName = "[No Variations]"
Add component (AddParameter): Name = "Tolerance"; Value = "5%"; VariantName = "[No Variations]"
Add component (AddParameter): Name = "Type"; Value = "Resistor"; VariantName = "[No Variations]"
Add component (AddParameter): Name = "Value"; Value = "10k"; VariantName = "[No Variations]"
Added Component: Designator=R40A(RES 0805_2012)
Add component (AddParameter): Name = "Component Type"; Value = "SMD resistor"; VariantName = "[No Variations]"
Add component (AddParameter): Name = "ComponentLink1Description"; Value = "Datasheet"; VariantName = "[No Variations]"
Add component (AddParameter): Name = "ComponentLink1URL"; Value = "https://www.mouser.de/datasheet/2/315/AOA0000C304-1149620.pdf"; VariantName = "[No Variations]"
Add component (AddParameter): Name = "Created from"; Value = "MGremer"; VariantName = "[No Variations]"
Add component (AddParameter): Name = "Created On"; Value = "14.12.2020 16:17:14"; VariantName = "[No Variations]"
Add component (AddParameter): Name = "Device Package"; Value = "0805"; VariantName = "[No Variations]"
Add component (AddParameter): Name = "Last Updated"; Value = "15.02.2023 18:07:29"; VariantName = "[No Variations]"
Add component (AddParameter): Name = "LCSC Part Number"; Value = "C228683"; VariantName = "[No Variations]"
Add component (AddParameter): Name = "Live Cycle Status"; Value = "1"; VariantName = "[No Variations]"
Add component (AddParameter): Name = "Manufacturer"; Value = "Panasonic"; VariantName = "[No Variations]"
Add component (AddParameter): Name = "Manufacturer Part Number"; Value = "ERJ-6ENF2873V"; VariantName = "[No Variations]"
Add component (AddParameter): Name = "Mounting Type"; Value = "SMD"; VariantName = "[No Variations]"
Add component (AddParameter): Name = "PartID"; Value = "154"; VariantName = "[No Variations]"
Add component (AddParameter): Name = "Stock number"; Value = "not stored"; VariantName = "[No Variations]"
Add component (AddParameter): Name = "Supplier 1"; Value = "Mouser"; VariantName = "[No Variations]"
Add component (AddParameter): Name = "Supplier Part Number 1"; Value = "667-ERJ-6ENF2873V"; VariantName = "[No Variations]"
Add component (AddParameter): Name = "Tolerance"; Value = "1%"; VariantName = "[No Variations]"
Add component (AddParameter): Name = "Type"; Value = "Resistor"; VariantName = "[No Variations]"
Add component (AddParameter): Name = "Value"; Value = "287k"; VariantName = "[No Variations]"
Added Component: Designator=R40B(RES 0805_2012)
Add component (AddParameter): Name = "Component Type"; Value = "SMD resistor"; VariantName = "[No Variations]"
Add component (AddParameter): Name = "ComponentLink1Description"; Value = "Datasheet"; VariantName = "[No Variations]"
Add component (AddParameter): Name = "ComponentLink1URL"; Value = "https://www.mouser.de/datasheet/2/315/AOA0000C304-1149620.pdf"; VariantName = "[No Variations]"
Add component (AddParameter): Name = "Created from"; Value = "MGremer"; VariantName = "[No Variations]"
Add component (AddParameter): Name = "Created On"; Value = "14.12.2020 16:17:14"; VariantName = "[No Variations]"
Add component (AddParameter): Name = "Device Package"; Value = "0805"; VariantName = "[No Variations]"
Add component (AddParameter): Name = "Last Updated"; Value = "15.02.2023 18:07:29"; VariantName = "[No Variations]"
Add component (AddParameter): Name = "LCSC Part Number"; Value = "C228683"; VariantName = "[No Variations]"
Add component (AddParameter): Name = "Live Cycle Status"; Value = "1"; VariantName = "[No Variations]"
Add component (AddParameter): Name = "Manufacturer"; Value = "Panasonic"; VariantName = "[No Variations]"
Add component (AddParameter): Name = "Manufacturer Part Number"; Value = "ERJ-6ENF2873V"; VariantName = "[No Variations]"
Add component (AddParameter): Name = "Mounting Type"; Value = "SMD"; VariantName = "[No Variations]"
Add component (AddParameter): Name = "PartID"; Value = "154"; VariantName = "[No Variations]"
Add component (AddParameter): Name = "Stock number"; Value = "not stored"; VariantName = "[No Variations]"
Add component (AddParameter): Name = "Supplier 1"; Value = "Mouser"; VariantName = "[No Variations]"
Add component (AddParameter): Name = "Supplier Part Number 1"; Value = "667-ERJ-6ENF2873V"; VariantName = "[No Variations]"
Add component (AddParameter): Name = "Tolerance"; Value = "1%"; VariantName = "[No Variations]"
Add component (AddParameter): Name = "Type"; Value = "Resistor"; VariantName = "[No Variations]"
Add component (AddParameter): Name = "Value"; Value = "287k"; VariantName = "[No Variations]"
Added Component: Designator=R40C(RES 0805_2012)
Add component (AddParameter): Name = "Component Type"; Value = "SMD resistor"; VariantName = "[No Variations]"
Add component (AddParameter): Name = "ComponentLink1Description"; Value = "Datasheet"; VariantName = "[No Variations]"
Add component (AddParameter): Name = "ComponentLink1URL"; Value = "https://www.mouser.de/datasheet/2/315/AOA0000C304-1149620.pdf"; VariantName = "[No Variations]"
Add component (AddParameter): Name = "Created from"; Value = "MGremer"; VariantName = "[No Variations]"
Add component (AddParameter): Name = "Created On"; Value = "14.12.2020 16:17:14"; VariantName = "[No Variations]"
Add component (AddParameter): Name = "Device Package"; Value = "0805"; VariantName = "[No Variations]"
Add component (AddParameter): Name = "Last Updated"; Value = "15.02.2023 18:07:29"; VariantName = "[No Variations]"
Add component (AddParameter): Name = "LCSC Part Number"; Value = "C228683"; VariantName = "[No Variations]"
Add component (AddParameter): Name = "Live Cycle Status"; Value = "1"; VariantName = "[No Variations]"
Add component (AddParameter): Name = "Manufacturer"; Value = "Panasonic"; VariantName = "[No Variations]"
Add component (AddParameter): Name = "Manufacturer Part Number"; Value = "ERJ-6ENF2873V"; VariantName = "[No Variations]"
Add component (AddParameter): Name = "Mounting Type"; Value = "SMD"; VariantName = "[No Variations]"
Add component (AddParameter): Name = "PartID"; Value = "154"; VariantName = "[No Variations]"
Add component (AddParameter): Name = "Stock number"; Value = "not stored"; VariantName = "[No Variations]"
Add component (AddParameter): Name = "Supplier 1"; Value = "Mouser"; VariantName = "[No Variations]"
Add component (AddParameter): Name = "Supplier Part Number 1"; Value = "667-ERJ-6ENF2873V"; VariantName = "[No Variations]"
Add component (AddParameter): Name = "Tolerance"; Value = "1%"; VariantName = "[No Variations]"
Add component (AddParameter): Name = "Type"; Value = "Resistor"; VariantName = "[No Variations]"
Add component (AddParameter): Name = "Value"; Value = "287k"; VariantName = "[No Variations]"
Added Component: Designator=R41A(RES 0603_1608)
Add component (AddParameter): Name = "Component Type"; Value = "SMD resistor"; VariantName = "[No Variations]"
Add component (AddParameter): Name = "ComponentLink1Description"; Value = "Datasheet"; VariantName = "[No Variations]"
Add component (AddParameter): Name = "ComponentLink1URL"; Value = "https://www.mouser.de/datasheet/2/54/cr-1858361.pdf"; VariantName = "[No Variations]"
Add component (AddParameter): Name = "Created from"; Value = "DHufnagel"; VariantName = "[No Variations]"
Add component (AddParameter): Name = "Created On"; Value = "25.07.2022 08:26:35"; VariantName = "[No Variations]"
Add component (AddParameter): Name = "Device Package"; Value = "0603"; VariantName = "[No Variations]"
Add component (AddParameter): Name = "Last Updated"; Value = "15.02.2023 18:09:14"; VariantName = "[No Variations]"
Add component (AddParameter): Name = "LCSC Part Number"; Value = "C203368"; VariantName = "[No Variations]"
Add component (AddParameter): Name = "Live Cycle Status"; Value = "1"; VariantName = "[No Variations]"
Add component (AddParameter): Name = "Manufacturer"; Value = "Bourns"; VariantName = "[No Variations]"
Add component (AddParameter): Name = "Manufacturer Part Number"; Value = "CR0603-FX-1823ELF"; VariantName = "[No Variations]"
Add component (AddParameter): Name = "Mounting Type"; Value = "SMD"; VariantName = "[No Variations]"
Add component (AddParameter): Name = "PartID"; Value = "235"; VariantName = "[No Variations]"
Add component (AddParameter): Name = "Stock number"; Value = "not stored"; VariantName = "[No Variations]"
Add component (AddParameter): Name = "Supplier 1"; Value = "Mouser"; VariantName = "[No Variations]"
Add component (AddParameter): Name = "Supplier Part Number 1"; Value = "652-CR0603FX-1823ELF"; VariantName = "[No Variations]"
Add component (AddParameter): Name = "Tolerance"; Value = "1%"; VariantName = "[No Variations]"
Add component (AddParameter): Name = "Type"; Value = "Resistor"; VariantName = "[No Variations]"
Add component (AddParameter): Name = "Value"; Value = "182k"; VariantName = "[No Variations]"
Added Component: Designator=R41B(RES 0603_1608)
Add component (AddParameter): Name = "Component Type"; Value = "SMD resistor"; VariantName = "[No Variations]"
Add component (AddParameter): Name = "ComponentLink1Description"; Value = "Datasheet"; VariantName = "[No Variations]"
Add component (AddParameter): Name = "ComponentLink1URL"; Value = "https://www.mouser.de/datasheet/2/54/cr-1858361.pdf"; VariantName = "[No Variations]"
Add component (AddParameter): Name = "Created from"; Value = "DHufnagel"; VariantName = "[No Variations]"
Add component (AddParameter): Name = "Created On"; Value = "25.07.2022 08:26:35"; VariantName = "[No Variations]"
Add component (AddParameter): Name = "Device Package"; Value = "0603"; VariantName = "[No Variations]"
Add component (AddParameter): Name = "Last Updated"; Value = "15.02.2023 18:09:14"; VariantName = "[No Variations]"
Add component (AddParameter): Name = "LCSC Part Number"; Value = "C203368"; VariantName = "[No Variations]"
Add component (AddParameter): Name = "Live Cycle Status"; Value = "1"; VariantName = "[No Variations]"
Add component (AddParameter): Name = "Manufacturer"; Value = "Bourns"; VariantName = "[No Variations]"
Add component (AddParameter): Name = "Manufacturer Part Number"; Value = "CR0603-FX-1823ELF"; VariantName = "[No Variations]"
Add component (AddParameter): Name = "Mounting Type"; Value = "SMD"; VariantName = "[No Variations]"
Add component (AddParameter): Name = "PartID"; Value = "235"; VariantName = "[No Variations]"
Add component (AddParameter): Name = "Stock number"; Value = "not stored"; VariantName = "[No Variations]"
Add component (AddParameter): Name = "Supplier 1"; Value = "Mouser"; VariantName = "[No Variations]"
Add component (AddParameter): Name = "Supplier Part Number 1"; Value = "652-CR0603FX-1823ELF"; VariantName = "[No Variations]"
Add component (AddParameter): Name = "Tolerance"; Value = "1%"; VariantName = "[No Variations]"
Add component (AddParameter): Name = "Type"; Value = "Resistor"; VariantName = "[No Variations]"
Add component (AddParameter): Name = "Value"; Value = "182k"; VariantName = "[No Variations]"
Added Component: Designator=R41C(RES 0603_1608)
Add component (AddParameter): Name = "Component Type"; Value = "SMD resistor"; VariantName = "[No Variations]"
Add component (AddParameter): Name = "ComponentLink1Description"; Value = "Datasheet"; VariantName = "[No Variations]"
Add component (AddParameter): Name = "ComponentLink1URL"; Value = "https://www.mouser.de/datasheet/2/54/cr-1858361.pdf"; VariantName = "[No Variations]"
Add component (AddParameter): Name = "Created from"; Value = "DHufnagel"; VariantName = "[No Variations]"
Add component (AddParameter): Name = "Created On"; Value = "25.07.2022 08:26:35"; VariantName = "[No Variations]"
Add component (AddParameter): Name = "Device Package"; Value = "0603"; VariantName = "[No Variations]"
Add component (AddParameter): Name = "Last Updated"; Value = "15.02.2023 18:09:14"; VariantName = "[No Variations]"
Add component (AddParameter): Name = "LCSC Part Number"; Value = "C203368"; VariantName = "[No Variations]"
Add component (AddParameter): Name = "Live Cycle Status"; Value = "1"; VariantName = "[No Variations]"
Add component (AddParameter): Name = "Manufacturer"; Value = "Bourns"; VariantName = "[No Variations]"
Add component (AddParameter): Name = "Manufacturer Part Number"; Value = "CR0603-FX-1823ELF"; VariantName = "[No Variations]"
Add component (AddParameter): Name = "Mounting Type"; Value = "SMD"; VariantName = "[No Variations]"
Add component (AddParameter): Name = "PartID"; Value = "235"; VariantName = "[No Variations]"
Add component (AddParameter): Name = "Stock number"; Value = "not stored"; VariantName = "[No Variations]"
Add component (AddParameter): Name = "Supplier 1"; Value = "Mouser"; VariantName = "[No Variations]"
Add component (AddParameter): Name = "Supplier Part Number 1"; Value = "652-CR0603FX-1823ELF"; VariantName = "[No Variations]"
Add component (AddParameter): Name = "Tolerance"; Value = "1%"; VariantName = "[No Variations]"
Add component (AddParameter): Name = "Type"; Value = "Resistor"; VariantName = "[No Variations]"
Add component (AddParameter): Name = "Value"; Value = "182k"; VariantName = "[No Variations]"
Added Component: Designator=R42A(RES 0603_1608)
Add component (AddParameter): Name = "Component Type"; Value = "SMD resistor"; VariantName = "[No Variations]"
Add component (AddParameter): Name = "ComponentLink1Description"; Value = "Datasheet"; VariantName = "[No Variations]"
Add component (AddParameter): Name = "ComponentLink1URL"; Value = "https://www.mouser.de/datasheet/2/54/cr-1858361.pdf"; VariantName = "[No Variations]"
Add component (AddParameter): Name = "Created from"; Value = "DHufnagel"; VariantName = "[No Variations]"
Add component (AddParameter): Name = "Created On"; Value = "25.07.2022 08:26:35"; VariantName = "[No Variations]"
Add component (AddParameter): Name = "Device Package"; Value = "0603"; VariantName = "[No Variations]"
Add component (AddParameter): Name = "Last Updated"; Value = "15.02.2023 18:14:05"; VariantName = "[No Variations]"
Add component (AddParameter): Name = "LCSC Part Number"; Value = "C162980"; VariantName = "[No Variations]"
Add component (AddParameter): Name = "Live Cycle Status"; Value = "1"; VariantName = "[No Variations]"
Add component (AddParameter): Name = "Manufacturer"; Value = "Bourns"; VariantName = "[No Variations]"
Add component (AddParameter): Name = "Manufacturer Part Number"; Value = "CR0603-FX-9763ELF"; VariantName = "[No Variations]"
Add component (AddParameter): Name = "Mounting Type"; Value = "SMD"; VariantName = "[No Variations]"
Add component (AddParameter): Name = "PartID"; Value = "234"; VariantName = "[No Variations]"
Add component (AddParameter): Name = "Stock number"; Value = "not stored"; VariantName = "[No Variations]"
Add component (AddParameter): Name = "Supplier 1"; Value = "Mouser"; VariantName = "[No Variations]"
Add component (AddParameter): Name = "Supplier Part Number 1"; Value = "652-CR0603FX-9763ELF"; VariantName = "[No Variations]"
Add component (AddParameter): Name = "Tolerance"; Value = "1%"; VariantName = "[No Variations]"
Add component (AddParameter): Name = "Type"; Value = "Resistor"; VariantName = "[No Variations]"
Add component (AddParameter): Name = "Value"; Value = "976k"; VariantName = "[No Variations]"
Added Component: Designator=R42B(RES 0603_1608)
Add component (AddParameter): Name = "Component Type"; Value = "SMD resistor"; VariantName = "[No Variations]"
Add component (AddParameter): Name = "ComponentLink1Description"; Value = "Datasheet"; VariantName = "[No Variations]"
Add component (AddParameter): Name = "ComponentLink1URL"; Value = "https://www.mouser.de/datasheet/2/54/cr-1858361.pdf"; VariantName = "[No Variations]"
Add component (AddParameter): Name = "Created from"; Value = "DHufnagel"; VariantName = "[No Variations]"
Add component (AddParameter): Name = "Created On"; Value = "25.07.2022 08:26:35"; VariantName = "[No Variations]"
Add component (AddParameter): Name = "Device Package"; Value = "0603"; VariantName = "[No Variations]"
Add component (AddParameter): Name = "Last Updated"; Value = "15.02.2023 18:14:05"; VariantName = "[No Variations]"
Add component (AddParameter): Name = "LCSC Part Number"; Value = "C162980"; VariantName = "[No Variations]"
Add component (AddParameter): Name = "Live Cycle Status"; Value = "1"; VariantName = "[No Variations]"
Add component (AddParameter): Name = "Manufacturer"; Value = "Bourns"; VariantName = "[No Variations]"
Add component (AddParameter): Name = "Manufacturer Part Number"; Value = "CR0603-FX-9763ELF"; VariantName = "[No Variations]"
Add component (AddParameter): Name = "Mounting Type"; Value = "SMD"; VariantName = "[No Variations]"
Add component (AddParameter): Name = "PartID"; Value = "234"; VariantName = "[No Variations]"
Add component (AddParameter): Name = "Stock number"; Value = "not stored"; VariantName = "[No Variations]"
Add component (AddParameter): Name = "Supplier 1"; Value = "Mouser"; VariantName = "[No Variations]"
Add component (AddParameter): Name = "Supplier Part Number 1"; Value = "652-CR0603FX-9763ELF"; VariantName = "[No Variations]"
Add component (AddParameter): Name = "Tolerance"; Value = "1%"; VariantName = "[No Variations]"
Add component (AddParameter): Name = "Type"; Value = "Resistor"; VariantName = "[No Variations]"
Add component (AddParameter): Name = "Value"; Value = "976k"; VariantName = "[No Variations]"
Added Component: Designator=R42C(RES 0603_1608)
Add component (AddParameter): Name = "Component Type"; Value = "SMD resistor"; VariantName = "[No Variations]"
Add component (AddParameter): Name = "ComponentLink1Description"; Value = "Datasheet"; VariantName = "[No Variations]"
Add component (AddParameter): Name = "ComponentLink1URL"; Value = "https://www.mouser.de/datasheet/2/54/cr-1858361.pdf"; VariantName = "[No Variations]"
Add component (AddParameter): Name = "Created from"; Value = "DHufnagel"; VariantName = "[No Variations]"
Add component (AddParameter): Name = "Created On"; Value = "25.07.2022 08:26:35"; VariantName = "[No Variations]"
Add component (AddParameter): Name = "Device Package"; Value = "0603"; VariantName = "[No Variations]"
Add component (AddParameter): Name = "Last Updated"; Value = "15.02.2023 18:14:05"; VariantName = "[No Variations]"
Add component (AddParameter): Name = "LCSC Part Number"; Value = "C162980"; VariantName = "[No Variations]"
Add component (AddParameter): Name = "Live Cycle Status"; Value = "1"; VariantName = "[No Variations]"
Add component (AddParameter): Name = "Manufacturer"; Value = "Bourns"; VariantName = "[No Variations]"
Add component (AddParameter): Name = "Manufacturer Part Number"; Value = "CR0603-FX-9763ELF"; VariantName = "[No Variations]"
Add component (AddParameter): Name = "Mounting Type"; Value = "SMD"; VariantName = "[No Variations]"
Add component (AddParameter): Name = "PartID"; Value = "234"; VariantName = "[No Variations]"
Add component (AddParameter): Name = "Stock number"; Value = "not stored"; VariantName = "[No Variations]"
Add component (AddParameter): Name = "Supplier 1"; Value = "Mouser"; VariantName = "[No Variations]"
Add component (AddParameter): Name = "Supplier Part Number 1"; Value = "652-CR0603FX-9763ELF"; VariantName = "[No Variations]"
Add component (AddParameter): Name = "Tolerance"; Value = "1%"; VariantName = "[No Variations]"
Add component (AddParameter): Name = "Type"; Value = "Resistor"; VariantName = "[No Variations]"
Add component (AddParameter): Name = "Value"; Value = "976k"; VariantName = "[No Variations]"
Added Component: Designator=R43A(RES 0603_1608)
Add component (AddParameter): Name = "Component Type"; Value = "SMD resistor"; VariantName = "[No Variations]"
Add component (AddParameter): Name = "ComponentLink1Description"; Value = "Datasheet"; VariantName = "[No Variations]"
Add component (AddParameter): Name = "ComponentLink1URL"; Value = "https://www.mouser.de/datasheet/2/219/RK73B-1825463.pdf"; VariantName = "[No Variations]"
Add component (AddParameter): Name = "Created from"; Value = "MGremer"; VariantName = "[No Variations]"
Add component (AddParameter): Name = "Created On"; Value = "14.12.2020 16:17:14"; VariantName = "[No Variations]"
Add component (AddParameter): Name = "Device Package"; Value = "0603"; VariantName = "[No Variations]"
Add component (AddParameter): Name = "Last Updated"; Value = "27.05.2022 14:04:22"; VariantName = "[No Variations]"
Add component (AddParameter): Name = "LCSC Part Number"; Value = "C25804"; VariantName = "[No Variations]"
Add component (AddParameter): Name = "Live Cycle Status"; Value = "1"; VariantName = "[No Variations]"
Add component (AddParameter): Name = "Manufacturer"; Value = "KOA Speer"; VariantName = "[No Variations]"
Add component (AddParameter): Name = "Manufacturer Part Number"; Value = "RK73B1JTTD103J"; VariantName = "[No Variations]"
Add component (AddParameter): Name = "Mounting Type"; Value = "SMD"; VariantName = "[No Variations]"
Add component (AddParameter): Name = "PartID"; Value = "98"; VariantName = "[No Variations]"
Add component (AddParameter): Name = "Stock number"; Value = "Labor SMD Container"; VariantName = "[No Variations]"
Add component (AddParameter): Name = "Supplier 1"; Value = "Mouser"; VariantName = "[No Variations]"
Add component (AddParameter): Name = "Supplier Part Number 1"; Value = "660-RK73B1JTTD103J"; VariantName = "[No Variations]"
Add component (AddParameter): Name = "Tolerance"; Value = "5%"; VariantName = "[No Variations]"
Add component (AddParameter): Name = "Type"; Value = "Resistor"; VariantName = "[No Variations]"
Add component (AddParameter): Name = "Value"; Value = "10k"; VariantName = "[No Variations]"
Added Component: Designator=R43B(RES 0603_1608)
Add component (AddParameter): Name = "Component Type"; Value = "SMD resistor"; VariantName = "[No Variations]"
Add component (AddParameter): Name = "ComponentLink1Description"; Value = "Datasheet"; VariantName = "[No Variations]"
Add component (AddParameter): Name = "ComponentLink1URL"; Value = "https://www.mouser.de/datasheet/2/219/RK73B-1825463.pdf"; VariantName = "[No Variations]"
Add component (AddParameter): Name = "Created from"; Value = "MGremer"; VariantName = "[No Variations]"
Add component (AddParameter): Name = "Created On"; Value = "14.12.2020 16:17:14"; VariantName = "[No Variations]"
Add component (AddParameter): Name = "Device Package"; Value = "0603"; VariantName = "[No Variations]"
Add component (AddParameter): Name = "Last Updated"; Value = "27.05.2022 14:04:22"; VariantName = "[No Variations]"
Add component (AddParameter): Name = "LCSC Part Number"; Value = "C25804"; VariantName = "[No Variations]"
Add component (AddParameter): Name = "Live Cycle Status"; Value = "1"; VariantName = "[No Variations]"
Add component (AddParameter): Name = "Manufacturer"; Value = "KOA Speer"; VariantName = "[No Variations]"
Add component (AddParameter): Name = "Manufacturer Part Number"; Value = "RK73B1JTTD103J"; VariantName = "[No Variations]"
Add component (AddParameter): Name = "Mounting Type"; Value = "SMD"; VariantName = "[No Variations]"
Add component (AddParameter): Name = "PartID"; Value = "98"; VariantName = "[No Variations]"
Add component (AddParameter): Name = "Stock number"; Value = "Labor SMD Container"; VariantName = "[No Variations]"
Add component (AddParameter): Name = "Supplier 1"; Value = "Mouser"; VariantName = "[No Variations]"
Add component (AddParameter): Name = "Supplier Part Number 1"; Value = "660-RK73B1JTTD103J"; VariantName = "[No Variations]"
Add component (AddParameter): Name = "Tolerance"; Value = "5%"; VariantName = "[No Variations]"
Add component (AddParameter): Name = "Type"; Value = "Resistor"; VariantName = "[No Variations]"
Add component (AddParameter): Name = "Value"; Value = "10k"; VariantName = "[No Variations]"
Added Component: Designator=R43C(RES 0603_1608)
Add component (AddParameter): Name = "Component Type"; Value = "SMD resistor"; VariantName = "[No Variations]"
Add component (AddParameter): Name = "ComponentLink1Description"; Value = "Datasheet"; VariantName = "[No Variations]"
Add component (AddParameter): Name = "ComponentLink1URL"; Value = "https://www.mouser.de/datasheet/2/219/RK73B-1825463.pdf"; VariantName = "[No Variations]"
Add component (AddParameter): Name = "Created from"; Value = "MGremer"; VariantName = "[No Variations]"
Add component (AddParameter): Name = "Created On"; Value = "14.12.2020 16:17:14"; VariantName = "[No Variations]"
Add component (AddParameter): Name = "Device Package"; Value = "0603"; VariantName = "[No Variations]"
Add component (AddParameter): Name = "Last Updated"; Value = "27.05.2022 14:04:22"; VariantName = "[No Variations]"
Add component (AddParameter): Name = "LCSC Part Number"; Value = "C25804"; VariantName = "[No Variations]"
Add component (AddParameter): Name = "Live Cycle Status"; Value = "1"; VariantName = "[No Variations]"
Add component (AddParameter): Name = "Manufacturer"; Value = "KOA Speer"; VariantName = "[No Variations]"
Add component (AddParameter): Name = "Manufacturer Part Number"; Value = "RK73B1JTTD103J"; VariantName = "[No Variations]"
Add component (AddParameter): Name = "Mounting Type"; Value = "SMD"; VariantName = "[No Variations]"
Add component (AddParameter): Name = "PartID"; Value = "98"; VariantName = "[No Variations]"
Add component (AddParameter): Name = "Stock number"; Value = "Labor SMD Container"; VariantName = "[No Variations]"
Add component (AddParameter): Name = "Supplier 1"; Value = "Mouser"; VariantName = "[No Variations]"
Add component (AddParameter): Name = "Supplier Part Number 1"; Value = "660-RK73B1JTTD103J"; VariantName = "[No Variations]"
Add component (AddParameter): Name = "Tolerance"; Value = "5%"; VariantName = "[No Variations]"
Add component (AddParameter): Name = "Type"; Value = "Resistor"; VariantName = "[No Variations]"
Add component (AddParameter): Name = "Value"; Value = "10k"; VariantName = "[No Variations]"
Added Component: Designator=R44A(RES 0603_1608)
Add component (AddParameter): Name = "Component Type"; Value = "SMD resistor"; VariantName = "[No Variations]"
Add component (AddParameter): Name = "ComponentLink1Description"; Value = "Datasheet"; VariantName = "[No Variations]"
Add component (AddParameter): Name = "ComponentLink1URL"; Value = "https://www.mouser.de/datasheet/2/219/RK73B-1825463.pdf"; VariantName = "[No Variations]"
Add component (AddParameter): Name = "Created from"; Value = "MGremer"; VariantName = "[No Variations]"
Add component (AddParameter): Name = "Created On"; Value = "14.12.2020 16:17:14"; VariantName = "[No Variations]"
Add component (AddParameter): Name = "Device Package"; Value = "0603"; VariantName = "[No Variations]"
Add component (AddParameter): Name = "Last Updated"; Value = "27.05.2022 14:04:22"; VariantName = "[No Variations]"
Add component (AddParameter): Name = "LCSC Part Number"; Value = "C25804"; VariantName = "[No Variations]"
Add component (AddParameter): Name = "Live Cycle Status"; Value = "1"; VariantName = "[No Variations]"
Add component (AddParameter): Name = "Manufacturer"; Value = "KOA Speer"; VariantName = "[No Variations]"
Add component (AddParameter): Name = "Manufacturer Part Number"; Value = "RK73B1JTTD103J"; VariantName = "[No Variations]"
Add component (AddParameter): Name = "Mounting Type"; Value = "SMD"; VariantName = "[No Variations]"
Add component (AddParameter): Name = "PartID"; Value = "98"; VariantName = "[No Variations]"
Add component (AddParameter): Name = "Stock number"; Value = "Labor SMD Container"; VariantName = "[No Variations]"
Add component (AddParameter): Name = "Supplier 1"; Value = "Mouser"; VariantName = "[No Variations]"
Add component (AddParameter): Name = "Supplier Part Number 1"; Value = "660-RK73B1JTTD103J"; VariantName = "[No Variations]"
Add component (AddParameter): Name = "Tolerance"; Value = "5%"; VariantName = "[No Variations]"
Add component (AddParameter): Name = "Type"; Value = "Resistor"; VariantName = "[No Variations]"
Add component (AddParameter): Name = "Value"; Value = "10k"; VariantName = "[No Variations]"
Added Component: Designator=R44B(RES 0603_1608)
Add component (AddParameter): Name = "Component Type"; Value = "SMD resistor"; VariantName = "[No Variations]"
Add component (AddParameter): Name = "ComponentLink1Description"; Value = "Datasheet"; VariantName = "[No Variations]"
Add component (AddParameter): Name = "ComponentLink1URL"; Value = "https://www.mouser.de/datasheet/2/219/RK73B-1825463.pdf"; VariantName = "[No Variations]"
Add component (AddParameter): Name = "Created from"; Value = "MGremer"; VariantName = "[No Variations]"
Add component (AddParameter): Name = "Created On"; Value = "14.12.2020 16:17:14"; VariantName = "[No Variations]"
Add component (AddParameter): Name = "Device Package"; Value = "0603"; VariantName = "[No Variations]"
Add component (AddParameter): Name = "Last Updated"; Value = "27.05.2022 14:04:22"; VariantName = "[No Variations]"
Add component (AddParameter): Name = "LCSC Part Number"; Value = "C25804"; VariantName = "[No Variations]"
Add component (AddParameter): Name = "Live Cycle Status"; Value = "1"; VariantName = "[No Variations]"
Add component (AddParameter): Name = "Manufacturer"; Value = "KOA Speer"; VariantName = "[No Variations]"
Add component (AddParameter): Name = "Manufacturer Part Number"; Value = "RK73B1JTTD103J"; VariantName = "[No Variations]"
Add component (AddParameter): Name = "Mounting Type"; Value = "SMD"; VariantName = "[No Variations]"
Add component (AddParameter): Name = "PartID"; Value = "98"; VariantName = "[No Variations]"
Add component (AddParameter): Name = "Stock number"; Value = "Labor SMD Container"; VariantName = "[No Variations]"
Add component (AddParameter): Name = "Supplier 1"; Value = "Mouser"; VariantName = "[No Variations]"
Add component (AddParameter): Name = "Supplier Part Number 1"; Value = "660-RK73B1JTTD103J"; VariantName = "[No Variations]"
Add component (AddParameter): Name = "Tolerance"; Value = "5%"; VariantName = "[No Variations]"
Add component (AddParameter): Name = "Type"; Value = "Resistor"; VariantName = "[No Variations]"
Add component (AddParameter): Name = "Value"; Value = "10k"; VariantName = "[No Variations]"
Added Component: Designator=R44C(RES 0603_1608)
Add component (AddParameter): Name = "Component Type"; Value = "SMD resistor"; VariantName = "[No Variations]"
Add component (AddParameter): Name = "ComponentLink1Description"; Value = "Datasheet"; VariantName = "[No Variations]"
Add component (AddParameter): Name = "ComponentLink1URL"; Value = "https://www.mouser.de/datasheet/2/219/RK73B-1825463.pdf"; VariantName = "[No Variations]"
Add component (AddParameter): Name = "Created from"; Value = "MGremer"; VariantName = "[No Variations]"
Add component (AddParameter): Name = "Created On"; Value = "14.12.2020 16:17:14"; VariantName = "[No Variations]"
Add component (AddParameter): Name = "Device Package"; Value = "0603"; VariantName = "[No Variations]"
Add component (AddParameter): Name = "Last Updated"; Value = "27.05.2022 14:04:22"; VariantName = "[No Variations]"
Add component (AddParameter): Name = "LCSC Part Number"; Value = "C25804"; VariantName = "[No Variations]"
Add component (AddParameter): Name = "Live Cycle Status"; Value = "1"; VariantName = "[No Variations]"
Add component (AddParameter): Name = "Manufacturer"; Value = "KOA Speer"; VariantName = "[No Variations]"
Add component (AddParameter): Name = "Manufacturer Part Number"; Value = "RK73B1JTTD103J"; VariantName = "[No Variations]"
Add component (AddParameter): Name = "Mounting Type"; Value = "SMD"; VariantName = "[No Variations]"
Add component (AddParameter): Name = "PartID"; Value = "98"; VariantName = "[No Variations]"
Add component (AddParameter): Name = "Stock number"; Value = "Labor SMD Container"; VariantName = "[No Variations]"
Add component (AddParameter): Name = "Supplier 1"; Value = "Mouser"; VariantName = "[No Variations]"
Add component (AddParameter): Name = "Supplier Part Number 1"; Value = "660-RK73B1JTTD103J"; VariantName = "[No Variations]"
Add component (AddParameter): Name = "Tolerance"; Value = "5%"; VariantName = "[No Variations]"
Add component (AddParameter): Name = "Type"; Value = "Resistor"; VariantName = "[No Variations]"
Add component (AddParameter): Name = "Value"; Value = "10k"; VariantName = "[No Variations]"
Added Component: Designator=R45A(RES 0603_1608)
Add component (AddParameter): Name = "Component Type"; Value = "SMD resistor"; VariantName = "[No Variations]"
Add component (AddParameter): Name = "ComponentLink1Description"; Value = "Datasheet"; VariantName = "[No Variations]"
Add component (AddParameter): Name = "ComponentLink1URL"; Value = "https://www.mouser.de/datasheet/2/219/RK73B-1825463.pdf"; VariantName = "[No Variations]"
Add component (AddParameter): Name = "Created from"; Value = "MGremer"; VariantName = "[No Variations]"
Add component (AddParameter): Name = "Created On"; Value = "14.12.2020 16:17:14"; VariantName = "[No Variations]"
Add component (AddParameter): Name = "Device Package"; Value = "0603"; VariantName = "[No Variations]"
Add component (AddParameter): Name = "Last Updated"; Value = "27.05.2022 14:04:22"; VariantName = "[No Variations]"
Add component (AddParameter): Name = "LCSC Part Number"; Value = "C25804"; VariantName = "[No Variations]"
Add component (AddParameter): Name = "Live Cycle Status"; Value = "1"; VariantName = "[No Variations]"
Add component (AddParameter): Name = "Manufacturer"; Value = "KOA Speer"; VariantName = "[No Variations]"
Add component (AddParameter): Name = "Manufacturer Part Number"; Value = "RK73B1JTTD103J"; VariantName = "[No Variations]"
Add component (AddParameter): Name = "Mounting Type"; Value = "SMD"; VariantName = "[No Variations]"
Add component (AddParameter): Name = "PartID"; Value = "98"; VariantName = "[No Variations]"
Add component (AddParameter): Name = "Stock number"; Value = "Labor SMD Container"; VariantName = "[No Variations]"
Add component (AddParameter): Name = "Supplier 1"; Value = "Mouser"; VariantName = "[No Variations]"
Add component (AddParameter): Name = "Supplier Part Number 1"; Value = "660-RK73B1JTTD103J"; VariantName = "[No Variations]"
Add component (AddParameter): Name = "Tolerance"; Value = "5%"; VariantName = "[No Variations]"
Add component (AddParameter): Name = "Type"; Value = "Resistor"; VariantName = "[No Variations]"
Add component (AddParameter): Name = "Value"; Value = "10k"; VariantName = "[No Variations]"
Added Component: Designator=R45B(RES 0603_1608)
Add component (AddParameter): Name = "Component Type"; Value = "SMD resistor"; VariantName = "[No Variations]"
Add component (AddParameter): Name = "ComponentLink1Description"; Value = "Datasheet"; VariantName = "[No Variations]"
Add component (AddParameter): Name = "ComponentLink1URL"; Value = "https://www.mouser.de/datasheet/2/219/RK73B-1825463.pdf"; VariantName = "[No Variations]"
Add component (AddParameter): Name = "Created from"; Value = "MGremer"; VariantName = "[No Variations]"
Add component (AddParameter): Name = "Created On"; Value = "14.12.2020 16:17:14"; VariantName = "[No Variations]"
Add component (AddParameter): Name = "Device Package"; Value = "0603"; VariantName = "[No Variations]"
Add component (AddParameter): Name = "Last Updated"; Value = "27.05.2022 14:04:22"; VariantName = "[No Variations]"
Add component (AddParameter): Name = "LCSC Part Number"; Value = "C25804"; VariantName = "[No Variations]"
Add component (AddParameter): Name = "Live Cycle Status"; Value = "1"; VariantName = "[No Variations]"
Add component (AddParameter): Name = "Manufacturer"; Value = "KOA Speer"; VariantName = "[No Variations]"
Add component (AddParameter): Name = "Manufacturer Part Number"; Value = "RK73B1JTTD103J"; VariantName = "[No Variations]"
Add component (AddParameter): Name = "Mounting Type"; Value = "SMD"; VariantName = "[No Variations]"
Add component (AddParameter): Name = "PartID"; Value = "98"; VariantName = "[No Variations]"
Add component (AddParameter): Name = "Stock number"; Value = "Labor SMD Container"; VariantName = "[No Variations]"
Add component (AddParameter): Name = "Supplier 1"; Value = "Mouser"; VariantName = "[No Variations]"
Add component (AddParameter): Name = "Supplier Part Number 1"; Value = "660-RK73B1JTTD103J"; VariantName = "[No Variations]"
Add component (AddParameter): Name = "Tolerance"; Value = "5%"; VariantName = "[No Variations]"
Add component (AddParameter): Name = "Type"; Value = "Resistor"; VariantName = "[No Variations]"
Add component (AddParameter): Name = "Value"; Value = "10k"; VariantName = "[No Variations]"
Added Component: Designator=R45C(RES 0603_1608)
Add component (AddParameter): Name = "Component Type"; Value = "SMD resistor"; VariantName = "[No Variations]"
Add component (AddParameter): Name = "ComponentLink1Description"; Value = "Datasheet"; VariantName = "[No Variations]"
Add component (AddParameter): Name = "ComponentLink1URL"; Value = "https://www.mouser.de/datasheet/2/219/RK73B-1825463.pdf"; VariantName = "[No Variations]"
Add component (AddParameter): Name = "Created from"; Value = "MGremer"; VariantName = "[No Variations]"
Add component (AddParameter): Name = "Created On"; Value = "14.12.2020 16:17:14"; VariantName = "[No Variations]"
Add component (AddParameter): Name = "Device Package"; Value = "0603"; VariantName = "[No Variations]"
Add component (AddParameter): Name = "Last Updated"; Value = "27.05.2022 14:04:22"; VariantName = "[No Variations]"
Add component (AddParameter): Name = "LCSC Part Number"; Value = "C25804"; VariantName = "[No Variations]"
Add component (AddParameter): Name = "Live Cycle Status"; Value = "1"; VariantName = "[No Variations]"
Add component (AddParameter): Name = "Manufacturer"; Value = "KOA Speer"; VariantName = "[No Variations]"
Add component (AddParameter): Name = "Manufacturer Part Number"; Value = "RK73B1JTTD103J"; VariantName = "[No Variations]"
Add component (AddParameter): Name = "Mounting Type"; Value = "SMD"; VariantName = "[No Variations]"
Add component (AddParameter): Name = "PartID"; Value = "98"; VariantName = "[No Variations]"
Add component (AddParameter): Name = "Stock number"; Value = "Labor SMD Container"; VariantName = "[No Variations]"
Add component (AddParameter): Name = "Supplier 1"; Value = "Mouser"; VariantName = "[No Variations]"
Add component (AddParameter): Name = "Supplier Part Number 1"; Value = "660-RK73B1JTTD103J"; VariantName = "[No Variations]"
Add component (AddParameter): Name = "Tolerance"; Value = "5%"; VariantName = "[No Variations]"
Add component (AddParameter): Name = "Type"; Value = "Resistor"; VariantName = "[No Variations]"
Add component (AddParameter): Name = "Value"; Value = "10k"; VariantName = "[No Variations]"
Added Component: Designator=R46A(RES 0603_1608)
Add component (AddParameter): Name = "Component Type"; Value = "SMD resistor"; VariantName = "[No Variations]"
Add component (AddParameter): Name = "ComponentLink1Description"; Value = "Datasheet"; VariantName = "[No Variations]"
Add component (AddParameter): Name = "ComponentLink1URL"; Value = "https://www.mouser.de/datasheet/2/219/RK73B-1825463.pdf"; VariantName = "[No Variations]"
Add component (AddParameter): Name = "Created from"; Value = "MGremer"; VariantName = "[No Variations]"
Add component (AddParameter): Name = "Created On"; Value = "14.12.2020 16:17:14"; VariantName = "[No Variations]"
Add component (AddParameter): Name = "Device Package"; Value = "0603"; VariantName = "[No Variations]"
Add component (AddParameter): Name = "Last Updated"; Value = "27.05.2022 14:04:22"; VariantName = "[No Variations]"
Add component (AddParameter): Name = "LCSC Part Number"; Value = "C25804"; VariantName = "[No Variations]"
Add component (AddParameter): Name = "Live Cycle Status"; Value = "1"; VariantName = "[No Variations]"
Add component (AddParameter): Name = "Manufacturer"; Value = "KOA Speer"; VariantName = "[No Variations]"
Add component (AddParameter): Name = "Manufacturer Part Number"; Value = "RK73B1JTTD103J"; VariantName = "[No Variations]"
Add component (AddParameter): Name = "Mounting Type"; Value = "SMD"; VariantName = "[No Variations]"
Add component (AddParameter): Name = "PartID"; Value = "98"; VariantName = "[No Variations]"
Add component (AddParameter): Name = "Stock number"; Value = "Labor SMD Container"; VariantName = "[No Variations]"
Add component (AddParameter): Name = "Supplier 1"; Value = "Mouser"; VariantName = "[No Variations]"
Add component (AddParameter): Name = "Supplier Part Number 1"; Value = "660-RK73B1JTTD103J"; VariantName = "[No Variations]"
Add component (AddParameter): Name = "Tolerance"; Value = "5%"; VariantName = "[No Variations]"
Add component (AddParameter): Name = "Type"; Value = "Resistor"; VariantName = "[No Variations]"
Add component (AddParameter): Name = "Value"; Value = "10k"; VariantName = "[No Variations]"
Added Component: Designator=R46B(RES 0603_1608)
Add component (AddParameter): Name = "Component Type"; Value = "SMD resistor"; VariantName = "[No Variations]"
Add component (AddParameter): Name = "ComponentLink1Description"; Value = "Datasheet"; VariantName = "[No Variations]"
Add component (AddParameter): Name = "ComponentLink1URL"; Value = "https://www.mouser.de/datasheet/2/219/RK73B-1825463.pdf"; VariantName = "[No Variations]"
Add component (AddParameter): Name = "Created from"; Value = "MGremer"; VariantName = "[No Variations]"
Add component (AddParameter): Name = "Created On"; Value = "14.12.2020 16:17:14"; VariantName = "[No Variations]"
Add component (AddParameter): Name = "Device Package"; Value = "0603"; VariantName = "[No Variations]"
Add component (AddParameter): Name = "Last Updated"; Value = "27.05.2022 14:04:22"; VariantName = "[No Variations]"
Add component (AddParameter): Name = "LCSC Part Number"; Value = "C25804"; VariantName = "[No Variations]"
Add component (AddParameter): Name = "Live Cycle Status"; Value = "1"; VariantName = "[No Variations]"
Add component (AddParameter): Name = "Manufacturer"; Value = "KOA Speer"; VariantName = "[No Variations]"
Add component (AddParameter): Name = "Manufacturer Part Number"; Value = "RK73B1JTTD103J"; VariantName = "[No Variations]"
Add component (AddParameter): Name = "Mounting Type"; Value = "SMD"; VariantName = "[No Variations]"
Add component (AddParameter): Name = "PartID"; Value = "98"; VariantName = "[No Variations]"
Add component (AddParameter): Name = "Stock number"; Value = "Labor SMD Container"; VariantName = "[No Variations]"
Add component (AddParameter): Name = "Supplier 1"; Value = "Mouser"; VariantName = "[No Variations]"
Add component (AddParameter): Name = "Supplier Part Number 1"; Value = "660-RK73B1JTTD103J"; VariantName = "[No Variations]"
Add component (AddParameter): Name = "Tolerance"; Value = "5%"; VariantName = "[No Variations]"
Add component (AddParameter): Name = "Type"; Value = "Resistor"; VariantName = "[No Variations]"
Add component (AddParameter): Name = "Value"; Value = "10k"; VariantName = "[No Variations]"
Added Component: Designator=R46C(RES 0603_1608)
Add component (AddParameter): Name = "Component Type"; Value = "SMD resistor"; VariantName = "[No Variations]"
Add component (AddParameter): Name = "ComponentLink1Description"; Value = "Datasheet"; VariantName = "[No Variations]"
Add component (AddParameter): Name = "ComponentLink1URL"; Value = "https://www.mouser.de/datasheet/2/219/RK73B-1825463.pdf"; VariantName = "[No Variations]"
Add component (AddParameter): Name = "Created from"; Value = "MGremer"; VariantName = "[No Variations]"
Add component (AddParameter): Name = "Created On"; Value = "14.12.2020 16:17:14"; VariantName = "[No Variations]"
Add component (AddParameter): Name = "Device Package"; Value = "0603"; VariantName = "[No Variations]"
Add component (AddParameter): Name = "Last Updated"; Value = "27.05.2022 14:04:22"; VariantName = "[No Variations]"
Add component (AddParameter): Name = "LCSC Part Number"; Value = "C25804"; VariantName = "[No Variations]"
Add component (AddParameter): Name = "Live Cycle Status"; Value = "1"; VariantName = "[No Variations]"
Add component (AddParameter): Name = "Manufacturer"; Value = "KOA Speer"; VariantName = "[No Variations]"
Add component (AddParameter): Name = "Manufacturer Part Number"; Value = "RK73B1JTTD103J"; VariantName = "[No Variations]"
Add component (AddParameter): Name = "Mounting Type"; Value = "SMD"; VariantName = "[No Variations]"
Add component (AddParameter): Name = "PartID"; Value = "98"; VariantName = "[No Variations]"
Add component (AddParameter): Name = "Stock number"; Value = "Labor SMD Container"; VariantName = "[No Variations]"
Add component (AddParameter): Name = "Supplier 1"; Value = "Mouser"; VariantName = "[No Variations]"
Add component (AddParameter): Name = "Supplier Part Number 1"; Value = "660-RK73B1JTTD103J"; VariantName = "[No Variations]"
Add component (AddParameter): Name = "Tolerance"; Value = "5%"; VariantName = "[No Variations]"
Add component (AddParameter): Name = "Type"; Value = "Resistor"; VariantName = "[No Variations]"
Add component (AddParameter): Name = "Value"; Value = "10k"; VariantName = "[No Variations]"
Added Component: Designator=R47(RES 0603_1608)
Add component (AddParameter): Name = "Component Type"; Value = "SMD resistor"; VariantName = "[No Variations]"
Add component (AddParameter): Name = "ComponentLink1Description"; Value = "Datasheet"; VariantName = "[No Variations]"
Add component (AddParameter): Name = "ComponentLink1URL"; Value = "https://www.mouser.de/datasheet/2/219/RK73B-1825463.pdf"; VariantName = "[No Variations]"
Add component (AddParameter): Name = "Created from"; Value = "MGremer"; VariantName = "[No Variations]"
Add component (AddParameter): Name = "Created On"; Value = "14.12.2020 16:17:14"; VariantName = "[No Variations]"
Add component (AddParameter): Name = "Device Package"; Value = "0603"; VariantName = "[No Variations]"
Add component (AddParameter): Name = "Last Updated"; Value = "27.05.2022 14:04:10"; VariantName = "[No Variations]"
Add component (AddParameter): Name = "LCSC Part Number"; Value = "C25803"; VariantName = "[No Variations]"
Add component (AddParameter): Name = "Live Cycle Status"; Value = "1"; VariantName = "[No Variations]"
Add component (AddParameter): Name = "Manufacturer"; Value = "KOA Speer"; VariantName = "[No Variations]"
Add component (AddParameter): Name = "Manufacturer Part Number"; Value = "RK73B1JTTD104J"; VariantName = "[No Variations]"
Add component (AddParameter): Name = "Mounting Type"; Value = "SMD"; VariantName = "[No Variations]"
Add component (AddParameter): Name = "PartID"; Value = "122"; VariantName = "[No Variations]"
Add component (AddParameter): Name = "Stock number"; Value = "Labor SMD Container"; VariantName = "[No Variations]"
Add component (AddParameter): Name = "Supplier 1"; Value = "Mouser"; VariantName = "[No Variations]"
Add component (AddParameter): Name = "Supplier Part Number 1"; Value = "660-RK73B1JTTD104J"; VariantName = "[No Variations]"
Add component (AddParameter): Name = "Tolerance"; Value = "5%"; VariantName = "[No Variations]"
Add component (AddParameter): Name = "Type"; Value = "Resistor"; VariantName = "[No Variations]"
Add component (AddParameter): Name = "Value"; Value = "100k"; VariantName = "[No Variations]"
Added Component: Designator=R50(3921)
Add component (AddParameter): Name = "Component Type"; Value = "Shunt SMD resistor"; VariantName = "[No Variations]"
Add component (AddParameter): Name = "ComponentLink1Description"; Value = "Datasheet"; VariantName = "[No Variations]"
Add component (AddParameter): Name = "ComponentLink1URL"; Value = "https://www.mouser.de/datasheet/2/447/PYu_PU_51_RoHS_L_8-3003083.pdf"; VariantName = "[No Variations]"
Add component (AddParameter): Name = "Created from"; Value = "DHufnagel"; VariantName = "[No Variations]"
Add component (AddParameter): Name = "Created On"; Value = "12.07.2022 07:38:48"; VariantName = "[No Variations]"
Add component (AddParameter): Name = "Device Package"; Value = "3921"; VariantName = "[No Variations]"
Add component (AddParameter): Name = "Last Updated"; Value = "16.06.2023 12:23:12"; VariantName = "[No Variations]"
Add component (AddParameter): Name = "LCSC Part Number"; Value = "C844494"; VariantName = "[No Variations]"
Add component (AddParameter): Name = "Live Cycle Status"; Value = "1"; VariantName = "[No Variations]"
Add component (AddParameter): Name = "Manufacturer"; Value = "Vishay"; VariantName = "[No Variations]"
Add component (AddParameter): Name = "Manufacturer Part Number"; Value = "WSL39212L000FEA"; VariantName = "[No Variations]"
Add component (AddParameter): Name = "Mounting Type"; Value = "SMD"; VariantName = "[No Variations]"
Add component (AddParameter): Name = "PartID"; Value = "236"; VariantName = "[No Variations]"
Add component (AddParameter): Name = "Stock number"; Value = "not stored"; VariantName = "[No Variations]"
Add component (AddParameter): Name = "Supplier 1"; Value = "Mouser"; VariantName = "[No Variations]"
Add component (AddParameter): Name = "Supplier Part Number 1"; Value = "71-WSL39212L000FEA"; VariantName = "[No Variations]"
Add component (AddParameter): Name = "Tolerance"; Value = "1%"; VariantName = "[No Variations]"
Add component (AddParameter): Name = "Type"; Value = "Shunt"; VariantName = "[No Variations]"
Add component (AddParameter): Name = "Value"; Value = "2mR"; VariantName = "[No Variations]"
Added Component: Designator=R53(RES 0603_1608)
Add component (AddParameter): Name = "Component Type"; Value = "SMD resistor"; VariantName = "[No Variations]"
Add component (AddParameter): Name = "ComponentLink1Description"; Value = "Datasheet"; VariantName = "[No Variations]"
Add component (AddParameter): Name = "ComponentLink1URL"; Value = "https://www.mouser.de/datasheet/2/414/PCF-1528243.pdf"; VariantName = "[No Variations]"
Add component (AddParameter): Name = "Created from"; Value = "MGremer"; VariantName = "[No Variations]"
Add component (AddParameter): Name = "Created On"; Value = "14.12.2020 16:17:14"; VariantName = "[No Variations]"
Add component (AddParameter): Name = "Device Package"; Value = "0603"; VariantName = "[No Variations]"
Add component (AddParameter): Name = "Last Updated"; Value = "21.02.2024 15:45:55"; VariantName = "[No Variations]"
Add component (AddParameter): Name = "LCSC Part Number"; Value = "C110776"; VariantName = "[No Variations]"
Add component (AddParameter): Name = "Live Cycle Status"; Value = "1"; VariantName = "[No Variations]"
Add component (AddParameter): Name = "Manufacturer"; Value = "IRC / TT Electronics"; VariantName = "[No Variations]"
Add component (AddParameter): Name = "Manufacturer Part Number"; Value = "PCF-W0603LF-03-1001-B-P-LT"; VariantName = "[No Variations]"
Add component (AddParameter): Name = "Mounting Type"; Value = "SMD"; VariantName = "[No Variations]"
Add component (AddParameter): Name = "PartID"; Value = "163"; VariantName = "[No Variations]"
Add component (AddParameter): Name = "Stock number"; Value = "not stored"; VariantName = "[No Variations]"
Add component (AddParameter): Name = "Supplier 1"; Value = "Mouser"; VariantName = "[No Variations]"
Add component (AddParameter): Name = "Supplier Part Number 1"; Value = "66-PCFW0603LF031001B"; VariantName = "[No Variations]"
Add component (AddParameter): Name = "Tolerance"; Value = "0.1%"; VariantName = "[No Variations]"
Add component (AddParameter): Name = "Type"; Value = "Resistor"; VariantName = "[No Variations]"
Add component (AddParameter): Name = "Value"; Value = "1k"; VariantName = "[No Variations]"
Added Component: Designator=R54(RES 0603_1608)
Add component (AddParameter): Name = "Component Type"; Value = "SMD resistor"; VariantName = "[No Variations]"
Add component (AddParameter): Name = "ComponentLink1Description"; Value = "Datasheet"; VariantName = "[No Variations]"
Add component (AddParameter): Name = "ComponentLink1URL"; Value = "https://www.mouser.de/datasheet/2/414/PCF-1528243.pdf"; VariantName = "[No Variations]"
Add component (AddParameter): Name = "Created from"; Value = "MGremer"; VariantName = "[No Variations]"
Add component (AddParameter): Name = "Created On"; Value = "14.12.2020 16:17:14"; VariantName = "[No Variations]"
Add component (AddParameter): Name = "Device Package"; Value = "0603"; VariantName = "[No Variations]"
Add component (AddParameter): Name = "Last Updated"; Value = "21.02.2024 15:45:55"; VariantName = "[No Variations]"
Add component (AddParameter): Name = "LCSC Part Number"; Value = "C110776"; VariantName = "[No Variations]"
Add component (AddParameter): Name = "Live Cycle Status"; Value = "1"; VariantName = "[No Variations]"
Add component (AddParameter): Name = "Manufacturer"; Value = "IRC / TT Electronics"; VariantName = "[No Variations]"
Add component (AddParameter): Name = "Manufacturer Part Number"; Value = "PCF-W0603LF-03-1001-B-P-LT"; VariantName = "[No Variations]"
Add component (AddParameter): Name = "Mounting Type"; Value = "SMD"; VariantName = "[No Variations]"
Add component (AddParameter): Name = "PartID"; Value = "163"; VariantName = "[No Variations]"
Add component (AddParameter): Name = "Stock number"; Value = "not stored"; VariantName = "[No Variations]"
Add component (AddParameter): Name = "Supplier 1"; Value = "Mouser"; VariantName = "[No Variations]"
Add component (AddParameter): Name = "Supplier Part Number 1"; Value = "66-PCFW0603LF031001B"; VariantName = "[No Variations]"
Add component (AddParameter): Name = "Tolerance"; Value = "0.1%"; VariantName = "[No Variations]"
Add component (AddParameter): Name = "Type"; Value = "Resistor"; VariantName = "[No Variations]"
Add component (AddParameter): Name = "Value"; Value = "1k"; VariantName = "[No Variations]"
Added Component: Designator=R55(RES 0603_1608)
Add component (AddParameter): Name = "Component Type"; Value = "SMD resistor"; VariantName = "[No Variations]"
Add component (AddParameter): Name = "ComponentLink1Description"; Value = "Datasheet"; VariantName = "[No Variations]"
Add component (AddParameter): Name = "ComponentLink1URL"; Value = "https://www.mouser.de/datasheet/2/315/AOA0000C328-1530132.pdf"; VariantName = "[No Variations]"
Add component (AddParameter): Name = "Created from"; Value = "DHufnagel"; VariantName = "[No Variations]"
Add component (AddParameter): Name = "Created On"; Value = "14.12.2020 16:17:14"; VariantName = "[No Variations]"
Add component (AddParameter): Name = "Device Package"; Value = "0603"; VariantName = "[No Variations]"
Add component (AddParameter): Name = "Last Updated"; Value = "02.03.2021 14:07:32"; VariantName = "[No Variations]"
Add component (AddParameter): Name = "LCSC Part Number"; Value = "C189729"; VariantName = "[No Variations]"
Add component (AddParameter): Name = "Live Cycle Status"; Value = "1"; VariantName = "[No Variations]"
Add component (AddParameter): Name = "Manufacturer"; Value = "Panasonic"; VariantName = "[No Variations]"
Add component (AddParameter): Name = "Manufacturer Part Number"; Value = "ERJ-PB3B2001V"; VariantName = "[No Variations]"
Add component (AddParameter): Name = "Mounting Type"; Value = "SMD"; VariantName = "[No Variations]"
Add component (AddParameter): Name = "PartID"; Value = "215"; VariantName = "[No Variations]"
Add component (AddParameter): Name = "Stock number"; Value = "not stored"; VariantName = "[No Variations]"
Add component (AddParameter): Name = "Supplier 1"; Value = "Mouser"; VariantName = "[No Variations]"
Add component (AddParameter): Name = "Supplier 2"; Value = "LCSC"; VariantName = "[No Variations]"
Add component (AddParameter): Name = "Supplier Part Number 1"; Value = "667-ERJ-PB3B2001V"; VariantName = "[No Variations]"
Add component (AddParameter): Name = "Supplier Part Number 2"; Value = "C189729"; VariantName = "[No Variations]"
Add component (AddParameter): Name = "Tolerance"; Value = "0.1%"; VariantName = "[No Variations]"
Add component (AddParameter): Name = "Type"; Value = "Resistor"; VariantName = "[No Variations]"
Add component (AddParameter): Name = "Value"; Value = "2k"; VariantName = "[No Variations]"
Added Component: Designator=R56(RES 0603_1608)
Add component (AddParameter): Name = "Component Type"; Value = "SMD resistor"; VariantName = "[No Variations]"
Add component (AddParameter): Name = "ComponentLink1Description"; Value = "Datasheet"; VariantName = "[No Variations]"
Add component (AddParameter): Name = "ComponentLink1URL"; Value = "https://www.mouser.de/datasheet/2/315/AOA0000C328-1530132.pdf"; VariantName = "[No Variations]"
Add component (AddParameter): Name = "Created from"; Value = "DHufnagel"; VariantName = "[No Variations]"
Add component (AddParameter): Name = "Created On"; Value = "14.12.2020 16:17:14"; VariantName = "[No Variations]"
Add component (AddParameter): Name = "Device Package"; Value = "0603"; VariantName = "[No Variations]"
Add component (AddParameter): Name = "Last Updated"; Value = "02.03.2021 14:07:32"; VariantName = "[No Variations]"
Add component (AddParameter): Name = "LCSC Part Number"; Value = "C189729"; VariantName = "[No Variations]"
Add component (AddParameter): Name = "Live Cycle Status"; Value = "1"; VariantName = "[No Variations]"
Add component (AddParameter): Name = "Manufacturer"; Value = "Panasonic"; VariantName = "[No Variations]"
Add component (AddParameter): Name = "Manufacturer Part Number"; Value = "ERJ-PB3B2001V"; VariantName = "[No Variations]"
Add component (AddParameter): Name = "Mounting Type"; Value = "SMD"; VariantName = "[No Variations]"
Add component (AddParameter): Name = "PartID"; Value = "215"; VariantName = "[No Variations]"
Add component (AddParameter): Name = "Stock number"; Value = "not stored"; VariantName = "[No Variations]"
Add component (AddParameter): Name = "Supplier 1"; Value = "Mouser"; VariantName = "[No Variations]"
Add component (AddParameter): Name = "Supplier 2"; Value = "LCSC"; VariantName = "[No Variations]"
Add component (AddParameter): Name = "Supplier Part Number 1"; Value = "667-ERJ-PB3B2001V"; VariantName = "[No Variations]"
Add component (AddParameter): Name = "Supplier Part Number 2"; Value = "C189729"; VariantName = "[No Variations]"
Add component (AddParameter): Name = "Tolerance"; Value = "0.1%"; VariantName = "[No Variations]"
Add component (AddParameter): Name = "Type"; Value = "Resistor"; VariantName = "[No Variations]"
Add component (AddParameter): Name = "Value"; Value = "2k"; VariantName = "[No Variations]"
Added Component: Designator=R57(RES 0603_1608)
Add component (AddParameter): Name = "Component Type"; Value = "SMD resistor"; VariantName = "[No Variations]"
Add component (AddParameter): Name = "ComponentLink1Description"; Value = "Datasheet"; VariantName = "[No Variations]"
Add component (AddParameter): Name = "ComponentLink1URL"; Value = "https://www.mouser.de/datasheet/2/219/RK73H-1825326.pdf"; VariantName = "[No Variations]"
Add component (AddParameter): Name = "Created from"; Value = "DHufnagel"; VariantName = "[No Variations]"
Add component (AddParameter): Name = "Created On"; Value = "14.12.2020 16:17:14"; VariantName = "[No Variations]"
Add component (AddParameter): Name = "Device Package"; Value = "0603"; VariantName = "[No Variations]"
Add component (AddParameter): Name = "Last Updated"; Value = "27.05.2022 13:46:35"; VariantName = "[No Variations]"
Add component (AddParameter): Name = "LCSC Part Number"; Value = "C160046"; VariantName = "[No Variations]"
Add component (AddParameter): Name = "Live Cycle Status"; Value = "1"; VariantName = "[No Variations]"
Add component (AddParameter): Name = "Manufacturer"; Value = "KOA Speer"; VariantName = "[No Variations]"
Add component (AddParameter): Name = "Manufacturer Part Number"; Value = "RK73H1JTTD49R9F"; VariantName = "[No Variations]"
Add component (AddParameter): Name = "Mounting Type"; Value = "SMD"; VariantName = "[No Variations]"
Add component (AddParameter): Name = "PartID"; Value = "214"; VariantName = "[No Variations]"
Add component (AddParameter): Name = "Stock number"; Value = "not stored"; VariantName = "[No Variations]"
Add component (AddParameter): Name = "Supplier 1"; Value = "Mouser"; VariantName = "[No Variations]"
Add component (AddParameter): Name = "Supplier 2"; Value = "LCSC"; VariantName = "[No Variations]"
Add component (AddParameter): Name = "Supplier Part Number 1"; Value = "660-RK73H1JTTD49R9F"; VariantName = "[No Variations]"
Add component (AddParameter): Name = "Supplier Part Number 2"; Value = "C160046"; VariantName = "[No Variations]"
Add component (AddParameter): Name = "Tolerance"; Value = "1%"; VariantName = "[No Variations]"
Add component (AddParameter): Name = "Type"; Value = "Resistor"; VariantName = "[No Variations]"
Add component (AddParameter): Name = "Value"; Value = "49R9"; VariantName = "[No Variations]"
Added Component: Designator=R58(RES 0603_1608)
Add component (AddParameter): Name = "Component Type"; Value = "SMD resistor"; VariantName = "[No Variations]"
Add component (AddParameter): Name = "ComponentLink1Description"; Value = "Datasheet"; VariantName = "[No Variations]"
Add component (AddParameter): Name = "ComponentLink1URL"; Value = "https://www.mouser.de/datasheet/2/219/RK73H-1825326.pdf"; VariantName = "[No Variations]"
Add component (AddParameter): Name = "Created from"; Value = "DHufnagel"; VariantName = "[No Variations]"
Add component (AddParameter): Name = "Created On"; Value = "14.12.2020 16:17:14"; VariantName = "[No Variations]"
Add component (AddParameter): Name = "Device Package"; Value = "0603"; VariantName = "[No Variations]"
Add component (AddParameter): Name = "Last Updated"; Value = "27.05.2022 13:46:35"; VariantName = "[No Variations]"
Add component (AddParameter): Name = "LCSC Part Number"; Value = "C160046"; VariantName = "[No Variations]"
Add component (AddParameter): Name = "Live Cycle Status"; Value = "1"; VariantName = "[No Variations]"
Add component (AddParameter): Name = "Manufacturer"; Value = "KOA Speer"; VariantName = "[No Variations]"
Add component (AddParameter): Name = "Manufacturer Part Number"; Value = "RK73H1JTTD49R9F"; VariantName = "[No Variations]"
Add component (AddParameter): Name = "Mounting Type"; Value = "SMD"; VariantName = "[No Variations]"
Add component (AddParameter): Name = "PartID"; Value = "214"; VariantName = "[No Variations]"
Add component (AddParameter): Name = "Stock number"; Value = "not stored"; VariantName = "[No Variations]"
Add component (AddParameter): Name = "Supplier 1"; Value = "Mouser"; VariantName = "[No Variations]"
Add component (AddParameter): Name = "Supplier 2"; Value = "LCSC"; VariantName = "[No Variations]"
Add component (AddParameter): Name = "Supplier Part Number 1"; Value = "660-RK73H1JTTD49R9F"; VariantName = "[No Variations]"
Add component (AddParameter): Name = "Supplier Part Number 2"; Value = "C160046"; VariantName = "[No Variations]"
Add component (AddParameter): Name = "Tolerance"; Value = "1%"; VariantName = "[No Variations]"
Add component (AddParameter): Name = "Type"; Value = "Resistor"; VariantName = "[No Variations]"
Add component (AddParameter): Name = "Value"; Value = "49R9"; VariantName = "[No Variations]"
Added Component: Designator=R60(RES 0603_1608)
Add component (AddParameter): Name = "Component Type"; Value = "SMD resistor"; VariantName = "[No Variations]"
Add component (AddParameter): Name = "ComponentLink1Description"; Value = "Datasheet"; VariantName = "[No Variations]"
Add component (AddParameter): Name = "ComponentLink1URL"; Value = "https://www.mouser.de/datasheet/2/418/5/ENG_DS_1773270_2_B-1533717.pdf"; VariantName = "[No Variations]"
Add component (AddParameter): Name = "Created from"; Value = "DHufnagel"; VariantName = "[No Variations]"
Add component (AddParameter): Name = "Created On"; Value = "14.12.2020 16:17:14"; VariantName = "[No Variations]"
Add component (AddParameter): Name = "Device Package"; Value = "0603"; VariantName = "[No Variations]"
Add component (AddParameter): Name = "Last Updated"; Value = "21.02.2024 16:00:52"; VariantName = "[No Variations]"
Add component (AddParameter): Name = "LCSC Part Number"; Value = "C326736"; VariantName = "[No Variations]"
Add component (AddParameter): Name = "Live Cycle Status"; Value = "1"; VariantName = "[No Variations]"
Add component (AddParameter): Name = "Manufacturer"; Value = "TE Connectivity / Holsworthy"; VariantName = "[No Variations]"
Add component (AddParameter): Name = "Manufacturer Part Number"; Value = "RQ73C1J110KBTD"; VariantName = "[No Variations]"
Add component (AddParameter): Name = "Mounting Type"; Value = "SMD"; VariantName = "[No Variations]"
Add component (AddParameter): Name = "PartID"; Value = "216"; VariantName = "[No Variations]"
Add component (AddParameter): Name = "Stock number"; Value = "not stored"; VariantName = "[No Variations]"
Add component (AddParameter): Name = "Supplier 1"; Value = "Mouser"; VariantName = "[No Variations]"
Add component (AddParameter): Name = "Supplier 2"; Value = "LCSC"; VariantName = "[No Variations]"
Add component (AddParameter): Name = "Supplier Part Number 1"; Value = "279-RQ73C1J110KBTD"; VariantName = "[No Variations]"
Add component (AddParameter): Name = "Supplier Part Number 2"; Value = "C326736"; VariantName = "[No Variations]"
Add component (AddParameter): Name = "Tolerance"; Value = "0.1%"; VariantName = "[No Variations]"
Add component (AddParameter): Name = "Type"; Value = "Resistor"; VariantName = "[No Variations]"
Add component (AddParameter): Name = "Value"; Value = "110k"; VariantName = "[No Variations]"
Added Component: Designator=R61(RES 0603_1608)
Add component (AddParameter): Name = "Component Type"; Value = "SMD resistor"; VariantName = "[No Variations]"
Add component (AddParameter): Name = "ComponentLink1Description"; Value = "Datasheet"; VariantName = "[No Variations]"
Add component (AddParameter): Name = "ComponentLink1URL"; Value = "https://www.mouser.de/datasheet/2/418/5/ENG_DS_1773270_2_B-1533717.pdf"; VariantName = "[No Variations]"
Add component (AddParameter): Name = "Created from"; Value = "DHufnagel"; VariantName = "[No Variations]"
Add component (AddParameter): Name = "Created On"; Value = "14.12.2020 16:17:14"; VariantName = "[No Variations]"
Add component (AddParameter): Name = "Device Package"; Value = "0603"; VariantName = "[No Variations]"
Add component (AddParameter): Name = "Last Updated"; Value = "21.02.2024 15:51:17"; VariantName = "[No Variations]"
Add component (AddParameter): Name = "LCSC Part Number"; Value = "C95204"; VariantName = "[No Variations]"
Add component (AddParameter): Name = "Live Cycle Status"; Value = "1"; VariantName = "[No Variations]"
Add component (AddParameter): Name = "Manufacturer"; Value = "TE Connectivity"; VariantName = "[No Variations]"
Add component (AddParameter): Name = "Manufacturer Part Number"; Value = "RQ73C1J10KBTD"; VariantName = "[No Variations]"
Add component (AddParameter): Name = "Mounting Type"; Value = "SMD"; VariantName = "[No Variations]"
Add component (AddParameter): Name = "PartID"; Value = "231"; VariantName = "[No Variations]"
Add component (AddParameter): Name = "Stock number"; Value = "not stored"; VariantName = "[No Variations]"
Add component (AddParameter): Name = "Supplier 1"; Value = "Mouser"; VariantName = "[No Variations]"
Add component (AddParameter): Name = "Supplier 2"; Value = "LCSC"; VariantName = "[No Variations]"
Add component (AddParameter): Name = "Supplier Part Number 1"; Value = "279-RQ73C1J10KBTD"; VariantName = "[No Variations]"
Add component (AddParameter): Name = "Supplier Part Number 2"; Value = "C95204"; VariantName = "[No Variations]"
Add component (AddParameter): Name = "Tolerance"; Value = "0.1%"; VariantName = "[No Variations]"
Add component (AddParameter): Name = "Type"; Value = "Resistor"; VariantName = "[No Variations]"
Add component (AddParameter): Name = "Value"; Value = "10k"; VariantName = "[No Variations]"
Added Component: Designator=R62(RES 0603_1608)
Add component (AddParameter): Name = "Component Type"; Value = "SMD resistor"; VariantName = "[No Variations]"
Add component (AddParameter): Name = "ComponentLink1Description"; Value = "Datasheet"; VariantName = "[No Variations]"
Add component (AddParameter): Name = "ComponentLink1URL"; Value = "https://www.mouser.de/datasheet/2/418/5/ENG_DS_1773270_2_B-1533717.pdf"; VariantName = "[No Variations]"
Add component (AddParameter): Name = "Created from"; Value = "DHufnagel"; VariantName = "[No Variations]"
Add component (AddParameter): Name = "Created On"; Value = "14.12.2020 16:17:14"; VariantName = "[No Variations]"
Add component (AddParameter): Name = "Device Package"; Value = "0603"; VariantName = "[No Variations]"
Add component (AddParameter): Name = "Last Updated"; Value = "21.02.2024 15:51:17"; VariantName = "[No Variations]"
Add component (AddParameter): Name = "LCSC Part Number"; Value = "C95204"; VariantName = "[No Variations]"
Add component (AddParameter): Name = "Live Cycle Status"; Value = "1"; VariantName = "[No Variations]"
Add component (AddParameter): Name = "Manufacturer"; Value = "TE Connectivity"; VariantName = "[No Variations]"
Add component (AddParameter): Name = "Manufacturer Part Number"; Value = "RQ73C1J10KBTD"; VariantName = "[No Variations]"
Add component (AddParameter): Name = "Mounting Type"; Value = "SMD"; VariantName = "[No Variations]"
Add component (AddParameter): Name = "PartID"; Value = "231"; VariantName = "[No Variations]"
Add component (AddParameter): Name = "Stock number"; Value = "not stored"; VariantName = "[No Variations]"
Add component (AddParameter): Name = "Supplier 1"; Value = "Mouser"; VariantName = "[No Variations]"
Add component (AddParameter): Name = "Supplier 2"; Value = "LCSC"; VariantName = "[No Variations]"
Add component (AddParameter): Name = "Supplier Part Number 1"; Value = "279-RQ73C1J10KBTD"; VariantName = "[No Variations]"
Add component (AddParameter): Name = "Supplier Part Number 2"; Value = "C95204"; VariantName = "[No Variations]"
Add component (AddParameter): Name = "Tolerance"; Value = "0.1%"; VariantName = "[No Variations]"
Add component (AddParameter): Name = "Type"; Value = "Resistor"; VariantName = "[No Variations]"
Add component (AddParameter): Name = "Value"; Value = "10k"; VariantName = "[No Variations]"
Added Component: Designator=R63(RES 0603_1608)
Add component (AddParameter): Name = "Component Type"; Value = "SMD resistor"; VariantName = "[No Variations]"
Add component (AddParameter): Name = "ComponentLink1Description"; Value = "Datasheet"; VariantName = "[No Variations]"
Add component (AddParameter): Name = "ComponentLink1URL"; Value = "https://www.mouser.de/datasheet/2/418/5/ENG_DS_1773270_2_B-1533717.pdf"; VariantName = "[No Variations]"
Add component (AddParameter): Name = "Created from"; Value = "DHufnagel"; VariantName = "[No Variations]"
Add component (AddParameter): Name = "Created On"; Value = "14.12.2020 16:17:14"; VariantName = "[No Variations]"
Add component (AddParameter): Name = "Device Package"; Value = "0603"; VariantName = "[No Variations]"
Add component (AddParameter): Name = "Last Updated"; Value = "21.02.2024 16:00:52"; VariantName = "[No Variations]"
Add component (AddParameter): Name = "LCSC Part Number"; Value = "C326736"; VariantName = "[No Variations]"
Add component (AddParameter): Name = "Live Cycle Status"; Value = "1"; VariantName = "[No Variations]"
Add component (AddParameter): Name = "Manufacturer"; Value = "TE Connectivity / Holsworthy"; VariantName = "[No Variations]"
Add component (AddParameter): Name = "Manufacturer Part Number"; Value = "RQ73C1J110KBTD"; VariantName = "[No Variations]"
Add component (AddParameter): Name = "Mounting Type"; Value = "SMD"; VariantName = "[No Variations]"
Add component (AddParameter): Name = "PartID"; Value = "216"; VariantName = "[No Variations]"
Add component (AddParameter): Name = "Stock number"; Value = "not stored"; VariantName = "[No Variations]"
Add component (AddParameter): Name = "Supplier 1"; Value = "Mouser"; VariantName = "[No Variations]"
Add component (AddParameter): Name = "Supplier 2"; Value = "LCSC"; VariantName = "[No Variations]"
Add component (AddParameter): Name = "Supplier Part Number 1"; Value = "279-RQ73C1J110KBTD"; VariantName = "[No Variations]"
Add component (AddParameter): Name = "Supplier Part Number 2"; Value = "C326736"; VariantName = "[No Variations]"
Add component (AddParameter): Name = "Tolerance"; Value = "0.1%"; VariantName = "[No Variations]"
Add component (AddParameter): Name = "Type"; Value = "Resistor"; VariantName = "[No Variations]"
Add component (AddParameter): Name = "Value"; Value = "110k"; VariantName = "[No Variations]"
Added Component: Designator=R67(RES 0603_1608)
Add component (AddParameter): Name = "Component Type"; Value = "SMD resistor"; VariantName = "[No Variations]"
Add component (AddParameter): Name = "ComponentLink1Description"; Value = "Datasheet"; VariantName = "[No Variations]"
Add component (AddParameter): Name = "ComponentLink1URL"; Value = "https://www.mouser.de/datasheet/2/219/RK73H-1825326.pdf"; VariantName = "[No Variations]"
Add component (AddParameter): Name = "Created from"; Value = "DHufnagel"; VariantName = "[No Variations]"
Add component (AddParameter): Name = "Created On"; Value = "14.12.2020 16:17:14"; VariantName = "[No Variations]"
Add component (AddParameter): Name = "Device Package"; Value = "0603"; VariantName = "[No Variations]"
Add component (AddParameter): Name = "Last Updated"; Value = "27.05.2022 13:46:35"; VariantName = "[No Variations]"
Add component (AddParameter): Name = "LCSC Part Number"; Value = "C160046"; VariantName = "[No Variations]"
Add component (AddParameter): Name = "Live Cycle Status"; Value = "1"; VariantName = "[No Variations]"
Add component (AddParameter): Name = "Manufacturer"; Value = "KOA Speer"; VariantName = "[No Variations]"
Add component (AddParameter): Name = "Manufacturer Part Number"; Value = "RK73H1JTTD49R9F"; VariantName = "[No Variations]"
Add component (AddParameter): Name = "Mounting Type"; Value = "SMD"; VariantName = "[No Variations]"
Add component (AddParameter): Name = "PartID"; Value = "214"; VariantName = "[No Variations]"
Add component (AddParameter): Name = "Stock number"; Value = "not stored"; VariantName = "[No Variations]"
Add component (AddParameter): Name = "Supplier 1"; Value = "Mouser"; VariantName = "[No Variations]"
Add component (AddParameter): Name = "Supplier 2"; Value = "LCSC"; VariantName = "[No Variations]"
Add component (AddParameter): Name = "Supplier Part Number 1"; Value = "660-RK73H1JTTD49R9F"; VariantName = "[No Variations]"
Add component (AddParameter): Name = "Supplier Part Number 2"; Value = "C160046"; VariantName = "[No Variations]"
Add component (AddParameter): Name = "Tolerance"; Value = "1%"; VariantName = "[No Variations]"
Add component (AddParameter): Name = "Type"; Value = "Resistor"; VariantName = "[No Variations]"
Add component (AddParameter): Name = "Value"; Value = "49R9"; VariantName = "[No Variations]"
Added Component: Designator=R68(RES 0603_1608)
Add component (AddParameter): Name = "Component Type"; Value = "SMD resistor"; VariantName = "[No Variations]"
Add component (AddParameter): Name = "ComponentLink1Description"; Value = "Datasheet"; VariantName = "[No Variations]"
Add component (AddParameter): Name = "ComponentLink1URL"; Value = "https://www.mouser.de/datasheet/2/219/RK73H-1825326.pdf"; VariantName = "[No Variations]"
Add component (AddParameter): Name = "Created from"; Value = "DHufnagel"; VariantName = "[No Variations]"
Add component (AddParameter): Name = "Created On"; Value = "14.12.2020 16:17:14"; VariantName = "[No Variations]"
Add component (AddParameter): Name = "Device Package"; Value = "0603"; VariantName = "[No Variations]"
Add component (AddParameter): Name = "Last Updated"; Value = "27.05.2022 13:46:35"; VariantName = "[No Variations]"
Add component (AddParameter): Name = "LCSC Part Number"; Value = "C160046"; VariantName = "[No Variations]"
Add component (AddParameter): Name = "Live Cycle Status"; Value = "1"; VariantName = "[No Variations]"
Add component (AddParameter): Name = "Manufacturer"; Value = "KOA Speer"; VariantName = "[No Variations]"
Add component (AddParameter): Name = "Manufacturer Part Number"; Value = "RK73H1JTTD49R9F"; VariantName = "[No Variations]"
Add component (AddParameter): Name = "Mounting Type"; Value = "SMD"; VariantName = "[No Variations]"
Add component (AddParameter): Name = "PartID"; Value = "214"; VariantName = "[No Variations]"
Add component (AddParameter): Name = "Stock number"; Value = "not stored"; VariantName = "[No Variations]"
Add component (AddParameter): Name = "Supplier 1"; Value = "Mouser"; VariantName = "[No Variations]"
Add component (AddParameter): Name = "Supplier 2"; Value = "LCSC"; VariantName = "[No Variations]"
Add component (AddParameter): Name = "Supplier Part Number 1"; Value = "660-RK73H1JTTD49R9F"; VariantName = "[No Variations]"
Add component (AddParameter): Name = "Supplier Part Number 2"; Value = "C160046"; VariantName = "[No Variations]"
Add component (AddParameter): Name = "Tolerance"; Value = "1%"; VariantName = "[No Variations]"
Add component (AddParameter): Name = "Type"; Value = "Resistor"; VariantName = "[No Variations]"
Add component (AddParameter): Name = "Value"; Value = "49R9"; VariantName = "[No Variations]"
Added Component: Designator=R72(RES 0603_1608)
Add component (AddParameter): Name = "Component Type"; Value = "SMD resistor"; VariantName = "[No Variations]"
Add component (AddParameter): Name = "ComponentLink1Description"; Value = "Datasheet"; VariantName = "[No Variations]"
Add component (AddParameter): Name = "ComponentLink1URL"; Value = "https://www.mouser.de/datasheet/2/418/5/ENG_DS_1773270_2_B-1533717.pdf"; VariantName = "[No Variations]"
Add component (AddParameter): Name = "Created from"; Value = "DHufnagel"; VariantName = "[No Variations]"
Add component (AddParameter): Name = "Created On"; Value = "14.12.2020 16:17:14"; VariantName = "[No Variations]"
Add component (AddParameter): Name = "Device Package"; Value = "0603"; VariantName = "[No Variations]"
Add component (AddParameter): Name = "Last Updated"; Value = "21.02.2024 15:51:17"; VariantName = "[No Variations]"
Add component (AddParameter): Name = "LCSC Part Number"; Value = "C95204"; VariantName = "[No Variations]"
Add component (AddParameter): Name = "Live Cycle Status"; Value = "1"; VariantName = "[No Variations]"
Add component (AddParameter): Name = "Manufacturer"; Value = "TE Connectivity"; VariantName = "[No Variations]"
Add component (AddParameter): Name = "Manufacturer Part Number"; Value = "RQ73C1J10KBTD"; VariantName = "[No Variations]"
Add component (AddParameter): Name = "Mounting Type"; Value = "SMD"; VariantName = "[No Variations]"
Add component (AddParameter): Name = "PartID"; Value = "231"; VariantName = "[No Variations]"
Add component (AddParameter): Name = "Stock number"; Value = "not stored"; VariantName = "[No Variations]"
Add component (AddParameter): Name = "Supplier 1"; Value = "Mouser"; VariantName = "[No Variations]"
Add component (AddParameter): Name = "Supplier 2"; Value = "LCSC"; VariantName = "[No Variations]"
Add component (AddParameter): Name = "Supplier Part Number 1"; Value = "279-RQ73C1J10KBTD"; VariantName = "[No Variations]"
Add component (AddParameter): Name = "Supplier Part Number 2"; Value = "C95204"; VariantName = "[No Variations]"
Add component (AddParameter): Name = "Tolerance"; Value = "0.1%"; VariantName = "[No Variations]"
Add component (AddParameter): Name = "Type"; Value = "Resistor"; VariantName = "[No Variations]"
Add component (AddParameter): Name = "Value"; Value = "10k"; VariantName = "[No Variations]"
Added Component: Designator=R73(RES 0603_1608)
Add component (AddParameter): Name = "Component Type"; Value = "SMD resistor"; VariantName = "[No Variations]"
Add component (AddParameter): Name = "ComponentLink1Description"; Value = "Datasheet"; VariantName = "[No Variations]"
Add component (AddParameter): Name = "ComponentLink1URL"; Value = "https://www.mouser.de/datasheet/2/418/5/ENG_DS_1773270_2_B-1533717.pdf"; VariantName = "[No Variations]"
Add component (AddParameter): Name = "Created from"; Value = "DHufnagel"; VariantName = "[No Variations]"
Add component (AddParameter): Name = "Created On"; Value = "14.12.2020 16:17:14"; VariantName = "[No Variations]"
Add component (AddParameter): Name = "Device Package"; Value = "0603"; VariantName = "[No Variations]"
Add component (AddParameter): Name = "Last Updated"; Value = "21.02.2024 16:00:52"; VariantName = "[No Variations]"
Add component (AddParameter): Name = "LCSC Part Number"; Value = "C326736"; VariantName = "[No Variations]"
Add component (AddParameter): Name = "Live Cycle Status"; Value = "1"; VariantName = "[No Variations]"
Add component (AddParameter): Name = "Manufacturer"; Value = "TE Connectivity / Holsworthy"; VariantName = "[No Variations]"
Add component (AddParameter): Name = "Manufacturer Part Number"; Value = "RQ73C1J110KBTD"; VariantName = "[No Variations]"
Add component (AddParameter): Name = "Mounting Type"; Value = "SMD"; VariantName = "[No Variations]"
Add component (AddParameter): Name = "PartID"; Value = "216"; VariantName = "[No Variations]"
Add component (AddParameter): Name = "Stock number"; Value = "not stored"; VariantName = "[No Variations]"
Add component (AddParameter): Name = "Supplier 1"; Value = "Mouser"; VariantName = "[No Variations]"
Add component (AddParameter): Name = "Supplier 2"; Value = "LCSC"; VariantName = "[No Variations]"
Add component (AddParameter): Name = "Supplier Part Number 1"; Value = "279-RQ73C1J110KBTD"; VariantName = "[No Variations]"
Add component (AddParameter): Name = "Supplier Part Number 2"; Value = "C326736"; VariantName = "[No Variations]"
Add component (AddParameter): Name = "Tolerance"; Value = "0.1%"; VariantName = "[No Variations]"
Add component (AddParameter): Name = "Type"; Value = "Resistor"; VariantName = "[No Variations]"
Add component (AddParameter): Name = "Value"; Value = "110k"; VariantName = "[No Variations]"
Added Component: Designator=R74(RES 0603_1608)
Add component (AddParameter): Name = "Component Type"; Value = "SMD resistor"; VariantName = "[No Variations]"
Add component (AddParameter): Name = "ComponentLink1Description"; Value = "Datasheet"; VariantName = "[No Variations]"
Add component (AddParameter): Name = "ComponentLink1URL"; Value = "https://www.mouser.de/datasheet/2/418/5/ENG_DS_1773270_2_B-1533717.pdf"; VariantName = "[No Variations]"
Add component (AddParameter): Name = "Created from"; Value = "DHufnagel"; VariantName = "[No Variations]"
Add component (AddParameter): Name = "Created On"; Value = "14.12.2020 16:17:14"; VariantName = "[No Variations]"
Add component (AddParameter): Name = "Device Package"; Value = "0603"; VariantName = "[No Variations]"
Add component (AddParameter): Name = "Last Updated"; Value = "21.02.2024 15:51:17"; VariantName = "[No Variations]"
Add component (AddParameter): Name = "LCSC Part Number"; Value = "C95204"; VariantName = "[No Variations]"
Add component (AddParameter): Name = "Live Cycle Status"; Value = "1"; VariantName = "[No Variations]"
Add component (AddParameter): Name = "Manufacturer"; Value = "TE Connectivity"; VariantName = "[No Variations]"
Add component (AddParameter): Name = "Manufacturer Part Number"; Value = "RQ73C1J10KBTD"; VariantName = "[No Variations]"
Add component (AddParameter): Name = "Mounting Type"; Value = "SMD"; VariantName = "[No Variations]"
Add component (AddParameter): Name = "PartID"; Value = "231"; VariantName = "[No Variations]"
Add component (AddParameter): Name = "Stock number"; Value = "not stored"; VariantName = "[No Variations]"
Add component (AddParameter): Name = "Supplier 1"; Value = "Mouser"; VariantName = "[No Variations]"
Add component (AddParameter): Name = "Supplier 2"; Value = "LCSC"; VariantName = "[No Variations]"
Add component (AddParameter): Name = "Supplier Part Number 1"; Value = "279-RQ73C1J10KBTD"; VariantName = "[No Variations]"
Add component (AddParameter): Name = "Supplier Part Number 2"; Value = "C95204"; VariantName = "[No Variations]"
Add component (AddParameter): Name = "Tolerance"; Value = "0.1%"; VariantName = "[No Variations]"
Add component (AddParameter): Name = "Type"; Value = "Resistor"; VariantName = "[No Variations]"
Add component (AddParameter): Name = "Value"; Value = "10k"; VariantName = "[No Variations]"
Added Component: Designator=R75(RES 0603_1608)
Add component (AddParameter): Name = "Component Type"; Value = "SMD resistor"; VariantName = "[No Variations]"
Add component (AddParameter): Name = "ComponentLink1Description"; Value = "Datasheet"; VariantName = "[No Variations]"
Add component (AddParameter): Name = "ComponentLink1URL"; Value = "https://www.mouser.de/datasheet/2/418/5/ENG_DS_1773270_2_B-1533717.pdf"; VariantName = "[No Variations]"
Add component (AddParameter): Name = "Created from"; Value = "DHufnagel"; VariantName = "[No Variations]"
Add component (AddParameter): Name = "Created On"; Value = "14.12.2020 16:17:14"; VariantName = "[No Variations]"
Add component (AddParameter): Name = "Device Package"; Value = "0603"; VariantName = "[No Variations]"
Add component (AddParameter): Name = "Last Updated"; Value = "21.02.2024 16:00:52"; VariantName = "[No Variations]"
Add component (AddParameter): Name = "LCSC Part Number"; Value = "C326736"; VariantName = "[No Variations]"
Add component (AddParameter): Name = "Live Cycle Status"; Value = "1"; VariantName = "[No Variations]"
Add component (AddParameter): Name = "Manufacturer"; Value = "TE Connectivity / Holsworthy"; VariantName = "[No Variations]"
Add component (AddParameter): Name = "Manufacturer Part Number"; Value = "RQ73C1J110KBTD"; VariantName = "[No Variations]"
Add component (AddParameter): Name = "Mounting Type"; Value = "SMD"; VariantName = "[No Variations]"
Add component (AddParameter): Name = "PartID"; Value = "216"; VariantName = "[No Variations]"
Add component (AddParameter): Name = "Stock number"; Value = "not stored"; VariantName = "[No Variations]"
Add component (AddParameter): Name = "Supplier 1"; Value = "Mouser"; VariantName = "[No Variations]"
Add component (AddParameter): Name = "Supplier 2"; Value = "LCSC"; VariantName = "[No Variations]"
Add component (AddParameter): Name = "Supplier Part Number 1"; Value = "279-RQ73C1J110KBTD"; VariantName = "[No Variations]"
Add component (AddParameter): Name = "Supplier Part Number 2"; Value = "C326736"; VariantName = "[No Variations]"
Add component (AddParameter): Name = "Tolerance"; Value = "0.1%"; VariantName = "[No Variations]"
Add component (AddParameter): Name = "Type"; Value = "Resistor"; VariantName = "[No Variations]"
Add component (AddParameter): Name = "Value"; Value = "110k"; VariantName = "[No Variations]"
Added Component: Designator=R129A(RES 0603_1608)
Add component (AddParameter): Name = "Component Type"; Value = "SMD resistor"; VariantName = "[No Variations]"
Add component (AddParameter): Name = "ComponentLink1Description"; Value = "Datasheet"; VariantName = "[No Variations]"
Add component (AddParameter): Name = "ComponentLink1URL"; Value = "https://www.mouser.de/datasheet/2/418/5/ENG_DS_1773270_2_B-1533717.pdf"; VariantName = "[No Variations]"
Add component (AddParameter): Name = "Created from"; Value = "DHufnagel"; VariantName = "[No Variations]"
Add component (AddParameter): Name = "Created On"; Value = "14.12.2020 16:17:14"; VariantName = "[No Variations]"
Add component (AddParameter): Name = "Device Package"; Value = "0603"; VariantName = "[No Variations]"
Add component (AddParameter): Name = "Last Updated"; Value = "21.02.2024 16:00:52"; VariantName = "[No Variations]"
Add component (AddParameter): Name = "LCSC Part Number"; Value = "C326736"; VariantName = "[No Variations]"
Add component (AddParameter): Name = "Live Cycle Status"; Value = "1"; VariantName = "[No Variations]"
Add component (AddParameter): Name = "Manufacturer"; Value = "TE Connectivity / Holsworthy"; VariantName = "[No Variations]"
Add component (AddParameter): Name = "Manufacturer Part Number"; Value = "RQ73C1J110KBTD"; VariantName = "[No Variations]"
Add component (AddParameter): Name = "Mounting Type"; Value = "SMD"; VariantName = "[No Variations]"
Add component (AddParameter): Name = "PartID"; Value = "216"; VariantName = "[No Variations]"
Add component (AddParameter): Name = "Stock number"; Value = "not stored"; VariantName = "[No Variations]"
Add component (AddParameter): Name = "Supplier 1"; Value = "Mouser"; VariantName = "[No Variations]"
Add component (AddParameter): Name = "Supplier 2"; Value = "LCSC"; VariantName = "[No Variations]"
Add component (AddParameter): Name = "Supplier Part Number 1"; Value = "279-RQ73C1J110KBTD"; VariantName = "[No Variations]"
Add component (AddParameter): Name = "Supplier Part Number 2"; Value = "C326736"; VariantName = "[No Variations]"
Add component (AddParameter): Name = "Tolerance"; Value = "0.1%"; VariantName = "[No Variations]"
Add component (AddParameter): Name = "Type"; Value = "Resistor"; VariantName = "[No Variations]"
Add component (AddParameter): Name = "Value"; Value = "110k"; VariantName = "[No Variations]"
Added Component: Designator=R129B(RES 0603_1608)
Add component (AddParameter): Name = "Component Type"; Value = "SMD resistor"; VariantName = "[No Variations]"
Add component (AddParameter): Name = "ComponentLink1Description"; Value = "Datasheet"; VariantName = "[No Variations]"
Add component (AddParameter): Name = "ComponentLink1URL"; Value = "https://www.mouser.de/datasheet/2/418/5/ENG_DS_1773270_2_B-1533717.pdf"; VariantName = "[No Variations]"
Add component (AddParameter): Name = "Created from"; Value = "DHufnagel"; VariantName = "[No Variations]"
Add component (AddParameter): Name = "Created On"; Value = "14.12.2020 16:17:14"; VariantName = "[No Variations]"
Add component (AddParameter): Name = "Device Package"; Value = "0603"; VariantName = "[No Variations]"
Add component (AddParameter): Name = "Last Updated"; Value = "21.02.2024 16:00:52"; VariantName = "[No Variations]"
Add component (AddParameter): Name = "LCSC Part Number"; Value = "C326736"; VariantName = "[No Variations]"
Add component (AddParameter): Name = "Live Cycle Status"; Value = "1"; VariantName = "[No Variations]"
Add component (AddParameter): Name = "Manufacturer"; Value = "TE Connectivity / Holsworthy"; VariantName = "[No Variations]"
Add component (AddParameter): Name = "Manufacturer Part Number"; Value = "RQ73C1J110KBTD"; VariantName = "[No Variations]"
Add component (AddParameter): Name = "Mounting Type"; Value = "SMD"; VariantName = "[No Variations]"
Add component (AddParameter): Name = "PartID"; Value = "216"; VariantName = "[No Variations]"
Add component (AddParameter): Name = "Stock number"; Value = "not stored"; VariantName = "[No Variations]"
Add component (AddParameter): Name = "Supplier 1"; Value = "Mouser"; VariantName = "[No Variations]"
Add component (AddParameter): Name = "Supplier 2"; Value = "LCSC"; VariantName = "[No Variations]"
Add component (AddParameter): Name = "Supplier Part Number 1"; Value = "279-RQ73C1J110KBTD"; VariantName = "[No Variations]"
Add component (AddParameter): Name = "Supplier Part Number 2"; Value = "C326736"; VariantName = "[No Variations]"
Add component (AddParameter): Name = "Tolerance"; Value = "0.1%"; VariantName = "[No Variations]"
Add component (AddParameter): Name = "Type"; Value = "Resistor"; VariantName = "[No Variations]"
Add component (AddParameter): Name = "Value"; Value = "110k"; VariantName = "[No Variations]"
Added Component: Designator=R129C(RES 0603_1608)
Add component (AddParameter): Name = "Component Type"; Value = "SMD resistor"; VariantName = "[No Variations]"
Add component (AddParameter): Name = "ComponentLink1Description"; Value = "Datasheet"; VariantName = "[No Variations]"
Add component (AddParameter): Name = "ComponentLink1URL"; Value = "https://www.mouser.de/datasheet/2/418/5/ENG_DS_1773270_2_B-1533717.pdf"; VariantName = "[No Variations]"
Add component (AddParameter): Name = "Created from"; Value = "DHufnagel"; VariantName = "[No Variations]"
Add component (AddParameter): Name = "Created On"; Value = "14.12.2020 16:17:14"; VariantName = "[No Variations]"
Add component (AddParameter): Name = "Device Package"; Value = "0603"; VariantName = "[No Variations]"
Add component (AddParameter): Name = "Last Updated"; Value = "21.02.2024 16:00:52"; VariantName = "[No Variations]"
Add component (AddParameter): Name = "LCSC Part Number"; Value = "C326736"; VariantName = "[No Variations]"
Add component (AddParameter): Name = "Live Cycle Status"; Value = "1"; VariantName = "[No Variations]"
Add component (AddParameter): Name = "Manufacturer"; Value = "TE Connectivity / Holsworthy"; VariantName = "[No Variations]"
Add component (AddParameter): Name = "Manufacturer Part Number"; Value = "RQ73C1J110KBTD"; VariantName = "[No Variations]"
Add component (AddParameter): Name = "Mounting Type"; Value = "SMD"; VariantName = "[No Variations]"
Add component (AddParameter): Name = "PartID"; Value = "216"; VariantName = "[No Variations]"
Add component (AddParameter): Name = "Stock number"; Value = "not stored"; VariantName = "[No Variations]"
Add component (AddParameter): Name = "Supplier 1"; Value = "Mouser"; VariantName = "[No Variations]"
Add component (AddParameter): Name = "Supplier 2"; Value = "LCSC"; VariantName = "[No Variations]"
Add component (AddParameter): Name = "Supplier Part Number 1"; Value = "279-RQ73C1J110KBTD"; VariantName = "[No Variations]"
Add component (AddParameter): Name = "Supplier Part Number 2"; Value = "C326736"; VariantName = "[No Variations]"
Add component (AddParameter): Name = "Tolerance"; Value = "0.1%"; VariantName = "[No Variations]"
Add component (AddParameter): Name = "Type"; Value = "Resistor"; VariantName = "[No Variations]"
Add component (AddParameter): Name = "Value"; Value = "110k"; VariantName = "[No Variations]"
Added Component: Designator=R130A(RES 0603_1608)
Add component (AddParameter): Name = "Component Type"; Value = "SMD resistor"; VariantName = "[No Variations]"
Add component (AddParameter): Name = "ComponentLink1Description"; Value = "Datasheet"; VariantName = "[No Variations]"
Add component (AddParameter): Name = "ComponentLink1URL"; Value = "https://www.mouser.de/datasheet/2/418/5/ENG_DS_1773270_2_B-1533717.pdf"; VariantName = "[No Variations]"
Add component (AddParameter): Name = "Created from"; Value = "DHufnagel"; VariantName = "[No Variations]"
Add component (AddParameter): Name = "Created On"; Value = "14.12.2020 16:17:14"; VariantName = "[No Variations]"
Add component (AddParameter): Name = "Device Package"; Value = "0603"; VariantName = "[No Variations]"
Add component (AddParameter): Name = "Last Updated"; Value = "21.02.2024 15:51:17"; VariantName = "[No Variations]"
Add component (AddParameter): Name = "LCSC Part Number"; Value = "C95204"; VariantName = "[No Variations]"
Add component (AddParameter): Name = "Live Cycle Status"; Value = "1"; VariantName = "[No Variations]"
Add component (AddParameter): Name = "Manufacturer"; Value = "TE Connectivity"; VariantName = "[No Variations]"
Add component (AddParameter): Name = "Manufacturer Part Number"; Value = "RQ73C1J10KBTD"; VariantName = "[No Variations]"
Add component (AddParameter): Name = "Mounting Type"; Value = "SMD"; VariantName = "[No Variations]"
Add component (AddParameter): Name = "PartID"; Value = "231"; VariantName = "[No Variations]"
Add component (AddParameter): Name = "Stock number"; Value = "not stored"; VariantName = "[No Variations]"
Add component (AddParameter): Name = "Supplier 1"; Value = "Mouser"; VariantName = "[No Variations]"
Add component (AddParameter): Name = "Supplier 2"; Value = "LCSC"; VariantName = "[No Variations]"
Add component (AddParameter): Name = "Supplier Part Number 1"; Value = "279-RQ73C1J10KBTD"; VariantName = "[No Variations]"
Add component (AddParameter): Name = "Supplier Part Number 2"; Value = "C95204"; VariantName = "[No Variations]"
Add component (AddParameter): Name = "Tolerance"; Value = "0.1%"; VariantName = "[No Variations]"
Add component (AddParameter): Name = "Type"; Value = "Resistor"; VariantName = "[No Variations]"
Add component (AddParameter): Name = "Value"; Value = "10k"; VariantName = "[No Variations]"
Added Component: Designator=R130B(RES 0603_1608)
Add component (AddParameter): Name = "Component Type"; Value = "SMD resistor"; VariantName = "[No Variations]"
Add component (AddParameter): Name = "ComponentLink1Description"; Value = "Datasheet"; VariantName = "[No Variations]"
Add component (AddParameter): Name = "ComponentLink1URL"; Value = "https://www.mouser.de/datasheet/2/418/5/ENG_DS_1773270_2_B-1533717.pdf"; VariantName = "[No Variations]"
Add component (AddParameter): Name = "Created from"; Value = "DHufnagel"; VariantName = "[No Variations]"
Add component (AddParameter): Name = "Created On"; Value = "14.12.2020 16:17:14"; VariantName = "[No Variations]"
Add component (AddParameter): Name = "Device Package"; Value = "0603"; VariantName = "[No Variations]"
Add component (AddParameter): Name = "Last Updated"; Value = "21.02.2024 15:51:17"; VariantName = "[No Variations]"
Add component (AddParameter): Name = "LCSC Part Number"; Value = "C95204"; VariantName = "[No Variations]"
Add component (AddParameter): Name = "Live Cycle Status"; Value = "1"; VariantName = "[No Variations]"
Add component (AddParameter): Name = "Manufacturer"; Value = "TE Connectivity"; VariantName = "[No Variations]"
Add component (AddParameter): Name = "Manufacturer Part Number"; Value = "RQ73C1J10KBTD"; VariantName = "[No Variations]"
Add component (AddParameter): Name = "Mounting Type"; Value = "SMD"; VariantName = "[No Variations]"
Add component (AddParameter): Name = "PartID"; Value = "231"; VariantName = "[No Variations]"
Add component (AddParameter): Name = "Stock number"; Value = "not stored"; VariantName = "[No Variations]"
Add component (AddParameter): Name = "Supplier 1"; Value = "Mouser"; VariantName = "[No Variations]"
Add component (AddParameter): Name = "Supplier 2"; Value = "LCSC"; VariantName = "[No Variations]"
Add component (AddParameter): Name = "Supplier Part Number 1"; Value = "279-RQ73C1J10KBTD"; VariantName = "[No Variations]"
Add component (AddParameter): Name = "Supplier Part Number 2"; Value = "C95204"; VariantName = "[No Variations]"
Add component (AddParameter): Name = "Tolerance"; Value = "0.1%"; VariantName = "[No Variations]"
Add component (AddParameter): Name = "Type"; Value = "Resistor"; VariantName = "[No Variations]"
Add component (AddParameter): Name = "Value"; Value = "10k"; VariantName = "[No Variations]"
Added Component: Designator=R130C(RES 0603_1608)
Add component (AddParameter): Name = "Component Type"; Value = "SMD resistor"; VariantName = "[No Variations]"
Add component (AddParameter): Name = "ComponentLink1Description"; Value = "Datasheet"; VariantName = "[No Variations]"
Add component (AddParameter): Name = "ComponentLink1URL"; Value = "https://www.mouser.de/datasheet/2/418/5/ENG_DS_1773270_2_B-1533717.pdf"; VariantName = "[No Variations]"
Add component (AddParameter): Name = "Created from"; Value = "DHufnagel"; VariantName = "[No Variations]"
Add component (AddParameter): Name = "Created On"; Value = "14.12.2020 16:17:14"; VariantName = "[No Variations]"
Add component (AddParameter): Name = "Device Package"; Value = "0603"; VariantName = "[No Variations]"
Add component (AddParameter): Name = "Last Updated"; Value = "21.02.2024 15:51:17"; VariantName = "[No Variations]"
Add component (AddParameter): Name = "LCSC Part Number"; Value = "C95204"; VariantName = "[No Variations]"
Add component (AddParameter): Name = "Live Cycle Status"; Value = "1"; VariantName = "[No Variations]"
Add component (AddParameter): Name = "Manufacturer"; Value = "TE Connectivity"; VariantName = "[No Variations]"
Add component (AddParameter): Name = "Manufacturer Part Number"; Value = "RQ73C1J10KBTD"; VariantName = "[No Variations]"
Add component (AddParameter): Name = "Mounting Type"; Value = "SMD"; VariantName = "[No Variations]"
Add component (AddParameter): Name = "PartID"; Value = "231"; VariantName = "[No Variations]"
Add component (AddParameter): Name = "Stock number"; Value = "not stored"; VariantName = "[No Variations]"
Add component (AddParameter): Name = "Supplier 1"; Value = "Mouser"; VariantName = "[No Variations]"
Add component (AddParameter): Name = "Supplier 2"; Value = "LCSC"; VariantName = "[No Variations]"
Add component (AddParameter): Name = "Supplier Part Number 1"; Value = "279-RQ73C1J10KBTD"; VariantName = "[No Variations]"
Add component (AddParameter): Name = "Supplier Part Number 2"; Value = "C95204"; VariantName = "[No Variations]"
Add component (AddParameter): Name = "Tolerance"; Value = "0.1%"; VariantName = "[No Variations]"
Add component (AddParameter): Name = "Type"; Value = "Resistor"; VariantName = "[No Variations]"
Add component (AddParameter): Name = "Value"; Value = "10k"; VariantName = "[No Variations]"
Add Component: Footprint Not Found Designator:comment
Added Component: Designator=RG_OFF_1A(RES 1206_3216)
Add component (AddParameter): Name = "Component Type"; Value = "SMD resistor"; VariantName = "[No Variations]"
Add component (AddParameter): Name = "ComponentLink1Description"; Value = "Datasheet"; VariantName = "[No Variations]"
Add component (AddParameter): Name = "ComponentLink1URL"; Value = "https://www.mouser.de/datasheet/2/427/rcce3-2897337.pdf"; VariantName = "[No Variations]"
Add component (AddParameter): Name = "Created from"; Value = "DHufnagel"; VariantName = "[No Variations]"
Add component (AddParameter): Name = "Created On"; Value = "17.04.2023 08:20:25"; VariantName = "[No Variations]"
Add component (AddParameter): Name = "Device Package"; Value = "1206"; VariantName = "[No Variations]"
Add component (AddParameter): Name = "Last Updated"; Value = "21.02.2024 16:25:01"; VariantName = "[No Variations]"
Add component (AddParameter): Name = "LCSC Part Number"; Value = "C2759134"; VariantName = "[No Variations]"
Add component (AddParameter): Name = "Live Cycle Status"; Value = "1"; VariantName = "[No Variations]"
Add component (AddParameter): Name = "Manufacturer"; Value = "Vishay"; VariantName = "[No Variations]"
Add component (AddParameter): Name = "Manufacturer Part Number"; Value = "RCC120647R0FKEA"; VariantName = "[No Variations]"
Add component (AddParameter): Name = "Mounting Type"; Value = "SMD"; VariantName = "[No Variations]"
Add component (AddParameter): Name = "PartID"; Value = "263"; VariantName = "[No Variations]"
Add component (AddParameter): Name = "Stock number"; Value = "Labor SMD Container"; VariantName = "[No Variations]"
Add component (AddParameter): Name = "Supplier 1"; Value = "Mouser"; VariantName = "[No Variations]"
Add component (AddParameter): Name = "Supplier Part Number 1"; Value = "71-RCC120647R0FKEA"; VariantName = "[No Variations]"
Add component (AddParameter): Name = "Tolerance"; Value = "1%"; VariantName = "[No Variations]"
Add component (AddParameter): Name = "Type"; Value = "Resistor"; VariantName = "[No Variations]"
Add component (AddParameter): Name = "Value"; Value = "47R"; VariantName = "[No Variations]"
Added Component: Designator=RG_OFF_1B(RES 1206_3216)
Add component (AddParameter): Name = "Component Type"; Value = "SMD resistor"; VariantName = "[No Variations]"
Add component (AddParameter): Name = "ComponentLink1Description"; Value = "Datasheet"; VariantName = "[No Variations]"
Add component (AddParameter): Name = "ComponentLink1URL"; Value = "https://www.mouser.de/datasheet/2/427/rcce3-2897337.pdf"; VariantName = "[No Variations]"
Add component (AddParameter): Name = "Created from"; Value = "DHufnagel"; VariantName = "[No Variations]"
Add component (AddParameter): Name = "Created On"; Value = "17.04.2023 08:20:25"; VariantName = "[No Variations]"
Add component (AddParameter): Name = "Device Package"; Value = "1206"; VariantName = "[No Variations]"
Add component (AddParameter): Name = "Last Updated"; Value = "21.02.2024 16:25:01"; VariantName = "[No Variations]"
Add component (AddParameter): Name = "LCSC Part Number"; Value = "C2759134"; VariantName = "[No Variations]"
Add component (AddParameter): Name = "Live Cycle Status"; Value = "1"; VariantName = "[No Variations]"
Add component (AddParameter): Name = "Manufacturer"; Value = "Vishay"; VariantName = "[No Variations]"
Add component (AddParameter): Name = "Manufacturer Part Number"; Value = "RCC120647R0FKEA"; VariantName = "[No Variations]"
Add component (AddParameter): Name = "Mounting Type"; Value = "SMD"; VariantName = "[No Variations]"
Add component (AddParameter): Name = "PartID"; Value = "263"; VariantName = "[No Variations]"
Add component (AddParameter): Name = "Stock number"; Value = "Labor SMD Container"; VariantName = "[No Variations]"
Add component (AddParameter): Name = "Supplier 1"; Value = "Mouser"; VariantName = "[No Variations]"
Add component (AddParameter): Name = "Supplier Part Number 1"; Value = "71-RCC120647R0FKEA"; VariantName = "[No Variations]"
Add component (AddParameter): Name = "Tolerance"; Value = "1%"; VariantName = "[No Variations]"
Add component (AddParameter): Name = "Type"; Value = "Resistor"; VariantName = "[No Variations]"
Add component (AddParameter): Name = "Value"; Value = "47R"; VariantName = "[No Variations]"
Added Component: Designator=RG_OFF_1C(RES 1206_3216)
Add component (AddParameter): Name = "Component Type"; Value = "SMD resistor"; VariantName = "[No Variations]"
Add component (AddParameter): Name = "ComponentLink1Description"; Value = "Datasheet"; VariantName = "[No Variations]"
Add component (AddParameter): Name = "ComponentLink1URL"; Value = "https://www.mouser.de/datasheet/2/427/rcce3-2897337.pdf"; VariantName = "[No Variations]"
Add component (AddParameter): Name = "Created from"; Value = "DHufnagel"; VariantName = "[No Variations]"
Add component (AddParameter): Name = "Created On"; Value = "17.04.2023 08:20:25"; VariantName = "[No Variations]"
Add component (AddParameter): Name = "Device Package"; Value = "1206"; VariantName = "[No Variations]"
Add component (AddParameter): Name = "Last Updated"; Value = "21.02.2024 16:25:01"; VariantName = "[No Variations]"
Add component (AddParameter): Name = "LCSC Part Number"; Value = "C2759134"; VariantName = "[No Variations]"
Add component (AddParameter): Name = "Live Cycle Status"; Value = "1"; VariantName = "[No Variations]"
Add component (AddParameter): Name = "Manufacturer"; Value = "Vishay"; VariantName = "[No Variations]"
Add component (AddParameter): Name = "Manufacturer Part Number"; Value = "RCC120647R0FKEA"; VariantName = "[No Variations]"
Add component (AddParameter): Name = "Mounting Type"; Value = "SMD"; VariantName = "[No Variations]"
Add component (AddParameter): Name = "PartID"; Value = "263"; VariantName = "[No Variations]"
Add component (AddParameter): Name = "Stock number"; Value = "Labor SMD Container"; VariantName = "[No Variations]"
Add component (AddParameter): Name = "Supplier 1"; Value = "Mouser"; VariantName = "[No Variations]"
Add component (AddParameter): Name = "Supplier Part Number 1"; Value = "71-RCC120647R0FKEA"; VariantName = "[No Variations]"
Add component (AddParameter): Name = "Tolerance"; Value = "1%"; VariantName = "[No Variations]"
Add component (AddParameter): Name = "Type"; Value = "Resistor"; VariantName = "[No Variations]"
Add component (AddParameter): Name = "Value"; Value = "47R"; VariantName = "[No Variations]"
Added Component: Designator=RG_OFF_2A(RES 1206_3216)
Add component (AddParameter): Name = "Component Type"; Value = "SMD resistor"; VariantName = "[No Variations]"
Add component (AddParameter): Name = "ComponentLink1Description"; Value = "Datasheet"; VariantName = "[No Variations]"
Add component (AddParameter): Name = "ComponentLink1URL"; Value = "https://www.mouser.de/datasheet/2/427/rcce3-2897337.pdf"; VariantName = "[No Variations]"
Add component (AddParameter): Name = "Created from"; Value = "DHufnagel"; VariantName = "[No Variations]"
Add component (AddParameter): Name = "Created On"; Value = "17.04.2023 08:20:25"; VariantName = "[No Variations]"
Add component (AddParameter): Name = "Device Package"; Value = "1206"; VariantName = "[No Variations]"
Add component (AddParameter): Name = "Last Updated"; Value = "21.02.2024 16:25:01"; VariantName = "[No Variations]"
Add component (AddParameter): Name = "LCSC Part Number"; Value = "C2759134"; VariantName = "[No Variations]"
Add component (AddParameter): Name = "Live Cycle Status"; Value = "1"; VariantName = "[No Variations]"
Add component (AddParameter): Name = "Manufacturer"; Value = "Vishay"; VariantName = "[No Variations]"
Add component (AddParameter): Name = "Manufacturer Part Number"; Value = "RCC120647R0FKEA"; VariantName = "[No Variations]"
Add component (AddParameter): Name = "Mounting Type"; Value = "SMD"; VariantName = "[No Variations]"
Add component (AddParameter): Name = "PartID"; Value = "263"; VariantName = "[No Variations]"
Add component (AddParameter): Name = "Stock number"; Value = "Labor SMD Container"; VariantName = "[No Variations]"
Add component (AddParameter): Name = "Supplier 1"; Value = "Mouser"; VariantName = "[No Variations]"
Add component (AddParameter): Name = "Supplier Part Number 1"; Value = "71-RCC120647R0FKEA"; VariantName = "[No Variations]"
Add component (AddParameter): Name = "Tolerance"; Value = "1%"; VariantName = "[No Variations]"
Add component (AddParameter): Name = "Type"; Value = "Resistor"; VariantName = "[No Variations]"
Add component (AddParameter): Name = "Value"; Value = "47R"; VariantName = "[No Variations]"
Added Component: Designator=RG_OFF_2B(RES 1206_3216)
Add component (AddParameter): Name = "Component Type"; Value = "SMD resistor"; VariantName = "[No Variations]"
Add component (AddParameter): Name = "ComponentLink1Description"; Value = "Datasheet"; VariantName = "[No Variations]"
Add component (AddParameter): Name = "ComponentLink1URL"; Value = "https://www.mouser.de/datasheet/2/427/rcce3-2897337.pdf"; VariantName = "[No Variations]"
Add component (AddParameter): Name = "Created from"; Value = "DHufnagel"; VariantName = "[No Variations]"
Add component (AddParameter): Name = "Created On"; Value = "17.04.2023 08:20:25"; VariantName = "[No Variations]"
Add component (AddParameter): Name = "Device Package"; Value = "1206"; VariantName = "[No Variations]"
Add component (AddParameter): Name = "Last Updated"; Value = "21.02.2024 16:25:01"; VariantName = "[No Variations]"
Add component (AddParameter): Name = "LCSC Part Number"; Value = "C2759134"; VariantName = "[No Variations]"
Add component (AddParameter): Name = "Live Cycle Status"; Value = "1"; VariantName = "[No Variations]"
Add component (AddParameter): Name = "Manufacturer"; Value = "Vishay"; VariantName = "[No Variations]"
Add component (AddParameter): Name = "Manufacturer Part Number"; Value = "RCC120647R0FKEA"; VariantName = "[No Variations]"
Add component (AddParameter): Name = "Mounting Type"; Value = "SMD"; VariantName = "[No Variations]"
Add component (AddParameter): Name = "PartID"; Value = "263"; VariantName = "[No Variations]"
Add component (AddParameter): Name = "Stock number"; Value = "Labor SMD Container"; VariantName = "[No Variations]"
Add component (AddParameter): Name = "Supplier 1"; Value = "Mouser"; VariantName = "[No Variations]"
Add component (AddParameter): Name = "Supplier Part Number 1"; Value = "71-RCC120647R0FKEA"; VariantName = "[No Variations]"
Add component (AddParameter): Name = "Tolerance"; Value = "1%"; VariantName = "[No Variations]"
Add component (AddParameter): Name = "Type"; Value = "Resistor"; VariantName = "[No Variations]"
Add component (AddParameter): Name = "Value"; Value = "47R"; VariantName = "[No Variations]"
Added Component: Designator=RG_OFF_2C(RES 1206_3216)
Add component (AddParameter): Name = "Component Type"; Value = "SMD resistor"; VariantName = "[No Variations]"
Add component (AddParameter): Name = "ComponentLink1Description"; Value = "Datasheet"; VariantName = "[No Variations]"
Add component (AddParameter): Name = "ComponentLink1URL"; Value = "https://www.mouser.de/datasheet/2/427/rcce3-2897337.pdf"; VariantName = "[No Variations]"
Add component (AddParameter): Name = "Created from"; Value = "DHufnagel"; VariantName = "[No Variations]"
Add component (AddParameter): Name = "Created On"; Value = "17.04.2023 08:20:25"; VariantName = "[No Variations]"
Add component (AddParameter): Name = "Device Package"; Value = "1206"; VariantName = "[No Variations]"
Add component (AddParameter): Name = "Last Updated"; Value = "21.02.2024 16:25:01"; VariantName = "[No Variations]"
Add component (AddParameter): Name = "LCSC Part Number"; Value = "C2759134"; VariantName = "[No Variations]"
Add component (AddParameter): Name = "Live Cycle Status"; Value = "1"; VariantName = "[No Variations]"
Add component (AddParameter): Name = "Manufacturer"; Value = "Vishay"; VariantName = "[No Variations]"
Add component (AddParameter): Name = "Manufacturer Part Number"; Value = "RCC120647R0FKEA"; VariantName = "[No Variations]"
Add component (AddParameter): Name = "Mounting Type"; Value = "SMD"; VariantName = "[No Variations]"
Add component (AddParameter): Name = "PartID"; Value = "263"; VariantName = "[No Variations]"
Add component (AddParameter): Name = "Stock number"; Value = "Labor SMD Container"; VariantName = "[No Variations]"
Add component (AddParameter): Name = "Supplier 1"; Value = "Mouser"; VariantName = "[No Variations]"
Add component (AddParameter): Name = "Supplier Part Number 1"; Value = "71-RCC120647R0FKEA"; VariantName = "[No Variations]"
Add component (AddParameter): Name = "Tolerance"; Value = "1%"; VariantName = "[No Variations]"
Add component (AddParameter): Name = "Type"; Value = "Resistor"; VariantName = "[No Variations]"
Add component (AddParameter): Name = "Value"; Value = "47R"; VariantName = "[No Variations]"
Added Component: Designator=RG_ON_1A(RES 1206_3216)
Add component (AddParameter): Name = "Component Type"; Value = "SMD resistor"; VariantName = "[No Variations]"
Add component (AddParameter): Name = "ComponentLink1Description"; Value = "Datasheet"; VariantName = "[No Variations]"
Add component (AddParameter): Name = "ComponentLink1URL"; Value = "https://www.mouser.de/datasheet/2/427/rcce3-2897337.pdf"; VariantName = "[No Variations]"
Add component (AddParameter): Name = "Created from"; Value = "DHufnagel"; VariantName = "[No Variations]"
Add component (AddParameter): Name = "Created On"; Value = "17.04.2023 08:20:25"; VariantName = "[No Variations]"
Add component (AddParameter): Name = "Device Package"; Value = "1206"; VariantName = "[No Variations]"
Add component (AddParameter): Name = "Last Updated"; Value = "21.02.2024 16:25:01"; VariantName = "[No Variations]"
Add component (AddParameter): Name = "LCSC Part Number"; Value = "C2759134"; VariantName = "[No Variations]"
Add component (AddParameter): Name = "Live Cycle Status"; Value = "1"; VariantName = "[No Variations]"
Add component (AddParameter): Name = "Manufacturer"; Value = "Vishay"; VariantName = "[No Variations]"
Add component (AddParameter): Name = "Manufacturer Part Number"; Value = "RCC120647R0FKEA"; VariantName = "[No Variations]"
Add component (AddParameter): Name = "Mounting Type"; Value = "SMD"; VariantName = "[No Variations]"
Add component (AddParameter): Name = "PartID"; Value = "263"; VariantName = "[No Variations]"
Add component (AddParameter): Name = "Stock number"; Value = "Labor SMD Container"; VariantName = "[No Variations]"
Add component (AddParameter): Name = "Supplier 1"; Value = "Mouser"; VariantName = "[No Variations]"
Add component (AddParameter): Name = "Supplier Part Number 1"; Value = "71-RCC120647R0FKEA"; VariantName = "[No Variations]"
Add component (AddParameter): Name = "Tolerance"; Value = "1%"; VariantName = "[No Variations]"
Add component (AddParameter): Name = "Type"; Value = "Resistor"; VariantName = "[No Variations]"
Add component (AddParameter): Name = "Value"; Value = "47R"; VariantName = "[No Variations]"
Added Component: Designator=RG_ON_1B(RES 1206_3216)
Add component (AddParameter): Name = "Component Type"; Value = "SMD resistor"; VariantName = "[No Variations]"
Add component (AddParameter): Name = "ComponentLink1Description"; Value = "Datasheet"; VariantName = "[No Variations]"
Add component (AddParameter): Name = "ComponentLink1URL"; Value = "https://www.mouser.de/datasheet/2/427/rcce3-2897337.pdf"; VariantName = "[No Variations]"
Add component (AddParameter): Name = "Created from"; Value = "DHufnagel"; VariantName = "[No Variations]"
Add component (AddParameter): Name = "Created On"; Value = "17.04.2023 08:20:25"; VariantName = "[No Variations]"
Add component (AddParameter): Name = "Device Package"; Value = "1206"; VariantName = "[No Variations]"
Add component (AddParameter): Name = "Last Updated"; Value = "21.02.2024 16:25:01"; VariantName = "[No Variations]"
Add component (AddParameter): Name = "LCSC Part Number"; Value = "C2759134"; VariantName = "[No Variations]"
Add component (AddParameter): Name = "Live Cycle Status"; Value = "1"; VariantName = "[No Variations]"
Add component (AddParameter): Name = "Manufacturer"; Value = "Vishay"; VariantName = "[No Variations]"
Add component (AddParameter): Name = "Manufacturer Part Number"; Value = "RCC120647R0FKEA"; VariantName = "[No Variations]"
Add component (AddParameter): Name = "Mounting Type"; Value = "SMD"; VariantName = "[No Variations]"
Add component (AddParameter): Name = "PartID"; Value = "263"; VariantName = "[No Variations]"
Add component (AddParameter): Name = "Stock number"; Value = "Labor SMD Container"; VariantName = "[No Variations]"
Add component (AddParameter): Name = "Supplier 1"; Value = "Mouser"; VariantName = "[No Variations]"
Add component (AddParameter): Name = "Supplier Part Number 1"; Value = "71-RCC120647R0FKEA"; VariantName = "[No Variations]"
Add component (AddParameter): Name = "Tolerance"; Value = "1%"; VariantName = "[No Variations]"
Add component (AddParameter): Name = "Type"; Value = "Resistor"; VariantName = "[No Variations]"
Add component (AddParameter): Name = "Value"; Value = "47R"; VariantName = "[No Variations]"
Added Component: Designator=RG_ON_1C(RES 1206_3216)
Add component (AddParameter): Name = "Component Type"; Value = "SMD resistor"; VariantName = "[No Variations]"
Add component (AddParameter): Name = "ComponentLink1Description"; Value = "Datasheet"; VariantName = "[No Variations]"
Add component (AddParameter): Name = "ComponentLink1URL"; Value = "https://www.mouser.de/datasheet/2/427/rcce3-2897337.pdf"; VariantName = "[No Variations]"
Add component (AddParameter): Name = "Created from"; Value = "DHufnagel"; VariantName = "[No Variations]"
Add component (AddParameter): Name = "Created On"; Value = "17.04.2023 08:20:25"; VariantName = "[No Variations]"
Add component (AddParameter): Name = "Device Package"; Value = "1206"; VariantName = "[No Variations]"
Add component (AddParameter): Name = "Last Updated"; Value = "21.02.2024 16:25:01"; VariantName = "[No Variations]"
Add component (AddParameter): Name = "LCSC Part Number"; Value = "C2759134"; VariantName = "[No Variations]"
Add component (AddParameter): Name = "Live Cycle Status"; Value = "1"; VariantName = "[No Variations]"
Add component (AddParameter): Name = "Manufacturer"; Value = "Vishay"; VariantName = "[No Variations]"
Add component (AddParameter): Name = "Manufacturer Part Number"; Value = "RCC120647R0FKEA"; VariantName = "[No Variations]"
Add component (AddParameter): Name = "Mounting Type"; Value = "SMD"; VariantName = "[No Variations]"
Add component (AddParameter): Name = "PartID"; Value = "263"; VariantName = "[No Variations]"
Add component (AddParameter): Name = "Stock number"; Value = "Labor SMD Container"; VariantName = "[No Variations]"
Add component (AddParameter): Name = "Supplier 1"; Value = "Mouser"; VariantName = "[No Variations]"
Add component (AddParameter): Name = "Supplier Part Number 1"; Value = "71-RCC120647R0FKEA"; VariantName = "[No Variations]"
Add component (AddParameter): Name = "Tolerance"; Value = "1%"; VariantName = "[No Variations]"
Add component (AddParameter): Name = "Type"; Value = "Resistor"; VariantName = "[No Variations]"
Add component (AddParameter): Name = "Value"; Value = "47R"; VariantName = "[No Variations]"
Added Component: Designator=RG_ON_2A(RES 1206_3216)
Add component (AddParameter): Name = "Component Type"; Value = "SMD resistor"; VariantName = "[No Variations]"
Add component (AddParameter): Name = "ComponentLink1Description"; Value = "Datasheet"; VariantName = "[No Variations]"
Add component (AddParameter): Name = "ComponentLink1URL"; Value = "https://www.mouser.de/datasheet/2/427/rcce3-2897337.pdf"; VariantName = "[No Variations]"
Add component (AddParameter): Name = "Created from"; Value = "DHufnagel"; VariantName = "[No Variations]"
Add component (AddParameter): Name = "Created On"; Value = "17.04.2023 08:20:25"; VariantName = "[No Variations]"
Add component (AddParameter): Name = "Device Package"; Value = "1206"; VariantName = "[No Variations]"
Add component (AddParameter): Name = "Last Updated"; Value = "21.02.2024 16:25:01"; VariantName = "[No Variations]"
Add component (AddParameter): Name = "LCSC Part Number"; Value = "C2759134"; VariantName = "[No Variations]"
Add component (AddParameter): Name = "Live Cycle Status"; Value = "1"; VariantName = "[No Variations]"
Add component (AddParameter): Name = "Manufacturer"; Value = "Vishay"; VariantName = "[No Variations]"
Add component (AddParameter): Name = "Manufacturer Part Number"; Value = "RCC120647R0FKEA"; VariantName = "[No Variations]"
Add component (AddParameter): Name = "Mounting Type"; Value = "SMD"; VariantName = "[No Variations]"
Add component (AddParameter): Name = "PartID"; Value = "263"; VariantName = "[No Variations]"
Add component (AddParameter): Name = "Stock number"; Value = "Labor SMD Container"; VariantName = "[No Variations]"
Add component (AddParameter): Name = "Supplier 1"; Value = "Mouser"; VariantName = "[No Variations]"
Add component (AddParameter): Name = "Supplier Part Number 1"; Value = "71-RCC120647R0FKEA"; VariantName = "[No Variations]"
Add component (AddParameter): Name = "Tolerance"; Value = "1%"; VariantName = "[No Variations]"
Add component (AddParameter): Name = "Type"; Value = "Resistor"; VariantName = "[No Variations]"
Add component (AddParameter): Name = "Value"; Value = "47R"; VariantName = "[No Variations]"
Added Component: Designator=RG_ON_2B(RES 1206_3216)
Add component (AddParameter): Name = "Component Type"; Value = "SMD resistor"; VariantName = "[No Variations]"
Add component (AddParameter): Name = "ComponentLink1Description"; Value = "Datasheet"; VariantName = "[No Variations]"
Add component (AddParameter): Name = "ComponentLink1URL"; Value = "https://www.mouser.de/datasheet/2/427/rcce3-2897337.pdf"; VariantName = "[No Variations]"
Add component (AddParameter): Name = "Created from"; Value = "DHufnagel"; VariantName = "[No Variations]"
Add component (AddParameter): Name = "Created On"; Value = "17.04.2023 08:20:25"; VariantName = "[No Variations]"
Add component (AddParameter): Name = "Device Package"; Value = "1206"; VariantName = "[No Variations]"
Add component (AddParameter): Name = "Last Updated"; Value = "21.02.2024 16:25:01"; VariantName = "[No Variations]"
Add component (AddParameter): Name = "LCSC Part Number"; Value = "C2759134"; VariantName = "[No Variations]"
Add component (AddParameter): Name = "Live Cycle Status"; Value = "1"; VariantName = "[No Variations]"
Add component (AddParameter): Name = "Manufacturer"; Value = "Vishay"; VariantName = "[No Variations]"
Add component (AddParameter): Name = "Manufacturer Part Number"; Value = "RCC120647R0FKEA"; VariantName = "[No Variations]"
Add component (AddParameter): Name = "Mounting Type"; Value = "SMD"; VariantName = "[No Variations]"
Add component (AddParameter): Name = "PartID"; Value = "263"; VariantName = "[No Variations]"
Add component (AddParameter): Name = "Stock number"; Value = "Labor SMD Container"; VariantName = "[No Variations]"
Add component (AddParameter): Name = "Supplier 1"; Value = "Mouser"; VariantName = "[No Variations]"
Add component (AddParameter): Name = "Supplier Part Number 1"; Value = "71-RCC120647R0FKEA"; VariantName = "[No Variations]"
Add component (AddParameter): Name = "Tolerance"; Value = "1%"; VariantName = "[No Variations]"
Add component (AddParameter): Name = "Type"; Value = "Resistor"; VariantName = "[No Variations]"
Add component (AddParameter): Name = "Value"; Value = "47R"; VariantName = "[No Variations]"
Added Component: Designator=RG_ON_2C(RES 1206_3216)
Add component (AddParameter): Name = "Component Type"; Value = "SMD resistor"; VariantName = "[No Variations]"
Add component (AddParameter): Name = "ComponentLink1Description"; Value = "Datasheet"; VariantName = "[No Variations]"
Add component (AddParameter): Name = "ComponentLink1URL"; Value = "https://www.mouser.de/datasheet/2/427/rcce3-2897337.pdf"; VariantName = "[No Variations]"
Add component (AddParameter): Name = "Created from"; Value = "DHufnagel"; VariantName = "[No Variations]"
Add component (AddParameter): Name = "Created On"; Value = "17.04.2023 08:20:25"; VariantName = "[No Variations]"
Add component (AddParameter): Name = "Device Package"; Value = "1206"; VariantName = "[No Variations]"
Add component (AddParameter): Name = "Last Updated"; Value = "21.02.2024 16:25:01"; VariantName = "[No Variations]"
Add component (AddParameter): Name = "LCSC Part Number"; Value = "C2759134"; VariantName = "[No Variations]"
Add component (AddParameter): Name = "Live Cycle Status"; Value = "1"; VariantName = "[No Variations]"
Add component (AddParameter): Name = "Manufacturer"; Value = "Vishay"; VariantName = "[No Variations]"
Add component (AddParameter): Name = "Manufacturer Part Number"; Value = "RCC120647R0FKEA"; VariantName = "[No Variations]"
Add component (AddParameter): Name = "Mounting Type"; Value = "SMD"; VariantName = "[No Variations]"
Add component (AddParameter): Name = "PartID"; Value = "263"; VariantName = "[No Variations]"
Add component (AddParameter): Name = "Stock number"; Value = "Labor SMD Container"; VariantName = "[No Variations]"
Add component (AddParameter): Name = "Supplier 1"; Value = "Mouser"; VariantName = "[No Variations]"
Add component (AddParameter): Name = "Supplier Part Number 1"; Value = "71-RCC120647R0FKEA"; VariantName = "[No Variations]"
Add component (AddParameter): Name = "Tolerance"; Value = "1%"; VariantName = "[No Variations]"
Add component (AddParameter): Name = "Type"; Value = "Resistor"; VariantName = "[No Variations]"
Add component (AddParameter): Name = "Value"; Value = "47R"; VariantName = "[No Variations]"
Added Component: Designator=SB1(SB_0603)
Add component (AddParameter): Name = "Component Type"; Value = "Solder Bump"; VariantName = "[No Variations]"
Add component (AddParameter): Name = "Created from"; Value = "AGeiger"; VariantName = "[No Variations]"
Add component (AddParameter): Name = "Created On"; Value = "09.01.2024 17:13:56"; VariantName = "[No Variations]"
Add component (AddParameter): Name = "Device Package"; Value = "0603"; VariantName = "[No Variations]"
Add component (AddParameter): Name = "Last Updated"; Value = "09.01.2024 17:13:56"; VariantName = "[No Variations]"
Add component (AddParameter): Name = "Manufacturer Part Number"; Value = "Solder Bump 0603"; VariantName = "[No Variations]"
Add component (AddParameter): Name = "Mounting Type"; Value = "SMD"; VariantName = "[No Variations]"
Add component (AddParameter): Name = "PartID"; Value = "1"; VariantName = "[No Variations]"
Add component (AddParameter): Name = "Revision"; Value = "July-2002: Re-released for DXP Platform."; VariantName = "[No Variations]"
Add component (AddParameter): Name = "Value"; Value = "Solder Bump 0603"; VariantName = "[No Variations]"
Add Component: Footprint Not Found SERIAL
Added Component: Designator=TP5(TP_1mm)
Add component (AddParameter): Name = "Component Type"; Value = "Testpoint"; VariantName = "[No Variations]"
Add component (AddParameter): Name = "Created"; Value = "2018_06_25_AGeiger"; VariantName = "[No Variations]"
Add component (AddParameter): Name = "Created from"; Value = "AGeiger"; VariantName = "[No Variations]"
Add component (AddParameter): Name = "Created On"; Value = "20.09.2022 13:14:57"; VariantName = "[No Variations]"
Add component (AddParameter): Name = "Last Updated"; Value = "20.09.2022 13:15:39"; VariantName = "[No Variations]"
Add component (AddParameter): Name = "Live Cycle Status"; Value = "1"; VariantName = "[No Variations]"
Add component (AddParameter): Name = "Manufacturer"; Value = "NULL"; VariantName = "[No Variations]"
Add component (AddParameter): Name = "Manufacturer Part Number"; Value = "NULL"; VariantName = "[No Variations]"
Add component (AddParameter): Name = "PartID"; Value = "9"; VariantName = "[No Variations]"
Add component (AddParameter): Name = "Supplier 1"; Value = "NULL"; VariantName = "[No Variations]"
Add component (AddParameter): Name = "Supplier Part Number 1"; Value = "NULL"; VariantName = "[No Variations]"
Add component (AddParameter): Name = "Type"; Value = "Testpoint"; VariantName = "[No Variations]"
Add component (AddParameter): Name = "Value"; Value = "Testpoint 1mm"; VariantName = "[No Variations]"
Added Component: Designator=TP6(TP_1mm)
Add component (AddParameter): Name = "Component Type"; Value = "Testpoint"; VariantName = "[No Variations]"
Add component (AddParameter): Name = "Created"; Value = "2018_06_25_AGeiger"; VariantName = "[No Variations]"
Add component (AddParameter): Name = "Created from"; Value = "AGeiger"; VariantName = "[No Variations]"
Add component (AddParameter): Name = "Created On"; Value = "20.09.2022 13:14:57"; VariantName = "[No Variations]"
Add component (AddParameter): Name = "Last Updated"; Value = "20.09.2022 13:15:39"; VariantName = "[No Variations]"
Add component (AddParameter): Name = "Live Cycle Status"; Value = "1"; VariantName = "[No Variations]"
Add component (AddParameter): Name = "Manufacturer"; Value = "NULL"; VariantName = "[No Variations]"
Add component (AddParameter): Name = "Manufacturer Part Number"; Value = "NULL"; VariantName = "[No Variations]"
Add component (AddParameter): Name = "PartID"; Value = "9"; VariantName = "[No Variations]"
Add component (AddParameter): Name = "Supplier 1"; Value = "NULL"; VariantName = "[No Variations]"
Add component (AddParameter): Name = "Supplier Part Number 1"; Value = "NULL"; VariantName = "[No Variations]"
Add component (AddParameter): Name = "Type"; Value = "Testpoint"; VariantName = "[No Variations]"
Add component (AddParameter): Name = "Value"; Value = "Testpoint 1mm"; VariantName = "[No Variations]"
Added Component: Designator=TP7(TP_1mm)
Add component (AddParameter): Name = "Component Type"; Value = "Testpoint"; VariantName = "[No Variations]"
Add component (AddParameter): Name = "Created"; Value = "2018_06_25_AGeiger"; VariantName = "[No Variations]"
Add component (AddParameter): Name = "Created from"; Value = "AGeiger"; VariantName = "[No Variations]"
Add component (AddParameter): Name = "Created On"; Value = "20.09.2022 13:14:57"; VariantName = "[No Variations]"
Add component (AddParameter): Name = "Last Updated"; Value = "20.09.2022 13:15:39"; VariantName = "[No Variations]"
Add component (AddParameter): Name = "Live Cycle Status"; Value = "1"; VariantName = "[No Variations]"
Add component (AddParameter): Name = "Manufacturer"; Value = "NULL"; VariantName = "[No Variations]"
Add component (AddParameter): Name = "Manufacturer Part Number"; Value = "NULL"; VariantName = "[No Variations]"
Add component (AddParameter): Name = "PartID"; Value = "9"; VariantName = "[No Variations]"
Add component (AddParameter): Name = "Supplier 1"; Value = "NULL"; VariantName = "[No Variations]"
Add component (AddParameter): Name = "Supplier Part Number 1"; Value = "NULL"; VariantName = "[No Variations]"
Add component (AddParameter): Name = "Type"; Value = "Testpoint"; VariantName = "[No Variations]"
Add component (AddParameter): Name = "Value"; Value = "Testpoint 1mm"; VariantName = "[No Variations]"
Added Component: Designator=TP16(TP_1mm)
Add component (AddParameter): Name = "Component Type"; Value = "Testpoint"; VariantName = "[No Variations]"
Add component (AddParameter): Name = "Created"; Value = "2018_06_25_AGeiger"; VariantName = "[No Variations]"
Add component (AddParameter): Name = "Created from"; Value = "AGeiger"; VariantName = "[No Variations]"
Add component (AddParameter): Name = "Created On"; Value = "20.09.2022 13:14:57"; VariantName = "[No Variations]"
Add component (AddParameter): Name = "Last Updated"; Value = "20.09.2022 13:15:39"; VariantName = "[No Variations]"
Add component (AddParameter): Name = "Live Cycle Status"; Value = "1"; VariantName = "[No Variations]"
Add component (AddParameter): Name = "Manufacturer"; Value = "NULL"; VariantName = "[No Variations]"
Add component (AddParameter): Name = "Manufacturer Part Number"; Value = "NULL"; VariantName = "[No Variations]"
Add component (AddParameter): Name = "PartID"; Value = "9"; VariantName = "[No Variations]"
Add component (AddParameter): Name = "Supplier 1"; Value = "NULL"; VariantName = "[No Variations]"
Add component (AddParameter): Name = "Supplier Part Number 1"; Value = "NULL"; VariantName = "[No Variations]"
Add component (AddParameter): Name = "Type"; Value = "Testpoint"; VariantName = "[No Variations]"
Add component (AddParameter): Name = "Value"; Value = "Testpoint 1mm"; VariantName = "[No Variations]"
Added Component: Designator=TP17(TP_1mm)
Add component (AddParameter): Name = "Component Type"; Value = "Testpoint"; VariantName = "[No Variations]"
Add component (AddParameter): Name = "Created"; Value = "2018_06_25_AGeiger"; VariantName = "[No Variations]"
Add component (AddParameter): Name = "Created from"; Value = "AGeiger"; VariantName = "[No Variations]"
Add component (AddParameter): Name = "Created On"; Value = "20.09.2022 13:14:57"; VariantName = "[No Variations]"
Add component (AddParameter): Name = "Last Updated"; Value = "20.09.2022 13:15:39"; VariantName = "[No Variations]"
Add component (AddParameter): Name = "Live Cycle Status"; Value = "1"; VariantName = "[No Variations]"
Add component (AddParameter): Name = "Manufacturer"; Value = "NULL"; VariantName = "[No Variations]"
Add component (AddParameter): Name = "Manufacturer Part Number"; Value = "NULL"; VariantName = "[No Variations]"
Add component (AddParameter): Name = "PartID"; Value = "9"; VariantName = "[No Variations]"
Add component (AddParameter): Name = "Supplier 1"; Value = "NULL"; VariantName = "[No Variations]"
Add component (AddParameter): Name = "Supplier Part Number 1"; Value = "NULL"; VariantName = "[No Variations]"
Add component (AddParameter): Name = "Type"; Value = "Testpoint"; VariantName = "[No Variations]"
Add component (AddParameter): Name = "Value"; Value = "Testpoint 1mm"; VariantName = "[No Variations]"
Added Component: Designator=U1(D0008A_N)
Add component (AddParameter): Name = "Component Type"; Value = "EEPROM"; VariantName = "[No Variations]"
Add component (AddParameter): Name = "ComponentLink1Description"; Value = "Datasheet"; VariantName = "[No Variations]"
Add component (AddParameter): Name = "ComponentLink1URL"; Value = "https://www.st.com/resource/en/datasheet/m24c01-w.pdf"; VariantName = "[No Variations]"
Add component (AddParameter): Name = "Created from"; Value = "AGeiger"; VariantName = "[No Variations]"
Add component (AddParameter): Name = "Created On"; Value = "19.11.2023 14:54:27"; VariantName = "[No Variations]"
Add component (AddParameter): Name = "Device Package"; Value = "SOIC-8"; VariantName = "[No Variations]"
Add component (AddParameter): Name = "Last Updated"; Value = "19.11.2023 21:39:04"; VariantName = "[No Variations]"
Add component (AddParameter): Name = "LCSC Part Number"; Value = "C7562"; VariantName = "[No Variations]"
Add component (AddParameter): Name = "Manufacturer"; Value = "STMicroelectronics"; VariantName = "[No Variations]"
Add component (AddParameter): Name = "Manufacturer Part Number"; Value = "M24C02-WMN6TP"; VariantName = "[No Variations]"
Add component (AddParameter): Name = "Mounting Type"; Value = "SMD"; VariantName = "[No Variations]"
Add component (AddParameter): Name = "Operating Temperature"; Value = "-40 to +85 °C"; VariantName = "[No Variations]"
Add component (AddParameter): Name = "PartID"; Value = "1"; VariantName = "[No Variations]"
Add component (AddParameter): Name = "Series"; Value = "M24xxx"; VariantName = "[No Variations]"
Add component (AddParameter): Name = "Supplier 1"; Value = "Mouser"; VariantName = "[No Variations]"
Add component (AddParameter): Name = "Supplier 2"; Value = "LCSC"; VariantName = "[No Variations]"
Add component (AddParameter): Name = "Supplier Part Number 1"; Value = "511-M24C02-WMN6TP"; VariantName = "[No Variations]"
Add component (AddParameter): Name = "Supplier Part Number 2"; Value = "C7562"; VariantName = "[No Variations]"
Add component (AddParameter): Name = "Type"; Value = "Memory"; VariantName = "[No Variations]"
Add component (AddParameter): Name = "Value"; Value = "M24C02-WMN6TP"; VariantName = "[No Variations]"
Added Component: Designator=U2A(SOP65P490X110-8N)
Add component (AddParameter): Name = "Channels"; Value = "1"; VariantName = "[No Variations]"
Add component (AddParameter): Name = "CMRR"; Value = "89dB"; VariantName = "[No Variations]"
Add component (AddParameter): Name = "Component Type"; Value = "Current Sense Amplifier"; VariantName = "[No Variations]"
Add component (AddParameter): Name = "ComponentLink1Description"; Value = "Datasheet"; VariantName = "[No Variations]"
Add component (AddParameter): Name = "ComponentLink1URL"; Value = "https://www.ti.com/lit/ds/symlink/ina241b.pdf?ts=1718088817119&ref_url=https%253A%252F%252Fwww.mouser.de%252F"; VariantName = "[No Variations]"
Add component (AddParameter): Name = "Created from"; Value = "KPatel"; VariantName = "[No Variations]"
Add component (AddParameter): Name = "Created On"; Value = "6/11/2024 7:53:55 AM"; VariantName = "[No Variations]"
Add component (AddParameter): Name = "Device Package"; Value = "VSSOP-8"; VariantName = "[No Variations]"
Add component (AddParameter): Name = "GBP"; Value = "100MHz"; VariantName = "[No Variations]"
Add component (AddParameter): Name = "Last Updated"; Value = "6/11/2024 7:54:20 AM"; VariantName = "[No Variations]"
Add component (AddParameter): Name = "Live Cycle Status"; Value = "1"; VariantName = "[No Variations]"
Add component (AddParameter): Name = "Manufacturer"; Value = "Texas Instruments"; VariantName = "[No Variations]"
Add component (AddParameter): Name = "Manufacturer Part Number"; Value = "INA241B2IDGKR"; VariantName = "[No Variations]"
Add component (AddParameter): Name = "Mounting Type"; Value = "SMD"; VariantName = "[No Variations]"
Add component (AddParameter): Name = "Operating Temperature"; Value = "-40 - 125°C"; VariantName = "[No Variations]"
Add component (AddParameter): Name = "PartID"; Value = "29"; VariantName = "[No Variations]"
Add component (AddParameter): Name = "Series"; Value = "INA241B2"; VariantName = "[No Variations]"
Add component (AddParameter): Name = "Stock number"; Value = "not stored"; VariantName = "[No Variations]"
Add component (AddParameter): Name = "Supplier 1"; Value = "Mouser"; VariantName = "[No Variations]"
Add component (AddParameter): Name = "Supplier Part Number 1"; Value = "595-INA241B2IDGKR"; VariantName = "[No Variations]"
Add component (AddParameter): Name = "Type"; Value = "Current Sense Amplifier"; VariantName = "[No Variations]"
Add component (AddParameter): Name = "Value"; Value = "Rail-to-Rail"; VariantName = "[No Variations]"
Added Component: Designator=U2B(SOP65P490X110-8N)
Add component (AddParameter): Name = "Channels"; Value = "1"; VariantName = "[No Variations]"
Add component (AddParameter): Name = "CMRR"; Value = "89dB"; VariantName = "[No Variations]"
Add component (AddParameter): Name = "Component Type"; Value = "Current Sense Amplifier"; VariantName = "[No Variations]"
Add component (AddParameter): Name = "ComponentLink1Description"; Value = "Datasheet"; VariantName = "[No Variations]"
Add component (AddParameter): Name = "ComponentLink1URL"; Value = "https://www.ti.com/lit/ds/symlink/ina241b.pdf?ts=1718088817119&ref_url=https%253A%252F%252Fwww.mouser.de%252F"; VariantName = "[No Variations]"
Add component (AddParameter): Name = "Created from"; Value = "KPatel"; VariantName = "[No Variations]"
Add component (AddParameter): Name = "Created On"; Value = "6/11/2024 7:53:55 AM"; VariantName = "[No Variations]"
Add component (AddParameter): Name = "Device Package"; Value = "VSSOP-8"; VariantName = "[No Variations]"
Add component (AddParameter): Name = "GBP"; Value = "100MHz"; VariantName = "[No Variations]"
Add component (AddParameter): Name = "Last Updated"; Value = "6/11/2024 7:54:20 AM"; VariantName = "[No Variations]"
Add component (AddParameter): Name = "Live Cycle Status"; Value = "1"; VariantName = "[No Variations]"
Add component (AddParameter): Name = "Manufacturer"; Value = "Texas Instruments"; VariantName = "[No Variations]"
Add component (AddParameter): Name = "Manufacturer Part Number"; Value = "INA241B2IDGKR"; VariantName = "[No Variations]"
Add component (AddParameter): Name = "Mounting Type"; Value = "SMD"; VariantName = "[No Variations]"
Add component (AddParameter): Name = "Operating Temperature"; Value = "-40 - 125°C"; VariantName = "[No Variations]"
Add component (AddParameter): Name = "PartID"; Value = "29"; VariantName = "[No Variations]"
Add component (AddParameter): Name = "Series"; Value = "INA241B2"; VariantName = "[No Variations]"
Add component (AddParameter): Name = "Stock number"; Value = "not stored"; VariantName = "[No Variations]"
Add component (AddParameter): Name = "Supplier 1"; Value = "Mouser"; VariantName = "[No Variations]"
Add component (AddParameter): Name = "Supplier Part Number 1"; Value = "595-INA241B2IDGKR"; VariantName = "[No Variations]"
Add component (AddParameter): Name = "Type"; Value = "Current Sense Amplifier"; VariantName = "[No Variations]"
Add component (AddParameter): Name = "Value"; Value = "Rail-to-Rail"; VariantName = "[No Variations]"
Added Component: Designator=U2C(SOP65P490X110-8N)
Add component (AddParameter): Name = "Channels"; Value = "1"; VariantName = "[No Variations]"
Add component (AddParameter): Name = "CMRR"; Value = "89dB"; VariantName = "[No Variations]"
Add component (AddParameter): Name = "Component Type"; Value = "Current Sense Amplifier"; VariantName = "[No Variations]"
Add component (AddParameter): Name = "ComponentLink1Description"; Value = "Datasheet"; VariantName = "[No Variations]"
Add component (AddParameter): Name = "ComponentLink1URL"; Value = "https://www.ti.com/lit/ds/symlink/ina241b.pdf?ts=1718088817119&ref_url=https%253A%252F%252Fwww.mouser.de%252F"; VariantName = "[No Variations]"
Add component (AddParameter): Name = "Created from"; Value = "KPatel"; VariantName = "[No Variations]"
Add component (AddParameter): Name = "Created On"; Value = "6/11/2024 7:53:55 AM"; VariantName = "[No Variations]"
Add component (AddParameter): Name = "Device Package"; Value = "VSSOP-8"; VariantName = "[No Variations]"
Add component (AddParameter): Name = "GBP"; Value = "100MHz"; VariantName = "[No Variations]"
Add component (AddParameter): Name = "Last Updated"; Value = "6/11/2024 7:54:20 AM"; VariantName = "[No Variations]"
Add component (AddParameter): Name = "Live Cycle Status"; Value = "1"; VariantName = "[No Variations]"
Add component (AddParameter): Name = "Manufacturer"; Value = "Texas Instruments"; VariantName = "[No Variations]"
Add component (AddParameter): Name = "Manufacturer Part Number"; Value = "INA241B2IDGKR"; VariantName = "[No Variations]"
Add component (AddParameter): Name = "Mounting Type"; Value = "SMD"; VariantName = "[No Variations]"
Add component (AddParameter): Name = "Operating Temperature"; Value = "-40 - 125°C"; VariantName = "[No Variations]"
Add component (AddParameter): Name = "PartID"; Value = "29"; VariantName = "[No Variations]"
Add component (AddParameter): Name = "Series"; Value = "INA241B2"; VariantName = "[No Variations]"
Add component (AddParameter): Name = "Stock number"; Value = "not stored"; VariantName = "[No Variations]"
Add component (AddParameter): Name = "Supplier 1"; Value = "Mouser"; VariantName = "[No Variations]"
Add component (AddParameter): Name = "Supplier Part Number 1"; Value = "595-INA241B2IDGKR"; VariantName = "[No Variations]"
Add component (AddParameter): Name = "Type"; Value = "Current Sense Amplifier"; VariantName = "[No Variations]"
Add component (AddParameter): Name = "Value"; Value = "Rail-to-Rail"; VariantName = "[No Variations]"
Added Component: Designator=U3A(SOT127P600X175-8N)
Add component (AddParameter): Name = "Channels"; Value = "1"; VariantName = "[No Variations]"
Add component (AddParameter): Name = "CMRR"; Value = "86 dB"; VariantName = "[No Variations]"
Add component (AddParameter): Name = "Component Type"; Value = "Differential Amplifier"; VariantName = "[No Variations]"
Add component (AddParameter): Name = "ComponentLink1Description"; Value = "Datasheet"; VariantName = "[No Variations]"
Add component (AddParameter): Name = "ComponentLink1URL"; Value = "https://www.mouser.de/datasheet/2/609/ada4940_1_4940_2-2955874.pdf"; VariantName = "[No Variations]"
Add component (AddParameter): Name = "Created from"; Value = "DHufnagel"; VariantName = "[No Variations]"
Add component (AddParameter): Name = "Created On"; Value = "18.08.2022 12:53:27"; VariantName = "[No Variations]"
Add component (AddParameter): Name = "Device Package"; Value = "SOIC-8"; VariantName = "[No Variations]"
Add component (AddParameter): Name = "GBP"; Value = "260 MHz"; VariantName = "[No Variations]"
Add component (AddParameter): Name = "Last Updated"; Value = "18.08.2022 13:04:18"; VariantName = "[No Variations]"
Add component (AddParameter): Name = "LCSC Part Number"; Value = "C730049"; VariantName = "[No Variations]"
Add component (AddParameter): Name = "Live Cycle Status"; Value = "1"; VariantName = "[No Variations]"
Add component (AddParameter): Name = "Manufacturer"; Value = "Analog Devices"; VariantName = "[No Variations]"
Add component (AddParameter): Name = "Manufacturer Part Number"; Value = "ADA4940-1ARZ-R7"; VariantName = "[No Variations]"
Add component (AddParameter): Name = "Mounting Type"; Value = "SMD"; VariantName = "[No Variations]"
Add component (AddParameter): Name = "Operating Temperature"; Value = "-40 - 105°C"; VariantName = "[No Variations]"
Add component (AddParameter): Name = "PartID"; Value = "14"; VariantName = "[No Variations]"
Add component (AddParameter): Name = "Series"; Value = "ADA4940-1"; VariantName = "[No Variations]"
Add component (AddParameter): Name = "Stock number"; Value = "not stored"; VariantName = "[No Variations]"
Add component (AddParameter): Name = "Supplier 1"; Value = "Mouser"; VariantName = "[No Variations]"
Add component (AddParameter): Name = "Supplier 2"; Value = "Digi-Key"; VariantName = "[No Variations]"
Add component (AddParameter): Name = "Supplier 3"; Value = "LCSC"; VariantName = "[No Variations]"
Add component (AddParameter): Name = "Supplier Part Number 1"; Value = "584-ADA4940-1ARZ"; VariantName = "[No Variations]"
Add component (AddParameter): Name = "Supplier Part Number 2"; Value = "505-ADA4940-1ARZ-ND"; VariantName = "[No Variations]"
Add component (AddParameter): Name = "Supplier Part Number 3"; Value = "C730049"; VariantName = "[No Variations]"
Add component (AddParameter): Name = "Type"; Value = "Differential Amplifiers"; VariantName = "[No Variations]"
Added Component: Designator=U3B(SOT127P600X175-8N)
Add component (AddParameter): Name = "Channels"; Value = "1"; VariantName = "[No Variations]"
Add component (AddParameter): Name = "CMRR"; Value = "86 dB"; VariantName = "[No Variations]"
Add component (AddParameter): Name = "Component Type"; Value = "Differential Amplifier"; VariantName = "[No Variations]"
Add component (AddParameter): Name = "ComponentLink1Description"; Value = "Datasheet"; VariantName = "[No Variations]"
Add component (AddParameter): Name = "ComponentLink1URL"; Value = "https://www.mouser.de/datasheet/2/609/ada4940_1_4940_2-2955874.pdf"; VariantName = "[No Variations]"
Add component (AddParameter): Name = "Created from"; Value = "DHufnagel"; VariantName = "[No Variations]"
Add component (AddParameter): Name = "Created On"; Value = "18.08.2022 12:53:27"; VariantName = "[No Variations]"
Add component (AddParameter): Name = "Device Package"; Value = "SOIC-8"; VariantName = "[No Variations]"
Add component (AddParameter): Name = "GBP"; Value = "260 MHz"; VariantName = "[No Variations]"
Add component (AddParameter): Name = "Last Updated"; Value = "18.08.2022 13:04:18"; VariantName = "[No Variations]"
Add component (AddParameter): Name = "LCSC Part Number"; Value = "C730049"; VariantName = "[No Variations]"
Add component (AddParameter): Name = "Live Cycle Status"; Value = "1"; VariantName = "[No Variations]"
Add component (AddParameter): Name = "Manufacturer"; Value = "Analog Devices"; VariantName = "[No Variations]"
Add component (AddParameter): Name = "Manufacturer Part Number"; Value = "ADA4940-1ARZ-R7"; VariantName = "[No Variations]"
Add component (AddParameter): Name = "Mounting Type"; Value = "SMD"; VariantName = "[No Variations]"
Add component (AddParameter): Name = "Operating Temperature"; Value = "-40 - 105°C"; VariantName = "[No Variations]"
Add component (AddParameter): Name = "PartID"; Value = "14"; VariantName = "[No Variations]"
Add component (AddParameter): Name = "Series"; Value = "ADA4940-1"; VariantName = "[No Variations]"
Add component (AddParameter): Name = "Stock number"; Value = "not stored"; VariantName = "[No Variations]"
Add component (AddParameter): Name = "Supplier 1"; Value = "Mouser"; VariantName = "[No Variations]"
Add component (AddParameter): Name = "Supplier 2"; Value = "Digi-Key"; VariantName = "[No Variations]"
Add component (AddParameter): Name = "Supplier 3"; Value = "LCSC"; VariantName = "[No Variations]"
Add component (AddParameter): Name = "Supplier Part Number 1"; Value = "584-ADA4940-1ARZ"; VariantName = "[No Variations]"
Add component (AddParameter): Name = "Supplier Part Number 2"; Value = "505-ADA4940-1ARZ-ND"; VariantName = "[No Variations]"
Add component (AddParameter): Name = "Supplier Part Number 3"; Value = "C730049"; VariantName = "[No Variations]"
Add component (AddParameter): Name = "Type"; Value = "Differential Amplifiers"; VariantName = "[No Variations]"
Added Component: Designator=U3C(SOT127P600X175-8N)
Add component (AddParameter): Name = "Channels"; Value = "1"; VariantName = "[No Variations]"
Add component (AddParameter): Name = "CMRR"; Value = "86 dB"; VariantName = "[No Variations]"
Add component (AddParameter): Name = "Component Type"; Value = "Differential Amplifier"; VariantName = "[No Variations]"
Add component (AddParameter): Name = "ComponentLink1Description"; Value = "Datasheet"; VariantName = "[No Variations]"
Add component (AddParameter): Name = "ComponentLink1URL"; Value = "https://www.mouser.de/datasheet/2/609/ada4940_1_4940_2-2955874.pdf"; VariantName = "[No Variations]"
Add component (AddParameter): Name = "Created from"; Value = "DHufnagel"; VariantName = "[No Variations]"
Add component (AddParameter): Name = "Created On"; Value = "18.08.2022 12:53:27"; VariantName = "[No Variations]"
Add component (AddParameter): Name = "Device Package"; Value = "SOIC-8"; VariantName = "[No Variations]"
Add component (AddParameter): Name = "GBP"; Value = "260 MHz"; VariantName = "[No Variations]"
Add component (AddParameter): Name = "Last Updated"; Value = "18.08.2022 13:04:18"; VariantName = "[No Variations]"
Add component (AddParameter): Name = "LCSC Part Number"; Value = "C730049"; VariantName = "[No Variations]"
Add component (AddParameter): Name = "Live Cycle Status"; Value = "1"; VariantName = "[No Variations]"
Add component (AddParameter): Name = "Manufacturer"; Value = "Analog Devices"; VariantName = "[No Variations]"
Add component (AddParameter): Name = "Manufacturer Part Number"; Value = "ADA4940-1ARZ-R7"; VariantName = "[No Variations]"
Add component (AddParameter): Name = "Mounting Type"; Value = "SMD"; VariantName = "[No Variations]"
Add component (AddParameter): Name = "Operating Temperature"; Value = "-40 - 105°C"; VariantName = "[No Variations]"
Add component (AddParameter): Name = "PartID"; Value = "14"; VariantName = "[No Variations]"
Add component (AddParameter): Name = "Series"; Value = "ADA4940-1"; VariantName = "[No Variations]"
Add component (AddParameter): Name = "Stock number"; Value = "not stored"; VariantName = "[No Variations]"
Add component (AddParameter): Name = "Supplier 1"; Value = "Mouser"; VariantName = "[No Variations]"
Add component (AddParameter): Name = "Supplier 2"; Value = "Digi-Key"; VariantName = "[No Variations]"
Add component (AddParameter): Name = "Supplier 3"; Value = "LCSC"; VariantName = "[No Variations]"
Add component (AddParameter): Name = "Supplier Part Number 1"; Value = "584-ADA4940-1ARZ"; VariantName = "[No Variations]"
Add component (AddParameter): Name = "Supplier Part Number 2"; Value = "505-ADA4940-1ARZ-ND"; VariantName = "[No Variations]"
Add component (AddParameter): Name = "Supplier Part Number 3"; Value = "C730049"; VariantName = "[No Variations]"
Add component (AddParameter): Name = "Type"; Value = "Differential Amplifiers"; VariantName = "[No Variations]"
Added Component: Designator=U4A(SOT127P600X175-8N)
Add component (AddParameter): Name = "Channels"; Value = "1"; VariantName = "[No Variations]"
Add component (AddParameter): Name = "CMRR"; Value = "86 dB"; VariantName = "[No Variations]"
Add component (AddParameter): Name = "Component Type"; Value = "Differential Amplifier"; VariantName = "[No Variations]"
Add component (AddParameter): Name = "ComponentLink1Description"; Value = "Datasheet"; VariantName = "[No Variations]"
Add component (AddParameter): Name = "ComponentLink1URL"; Value = "https://www.mouser.de/datasheet/2/609/ada4940_1_4940_2-2955874.pdf"; VariantName = "[No Variations]"
Add component (AddParameter): Name = "Created from"; Value = "DHufnagel"; VariantName = "[No Variations]"
Add component (AddParameter): Name = "Created On"; Value = "18.08.2022 12:53:27"; VariantName = "[No Variations]"
Add component (AddParameter): Name = "Device Package"; Value = "SOIC-8"; VariantName = "[No Variations]"
Add component (AddParameter): Name = "GBP"; Value = "260 MHz"; VariantName = "[No Variations]"
Add component (AddParameter): Name = "Last Updated"; Value = "18.08.2022 13:04:18"; VariantName = "[No Variations]"
Add component (AddParameter): Name = "LCSC Part Number"; Value = "C730049"; VariantName = "[No Variations]"
Add component (AddParameter): Name = "Live Cycle Status"; Value = "1"; VariantName = "[No Variations]"
Add component (AddParameter): Name = "Manufacturer"; Value = "Analog Devices"; VariantName = "[No Variations]"
Add component (AddParameter): Name = "Manufacturer Part Number"; Value = "ADA4940-1ARZ-R7"; VariantName = "[No Variations]"
Add component (AddParameter): Name = "Mounting Type"; Value = "SMD"; VariantName = "[No Variations]"
Add component (AddParameter): Name = "Operating Temperature"; Value = "-40 - 105°C"; VariantName = "[No Variations]"
Add component (AddParameter): Name = "PartID"; Value = "14"; VariantName = "[No Variations]"
Add component (AddParameter): Name = "Series"; Value = "ADA4940-1"; VariantName = "[No Variations]"
Add component (AddParameter): Name = "Stock number"; Value = "not stored"; VariantName = "[No Variations]"
Add component (AddParameter): Name = "Supplier 1"; Value = "Mouser"; VariantName = "[No Variations]"
Add component (AddParameter): Name = "Supplier 2"; Value = "Digi-Key"; VariantName = "[No Variations]"
Add component (AddParameter): Name = "Supplier 3"; Value = "LCSC"; VariantName = "[No Variations]"
Add component (AddParameter): Name = "Supplier Part Number 1"; Value = "584-ADA4940-1ARZ"; VariantName = "[No Variations]"
Add component (AddParameter): Name = "Supplier Part Number 2"; Value = "505-ADA4940-1ARZ-ND"; VariantName = "[No Variations]"
Add component (AddParameter): Name = "Supplier Part Number 3"; Value = "C730049"; VariantName = "[No Variations]"
Add component (AddParameter): Name = "Type"; Value = "Differential Amplifiers"; VariantName = "[No Variations]"
Added Component: Designator=U4B(SOT127P600X175-8N)
Add component (AddParameter): Name = "Channels"; Value = "1"; VariantName = "[No Variations]"
Add component (AddParameter): Name = "CMRR"; Value = "86 dB"; VariantName = "[No Variations]"
Add component (AddParameter): Name = "Component Type"; Value = "Differential Amplifier"; VariantName = "[No Variations]"
Add component (AddParameter): Name = "ComponentLink1Description"; Value = "Datasheet"; VariantName = "[No Variations]"
Add component (AddParameter): Name = "ComponentLink1URL"; Value = "https://www.mouser.de/datasheet/2/609/ada4940_1_4940_2-2955874.pdf"; VariantName = "[No Variations]"
Add component (AddParameter): Name = "Created from"; Value = "DHufnagel"; VariantName = "[No Variations]"
Add component (AddParameter): Name = "Created On"; Value = "18.08.2022 12:53:27"; VariantName = "[No Variations]"
Add component (AddParameter): Name = "Device Package"; Value = "SOIC-8"; VariantName = "[No Variations]"
Add component (AddParameter): Name = "GBP"; Value = "260 MHz"; VariantName = "[No Variations]"
Add component (AddParameter): Name = "Last Updated"; Value = "18.08.2022 13:04:18"; VariantName = "[No Variations]"
Add component (AddParameter): Name = "LCSC Part Number"; Value = "C730049"; VariantName = "[No Variations]"
Add component (AddParameter): Name = "Live Cycle Status"; Value = "1"; VariantName = "[No Variations]"
Add component (AddParameter): Name = "Manufacturer"; Value = "Analog Devices"; VariantName = "[No Variations]"
Add component (AddParameter): Name = "Manufacturer Part Number"; Value = "ADA4940-1ARZ-R7"; VariantName = "[No Variations]"
Add component (AddParameter): Name = "Mounting Type"; Value = "SMD"; VariantName = "[No Variations]"
Add component (AddParameter): Name = "Operating Temperature"; Value = "-40 - 105°C"; VariantName = "[No Variations]"
Add component (AddParameter): Name = "PartID"; Value = "14"; VariantName = "[No Variations]"
Add component (AddParameter): Name = "Series"; Value = "ADA4940-1"; VariantName = "[No Variations]"
Add component (AddParameter): Name = "Stock number"; Value = "not stored"; VariantName = "[No Variations]"
Add component (AddParameter): Name = "Supplier 1"; Value = "Mouser"; VariantName = "[No Variations]"
Add component (AddParameter): Name = "Supplier 2"; Value = "Digi-Key"; VariantName = "[No Variations]"
Add component (AddParameter): Name = "Supplier 3"; Value = "LCSC"; VariantName = "[No Variations]"
Add component (AddParameter): Name = "Supplier Part Number 1"; Value = "584-ADA4940-1ARZ"; VariantName = "[No Variations]"
Add component (AddParameter): Name = "Supplier Part Number 2"; Value = "505-ADA4940-1ARZ-ND"; VariantName = "[No Variations]"
Add component (AddParameter): Name = "Supplier Part Number 3"; Value = "C730049"; VariantName = "[No Variations]"
Add component (AddParameter): Name = "Type"; Value = "Differential Amplifiers"; VariantName = "[No Variations]"
Added Component: Designator=U4C(SOT127P600X175-8N)
Add component (AddParameter): Name = "Channels"; Value = "1"; VariantName = "[No Variations]"
Add component (AddParameter): Name = "CMRR"; Value = "86 dB"; VariantName = "[No Variations]"
Add component (AddParameter): Name = "Component Type"; Value = "Differential Amplifier"; VariantName = "[No Variations]"
Add component (AddParameter): Name = "ComponentLink1Description"; Value = "Datasheet"; VariantName = "[No Variations]"
Add component (AddParameter): Name = "ComponentLink1URL"; Value = "https://www.mouser.de/datasheet/2/609/ada4940_1_4940_2-2955874.pdf"; VariantName = "[No Variations]"
Add component (AddParameter): Name = "Created from"; Value = "DHufnagel"; VariantName = "[No Variations]"
Add component (AddParameter): Name = "Created On"; Value = "18.08.2022 12:53:27"; VariantName = "[No Variations]"
Add component (AddParameter): Name = "Device Package"; Value = "SOIC-8"; VariantName = "[No Variations]"
Add component (AddParameter): Name = "GBP"; Value = "260 MHz"; VariantName = "[No Variations]"
Add component (AddParameter): Name = "Last Updated"; Value = "18.08.2022 13:04:18"; VariantName = "[No Variations]"
Add component (AddParameter): Name = "LCSC Part Number"; Value = "C730049"; VariantName = "[No Variations]"
Add component (AddParameter): Name = "Live Cycle Status"; Value = "1"; VariantName = "[No Variations]"
Add component (AddParameter): Name = "Manufacturer"; Value = "Analog Devices"; VariantName = "[No Variations]"
Add component (AddParameter): Name = "Manufacturer Part Number"; Value = "ADA4940-1ARZ-R7"; VariantName = "[No Variations]"
Add component (AddParameter): Name = "Mounting Type"; Value = "SMD"; VariantName = "[No Variations]"
Add component (AddParameter): Name = "Operating Temperature"; Value = "-40 - 105°C"; VariantName = "[No Variations]"
Add component (AddParameter): Name = "PartID"; Value = "14"; VariantName = "[No Variations]"
Add component (AddParameter): Name = "Series"; Value = "ADA4940-1"; VariantName = "[No Variations]"
Add component (AddParameter): Name = "Stock number"; Value = "not stored"; VariantName = "[No Variations]"
Add component (AddParameter): Name = "Supplier 1"; Value = "Mouser"; VariantName = "[No Variations]"
Add component (AddParameter): Name = "Supplier 2"; Value = "Digi-Key"; VariantName = "[No Variations]"
Add component (AddParameter): Name = "Supplier 3"; Value = "LCSC"; VariantName = "[No Variations]"
Add component (AddParameter): Name = "Supplier Part Number 1"; Value = "584-ADA4940-1ARZ"; VariantName = "[No Variations]"
Add component (AddParameter): Name = "Supplier Part Number 2"; Value = "505-ADA4940-1ARZ-ND"; VariantName = "[No Variations]"
Add component (AddParameter): Name = "Supplier Part Number 3"; Value = "C730049"; VariantName = "[No Variations]"
Add component (AddParameter): Name = "Type"; Value = "Differential Amplifiers"; VariantName = "[No Variations]"
Added Component: Designator=U5A(SON50P250X250X80-9N)
Add component (AddParameter): Name = "Component Type"; Value = "Temperature Sensors"; VariantName = "[No Variations]"
Add component (AddParameter): Name = "ComponentLink1Description"; Value = "Datasheet"; VariantName = "[No Variations]"
Add component (AddParameter): Name = "ComponentLink1URL"; Value = "https://www.ti.com/general/docs/suppproductinfo.tsp?distId=26&gotoUrl=https://www.ti.com/lit/gpn/lm57"; VariantName = "[No Variations]"
Add component (AddParameter): Name = "Created from"; Value = "DHufnagel"; VariantName = "[No Variations]"
Add component (AddParameter): Name = "Created On"; Value = "30.06.2022 08:21:10"; VariantName = "[No Variations]"
Add component (AddParameter): Name = "Device Package"; Value = "WSON-8"; VariantName = "[No Variations]"
Add component (AddParameter): Name = "Last Updated"; Value = "14.06.2023 22:16:01"; VariantName = "[No Variations]"
Add component (AddParameter): Name = "LCSC Part Number"; Value = "C2864092"; VariantName = "[No Variations]"
Add component (AddParameter): Name = "Live Cycle Status"; Value = "1"; VariantName = "[No Variations]"
Add component (AddParameter): Name = "Manufacturer"; Value = "Texas Instruments"; VariantName = "[No Variations]"
Add component (AddParameter): Name = "Manufacturer Part Number"; Value = "LM57CISD-5/NOPB"; VariantName = "[No Variations]"
Add component (AddParameter): Name = "Mounting Type"; Value = "SMD"; VariantName = "[No Variations]"
Add component (AddParameter): Name = "Operating Temperature"; Value = "-50 - 150°C"; VariantName = "[No Variations]"
Add component (AddParameter): Name = "PartID"; Value = "5"; VariantName = "[No Variations]"
Add component (AddParameter): Name = "Stock number"; Value = "not stored"; VariantName = "[No Variations]"
Add component (AddParameter): Name = "Supplier 1"; Value = "Mouser"; VariantName = "[No Variations]"
Add component (AddParameter): Name = "Supplier 2"; Value = "Digi-Key"; VariantName = "[No Variations]"
Add component (AddParameter): Name = "Supplier Part Number 1"; Value = "926-LM57CISD-5/NOPB"; VariantName = "[No Variations]"
Add component (AddParameter): Name = "Supplier Part Number 2"; Value = "LM57CISD-5/NOPBCT-ND"; VariantName = "[No Variations]"
Add component (AddParameter): Name = "Type"; Value = "Temperature Sensor"; VariantName = "[No Variations]"
Added Component: Designator=U5B(SON50P250X250X80-9N)
Add component (AddParameter): Name = "Component Type"; Value = "Temperature Sensors"; VariantName = "[No Variations]"
Add component (AddParameter): Name = "ComponentLink1Description"; Value = "Datasheet"; VariantName = "[No Variations]"
Add component (AddParameter): Name = "ComponentLink1URL"; Value = "https://www.ti.com/general/docs/suppproductinfo.tsp?distId=26&gotoUrl=https://www.ti.com/lit/gpn/lm57"; VariantName = "[No Variations]"
Add component (AddParameter): Name = "Created from"; Value = "DHufnagel"; VariantName = "[No Variations]"
Add component (AddParameter): Name = "Created On"; Value = "30.06.2022 08:21:10"; VariantName = "[No Variations]"
Add component (AddParameter): Name = "Device Package"; Value = "WSON-8"; VariantName = "[No Variations]"
Add component (AddParameter): Name = "Last Updated"; Value = "14.06.2023 22:16:01"; VariantName = "[No Variations]"
Add component (AddParameter): Name = "LCSC Part Number"; Value = "C2864092"; VariantName = "[No Variations]"
Add component (AddParameter): Name = "Live Cycle Status"; Value = "1"; VariantName = "[No Variations]"
Add component (AddParameter): Name = "Manufacturer"; Value = "Texas Instruments"; VariantName = "[No Variations]"
Add component (AddParameter): Name = "Manufacturer Part Number"; Value = "LM57CISD-5/NOPB"; VariantName = "[No Variations]"
Add component (AddParameter): Name = "Mounting Type"; Value = "SMD"; VariantName = "[No Variations]"
Add component (AddParameter): Name = "Operating Temperature"; Value = "-50 - 150°C"; VariantName = "[No Variations]"
Add component (AddParameter): Name = "PartID"; Value = "5"; VariantName = "[No Variations]"
Add component (AddParameter): Name = "Stock number"; Value = "not stored"; VariantName = "[No Variations]"
Add component (AddParameter): Name = "Supplier 1"; Value = "Mouser"; VariantName = "[No Variations]"
Add component (AddParameter): Name = "Supplier 2"; Value = "Digi-Key"; VariantName = "[No Variations]"
Add component (AddParameter): Name = "Supplier Part Number 1"; Value = "926-LM57CISD-5/NOPB"; VariantName = "[No Variations]"
Add component (AddParameter): Name = "Supplier Part Number 2"; Value = "LM57CISD-5/NOPBCT-ND"; VariantName = "[No Variations]"
Add component (AddParameter): Name = "Type"; Value = "Temperature Sensor"; VariantName = "[No Variations]"
Added Component: Designator=U5C(SON50P250X250X80-9N)
Add component (AddParameter): Name = "Component Type"; Value = "Temperature Sensors"; VariantName = "[No Variations]"
Add component (AddParameter): Name = "ComponentLink1Description"; Value = "Datasheet"; VariantName = "[No Variations]"
Add component (AddParameter): Name = "ComponentLink1URL"; Value = "https://www.ti.com/general/docs/suppproductinfo.tsp?distId=26&gotoUrl=https://www.ti.com/lit/gpn/lm57"; VariantName = "[No Variations]"
Add component (AddParameter): Name = "Created from"; Value = "DHufnagel"; VariantName = "[No Variations]"
Add component (AddParameter): Name = "Created On"; Value = "30.06.2022 08:21:10"; VariantName = "[No Variations]"
Add component (AddParameter): Name = "Device Package"; Value = "WSON-8"; VariantName = "[No Variations]"
Add component (AddParameter): Name = "Last Updated"; Value = "14.06.2023 22:16:01"; VariantName = "[No Variations]"
Add component (AddParameter): Name = "LCSC Part Number"; Value = "C2864092"; VariantName = "[No Variations]"
Add component (AddParameter): Name = "Live Cycle Status"; Value = "1"; VariantName = "[No Variations]"
Add component (AddParameter): Name = "Manufacturer"; Value = "Texas Instruments"; VariantName = "[No Variations]"
Add component (AddParameter): Name = "Manufacturer Part Number"; Value = "LM57CISD-5/NOPB"; VariantName = "[No Variations]"
Add component (AddParameter): Name = "Mounting Type"; Value = "SMD"; VariantName = "[No Variations]"
Add component (AddParameter): Name = "Operating Temperature"; Value = "-50 - 150°C"; VariantName = "[No Variations]"
Add component (AddParameter): Name = "PartID"; Value = "5"; VariantName = "[No Variations]"
Add component (AddParameter): Name = "Stock number"; Value = "not stored"; VariantName = "[No Variations]"
Add component (AddParameter): Name = "Supplier 1"; Value = "Mouser"; VariantName = "[No Variations]"
Add component (AddParameter): Name = "Supplier 2"; Value = "Digi-Key"; VariantName = "[No Variations]"
Add component (AddParameter): Name = "Supplier Part Number 1"; Value = "926-LM57CISD-5/NOPB"; VariantName = "[No Variations]"
Add component (AddParameter): Name = "Supplier Part Number 2"; Value = "LM57CISD-5/NOPBCT-ND"; VariantName = "[No Variations]"
Add component (AddParameter): Name = "Type"; Value = "Temperature Sensor"; VariantName = "[No Variations]"
Added Component: Designator=U6A(SOT95P280X100-6N)
Add component (AddParameter): Name = "Component Type"; Value = "Switching Controllers"; VariantName = "[No Variations]"
Add component (AddParameter): Name = "ComponentLink1Description"; Value = "Datasheet"; VariantName = "[No Variations]"
Add component (AddParameter): Name = "ComponentLink1URL"; Value = "https://www.mouser.de/datasheet/2/609/LTC6992-1-6992-2-6992-3-6992-4-1852873.pdf"; VariantName = "[No Variations]"
Add component (AddParameter): Name = "Created from"; Value = "AGeiger"; VariantName = "[No Variations]"
Add component (AddParameter): Name = "Created On"; Value = "20.07.2022 14:30:26"; VariantName = "[No Variations]"
Add component (AddParameter): Name = "Device Package"; Value = "SOT-23-6"; VariantName = "[No Variations]"
Add component (AddParameter): Name = "Last Updated"; Value = "14.06.2023 22:16:01"; VariantName = "[No Variations]"
Add component (AddParameter): Name = "LCSC Part Number"; Value = "C581034"; VariantName = "[No Variations]"
Add component (AddParameter): Name = "Live Cycle Status"; Value = "1"; VariantName = "[No Variations]"
Add component (AddParameter): Name = "Manufacturer"; Value = "Analog Devices"; VariantName = "[No Variations]"
Add component (AddParameter): Name = "Manufacturer Part Number"; Value = "LTC6992CS6-1#TRMPBF"; VariantName = "[No Variations]"
Add component (AddParameter): Name = "Mounting Type"; Value = "SMD"; VariantName = "[No Variations]"
Add component (AddParameter): Name = "Operating Temperature"; Value = "0 to 70 °C"; VariantName = "[No Variations]"
Add component (AddParameter): Name = "PartID"; Value = "11"; VariantName = "[No Variations]"
Add component (AddParameter): Name = "Stock number"; Value = "not stored"; VariantName = "[No Variations]"
Add component (AddParameter): Name = "Supplier 1"; Value = "Mouser"; VariantName = "[No Variations]"
Add component (AddParameter): Name = "Supplier 2"; Value = "LCSC"; VariantName = "[No Variations]"
Add component (AddParameter): Name = "Supplier Part Number 1"; Value = "584-C6992CS6-1TRMPBF"; VariantName = "[No Variations]"
Add component (AddParameter): Name = "Supplier Part Number 2"; Value = "C581034"; VariantName = "[No Variations]"
Add component (AddParameter): Name = "Type"; Value = "Switching Controller"; VariantName = "[No Variations]"
Added Component: Designator=U6B(SOT95P280X100-6N)
Add component (AddParameter): Name = "Component Type"; Value = "Switching Controllers"; VariantName = "[No Variations]"
Add component (AddParameter): Name = "ComponentLink1Description"; Value = "Datasheet"; VariantName = "[No Variations]"
Add component (AddParameter): Name = "ComponentLink1URL"; Value = "https://www.mouser.de/datasheet/2/609/LTC6992-1-6992-2-6992-3-6992-4-1852873.pdf"; VariantName = "[No Variations]"
Add component (AddParameter): Name = "Created from"; Value = "AGeiger"; VariantName = "[No Variations]"
Add component (AddParameter): Name = "Created On"; Value = "20.07.2022 14:30:26"; VariantName = "[No Variations]"
Add component (AddParameter): Name = "Device Package"; Value = "SOT-23-6"; VariantName = "[No Variations]"
Add component (AddParameter): Name = "Last Updated"; Value = "14.06.2023 22:16:01"; VariantName = "[No Variations]"
Add component (AddParameter): Name = "LCSC Part Number"; Value = "C581034"; VariantName = "[No Variations]"
Add component (AddParameter): Name = "Live Cycle Status"; Value = "1"; VariantName = "[No Variations]"
Add component (AddParameter): Name = "Manufacturer"; Value = "Analog Devices"; VariantName = "[No Variations]"
Add component (AddParameter): Name = "Manufacturer Part Number"; Value = "LTC6992CS6-1#TRMPBF"; VariantName = "[No Variations]"
Add component (AddParameter): Name = "Mounting Type"; Value = "SMD"; VariantName = "[No Variations]"
Add component (AddParameter): Name = "Operating Temperature"; Value = "0 to 70 °C"; VariantName = "[No Variations]"
Add component (AddParameter): Name = "PartID"; Value = "11"; VariantName = "[No Variations]"
Add component (AddParameter): Name = "Stock number"; Value = "not stored"; VariantName = "[No Variations]"
Add component (AddParameter): Name = "Supplier 1"; Value = "Mouser"; VariantName = "[No Variations]"
Add component (AddParameter): Name = "Supplier 2"; Value = "LCSC"; VariantName = "[No Variations]"
Add component (AddParameter): Name = "Supplier Part Number 1"; Value = "584-C6992CS6-1TRMPBF"; VariantName = "[No Variations]"
Add component (AddParameter): Name = "Supplier Part Number 2"; Value = "C581034"; VariantName = "[No Variations]"
Add component (AddParameter): Name = "Type"; Value = "Switching Controller"; VariantName = "[No Variations]"
Added Component: Designator=U6C(SOT95P280X100-6N)
Add component (AddParameter): Name = "Component Type"; Value = "Switching Controllers"; VariantName = "[No Variations]"
Add component (AddParameter): Name = "ComponentLink1Description"; Value = "Datasheet"; VariantName = "[No Variations]"
Add component (AddParameter): Name = "ComponentLink1URL"; Value = "https://www.mouser.de/datasheet/2/609/LTC6992-1-6992-2-6992-3-6992-4-1852873.pdf"; VariantName = "[No Variations]"
Add component (AddParameter): Name = "Created from"; Value = "AGeiger"; VariantName = "[No Variations]"
Add component (AddParameter): Name = "Created On"; Value = "20.07.2022 14:30:26"; VariantName = "[No Variations]"
Add component (AddParameter): Name = "Device Package"; Value = "SOT-23-6"; VariantName = "[No Variations]"
Add component (AddParameter): Name = "Last Updated"; Value = "14.06.2023 22:16:01"; VariantName = "[No Variations]"
Add component (AddParameter): Name = "LCSC Part Number"; Value = "C581034"; VariantName = "[No Variations]"
Add component (AddParameter): Name = "Live Cycle Status"; Value = "1"; VariantName = "[No Variations]"
Add component (AddParameter): Name = "Manufacturer"; Value = "Analog Devices"; VariantName = "[No Variations]"
Add component (AddParameter): Name = "Manufacturer Part Number"; Value = "LTC6992CS6-1#TRMPBF"; VariantName = "[No Variations]"
Add component (AddParameter): Name = "Mounting Type"; Value = "SMD"; VariantName = "[No Variations]"
Add component (AddParameter): Name = "Operating Temperature"; Value = "0 to 70 °C"; VariantName = "[No Variations]"
Add component (AddParameter): Name = "PartID"; Value = "11"; VariantName = "[No Variations]"
Add component (AddParameter): Name = "Stock number"; Value = "not stored"; VariantName = "[No Variations]"
Add component (AddParameter): Name = "Supplier 1"; Value = "Mouser"; VariantName = "[No Variations]"
Add component (AddParameter): Name = "Supplier 2"; Value = "LCSC"; VariantName = "[No Variations]"
Add component (AddParameter): Name = "Supplier Part Number 1"; Value = "584-C6992CS6-1TRMPBF"; VariantName = "[No Variations]"
Add component (AddParameter): Name = "Supplier Part Number 2"; Value = "C581034"; VariantName = "[No Variations]"
Add component (AddParameter): Name = "Type"; Value = "Switching Controller"; VariantName = "[No Variations]"
Added Component: Designator=U7A(2EDF7275KXUMA1)
Add component (AddParameter): Name = "Component Type"; Value = "Gate Driver"; VariantName = "[No Variations]"
Add component (AddParameter): Name = "ComponentLink1Description"; Value = "Datasheet"; VariantName = "[No Variations]"
Add component (AddParameter): Name = "ComponentLink1URL"; Value = "https://datasheet.lcsc.com/lcsc/2202151130_Infineon-Technologies-2EDF7275KXUMA2_C2975252.pdf"; VariantName = "[No Variations]"
Add component (AddParameter): Name = "Created from"; Value = "AGeiger"; VariantName = "[No Variations]"
Add component (AddParameter): Name = "Created On"; Value = "21.02.2024 16:40:21"; VariantName = "[No Variations]"
Add component (AddParameter): Name = "Device Package"; Value = "PG-TFLGA-13-1"; VariantName = "[No Variations]"
Add component (AddParameter): Name = "Last Updated"; Value = "21.02.2024 16:40:21"; VariantName = "[No Variations]"
Add component (AddParameter): Name = "LCSC Part Number"; Value = "C2975252"; VariantName = "[No Variations]"
Add component (AddParameter): Name = "Live Cycle Status"; Value = "1"; VariantName = "[No Variations]"
Add component (AddParameter): Name = "Manufacturer"; Value = "Infineon Technologies"; VariantName = "[No Variations]"
Add component (AddParameter): Name = "Manufacturer Part Number"; Value = "2EDF7275KXUMA2"; VariantName = "[No Variations]"
Add component (AddParameter): Name = "Mounting Type"; Value = "SMD"; VariantName = "[No Variations]"
Add component (AddParameter): Name = "Operating Temperature"; Value = "-40 - 125°C"; VariantName = "[No Variations]"
Add component (AddParameter): Name = "PartID"; Value = "7"; VariantName = "[No Variations]"
Add component (AddParameter): Name = "Stock number"; Value = "not stored"; VariantName = "[No Variations]"
Add component (AddParameter): Name = "Supplier 1"; Value = "LCSC"; VariantName = "[No Variations]"
Add component (AddParameter): Name = "Supplier Part Number 1"; Value = "C2975252"; VariantName = "[No Variations]"
Add component (AddParameter): Name = "Type"; Value = "Gate Driver"; VariantName = "[No Variations]"
Added Component: Designator=U7B(2EDF7275KXUMA1)
Add component (AddParameter): Name = "Component Type"; Value = "Gate Driver"; VariantName = "[No Variations]"
Add component (AddParameter): Name = "ComponentLink1Description"; Value = "Datasheet"; VariantName = "[No Variations]"
Add component (AddParameter): Name = "ComponentLink1URL"; Value = "https://datasheet.lcsc.com/lcsc/2202151130_Infineon-Technologies-2EDF7275KXUMA2_C2975252.pdf"; VariantName = "[No Variations]"
Add component (AddParameter): Name = "Created from"; Value = "AGeiger"; VariantName = "[No Variations]"
Add component (AddParameter): Name = "Created On"; Value = "21.02.2024 16:40:21"; VariantName = "[No Variations]"
Add component (AddParameter): Name = "Device Package"; Value = "PG-TFLGA-13-1"; VariantName = "[No Variations]"
Add component (AddParameter): Name = "Last Updated"; Value = "21.02.2024 16:40:21"; VariantName = "[No Variations]"
Add component (AddParameter): Name = "LCSC Part Number"; Value = "C2975252"; VariantName = "[No Variations]"
Add component (AddParameter): Name = "Live Cycle Status"; Value = "1"; VariantName = "[No Variations]"
Add component (AddParameter): Name = "Manufacturer"; Value = "Infineon Technologies"; VariantName = "[No Variations]"
Add component (AddParameter): Name = "Manufacturer Part Number"; Value = "2EDF7275KXUMA2"; VariantName = "[No Variations]"
Add component (AddParameter): Name = "Mounting Type"; Value = "SMD"; VariantName = "[No Variations]"
Add component (AddParameter): Name = "Operating Temperature"; Value = "-40 - 125°C"; VariantName = "[No Variations]"
Add component (AddParameter): Name = "PartID"; Value = "7"; VariantName = "[No Variations]"
Add component (AddParameter): Name = "Stock number"; Value = "not stored"; VariantName = "[No Variations]"
Add component (AddParameter): Name = "Supplier 1"; Value = "LCSC"; VariantName = "[No Variations]"
Add component (AddParameter): Name = "Supplier Part Number 1"; Value = "C2975252"; VariantName = "[No Variations]"
Add component (AddParameter): Name = "Type"; Value = "Gate Driver"; VariantName = "[No Variations]"
Added Component: Designator=U7C(2EDF7275KXUMA1)
Add component (AddParameter): Name = "Component Type"; Value = "Gate Driver"; VariantName = "[No Variations]"
Add component (AddParameter): Name = "ComponentLink1Description"; Value = "Datasheet"; VariantName = "[No Variations]"
Add component (AddParameter): Name = "ComponentLink1URL"; Value = "https://datasheet.lcsc.com/lcsc/2202151130_Infineon-Technologies-2EDF7275KXUMA2_C2975252.pdf"; VariantName = "[No Variations]"
Add component (AddParameter): Name = "Created from"; Value = "AGeiger"; VariantName = "[No Variations]"
Add component (AddParameter): Name = "Created On"; Value = "21.02.2024 16:40:21"; VariantName = "[No Variations]"
Add component (AddParameter): Name = "Device Package"; Value = "PG-TFLGA-13-1"; VariantName = "[No Variations]"
Add component (AddParameter): Name = "Last Updated"; Value = "21.02.2024 16:40:21"; VariantName = "[No Variations]"
Add component (AddParameter): Name = "LCSC Part Number"; Value = "C2975252"; VariantName = "[No Variations]"
Add component (AddParameter): Name = "Live Cycle Status"; Value = "1"; VariantName = "[No Variations]"
Add component (AddParameter): Name = "Manufacturer"; Value = "Infineon Technologies"; VariantName = "[No Variations]"
Add component (AddParameter): Name = "Manufacturer Part Number"; Value = "2EDF7275KXUMA2"; VariantName = "[No Variations]"
Add component (AddParameter): Name = "Mounting Type"; Value = "SMD"; VariantName = "[No Variations]"
Add component (AddParameter): Name = "Operating Temperature"; Value = "-40 - 125°C"; VariantName = "[No Variations]"
Add component (AddParameter): Name = "PartID"; Value = "7"; VariantName = "[No Variations]"
Add component (AddParameter): Name = "Stock number"; Value = "not stored"; VariantName = "[No Variations]"
Add component (AddParameter): Name = "Supplier 1"; Value = "LCSC"; VariantName = "[No Variations]"
Add component (AddParameter): Name = "Supplier Part Number 1"; Value = "C2975252"; VariantName = "[No Variations]"
Add component (AddParameter): Name = "Type"; Value = "Gate Driver"; VariantName = "[No Variations]"
Added Component: Designator=U8A(SOT95P280X100-6N)
Add component (AddParameter): Name = "Component Type"; Value = "Switching Controllers"; VariantName = "[No Variations]"
Add component (AddParameter): Name = "ComponentLink1Description"; Value = "Datasheet"; VariantName = "[No Variations]"
Add component (AddParameter): Name = "ComponentLink1URL"; Value = "https://www.mouser.de/datasheet/2/609/LTC6992-1-6992-2-6992-3-6992-4-1852873.pdf"; VariantName = "[No Variations]"
Add component (AddParameter): Name = "Created from"; Value = "AGeiger"; VariantName = "[No Variations]"
Add component (AddParameter): Name = "Created On"; Value = "20.07.2022 14:30:26"; VariantName = "[No Variations]"
Add component (AddParameter): Name = "Device Package"; Value = "SOT-23-6"; VariantName = "[No Variations]"
Add component (AddParameter): Name = "Last Updated"; Value = "14.06.2023 22:16:01"; VariantName = "[No Variations]"
Add component (AddParameter): Name = "LCSC Part Number"; Value = "C581034"; VariantName = "[No Variations]"
Add component (AddParameter): Name = "Live Cycle Status"; Value = "1"; VariantName = "[No Variations]"
Add component (AddParameter): Name = "Manufacturer"; Value = "Analog Devices"; VariantName = "[No Variations]"
Add component (AddParameter): Name = "Manufacturer Part Number"; Value = "LTC6992CS6-1#TRMPBF"; VariantName = "[No Variations]"
Add component (AddParameter): Name = "Mounting Type"; Value = "SMD"; VariantName = "[No Variations]"
Add component (AddParameter): Name = "Operating Temperature"; Value = "0 to 70 °C"; VariantName = "[No Variations]"
Add component (AddParameter): Name = "PartID"; Value = "11"; VariantName = "[No Variations]"
Add component (AddParameter): Name = "Stock number"; Value = "not stored"; VariantName = "[No Variations]"
Add component (AddParameter): Name = "Supplier 1"; Value = "Mouser"; VariantName = "[No Variations]"
Add component (AddParameter): Name = "Supplier 2"; Value = "LCSC"; VariantName = "[No Variations]"
Add component (AddParameter): Name = "Supplier Part Number 1"; Value = "584-C6992CS6-1TRMPBF"; VariantName = "[No Variations]"
Add component (AddParameter): Name = "Supplier Part Number 2"; Value = "C581034"; VariantName = "[No Variations]"
Add component (AddParameter): Name = "Type"; Value = "Switching Controller"; VariantName = "[No Variations]"
Added Component: Designator=U8B(SOT95P280X100-6N)
Add component (AddParameter): Name = "Component Type"; Value = "Switching Controllers"; VariantName = "[No Variations]"
Add component (AddParameter): Name = "ComponentLink1Description"; Value = "Datasheet"; VariantName = "[No Variations]"
Add component (AddParameter): Name = "ComponentLink1URL"; Value = "https://www.mouser.de/datasheet/2/609/LTC6992-1-6992-2-6992-3-6992-4-1852873.pdf"; VariantName = "[No Variations]"
Add component (AddParameter): Name = "Created from"; Value = "AGeiger"; VariantName = "[No Variations]"
Add component (AddParameter): Name = "Created On"; Value = "20.07.2022 14:30:26"; VariantName = "[No Variations]"
Add component (AddParameter): Name = "Device Package"; Value = "SOT-23-6"; VariantName = "[No Variations]"
Add component (AddParameter): Name = "Last Updated"; Value = "14.06.2023 22:16:01"; VariantName = "[No Variations]"
Add component (AddParameter): Name = "LCSC Part Number"; Value = "C581034"; VariantName = "[No Variations]"
Add component (AddParameter): Name = "Live Cycle Status"; Value = "1"; VariantName = "[No Variations]"
Add component (AddParameter): Name = "Manufacturer"; Value = "Analog Devices"; VariantName = "[No Variations]"
Add component (AddParameter): Name = "Manufacturer Part Number"; Value = "LTC6992CS6-1#TRMPBF"; VariantName = "[No Variations]"
Add component (AddParameter): Name = "Mounting Type"; Value = "SMD"; VariantName = "[No Variations]"
Add component (AddParameter): Name = "Operating Temperature"; Value = "0 to 70 °C"; VariantName = "[No Variations]"
Add component (AddParameter): Name = "PartID"; Value = "11"; VariantName = "[No Variations]"
Add component (AddParameter): Name = "Stock number"; Value = "not stored"; VariantName = "[No Variations]"
Add component (AddParameter): Name = "Supplier 1"; Value = "Mouser"; VariantName = "[No Variations]"
Add component (AddParameter): Name = "Supplier 2"; Value = "LCSC"; VariantName = "[No Variations]"
Add component (AddParameter): Name = "Supplier Part Number 1"; Value = "584-C6992CS6-1TRMPBF"; VariantName = "[No Variations]"
Add component (AddParameter): Name = "Supplier Part Number 2"; Value = "C581034"; VariantName = "[No Variations]"
Add component (AddParameter): Name = "Type"; Value = "Switching Controller"; VariantName = "[No Variations]"
Added Component: Designator=U8C(SOT95P280X100-6N)
Add component (AddParameter): Name = "Component Type"; Value = "Switching Controllers"; VariantName = "[No Variations]"
Add component (AddParameter): Name = "ComponentLink1Description"; Value = "Datasheet"; VariantName = "[No Variations]"
Add component (AddParameter): Name = "ComponentLink1URL"; Value = "https://www.mouser.de/datasheet/2/609/LTC6992-1-6992-2-6992-3-6992-4-1852873.pdf"; VariantName = "[No Variations]"
Add component (AddParameter): Name = "Created from"; Value = "AGeiger"; VariantName = "[No Variations]"
Add component (AddParameter): Name = "Created On"; Value = "20.07.2022 14:30:26"; VariantName = "[No Variations]"
Add component (AddParameter): Name = "Device Package"; Value = "SOT-23-6"; VariantName = "[No Variations]"
Add component (AddParameter): Name = "Last Updated"; Value = "14.06.2023 22:16:01"; VariantName = "[No Variations]"
Add component (AddParameter): Name = "LCSC Part Number"; Value = "C581034"; VariantName = "[No Variations]"
Add component (AddParameter): Name = "Live Cycle Status"; Value = "1"; VariantName = "[No Variations]"
Add component (AddParameter): Name = "Manufacturer"; Value = "Analog Devices"; VariantName = "[No Variations]"
Add component (AddParameter): Name = "Manufacturer Part Number"; Value = "LTC6992CS6-1#TRMPBF"; VariantName = "[No Variations]"
Add component (AddParameter): Name = "Mounting Type"; Value = "SMD"; VariantName = "[No Variations]"
Add component (AddParameter): Name = "Operating Temperature"; Value = "0 to 70 °C"; VariantName = "[No Variations]"
Add component (AddParameter): Name = "PartID"; Value = "11"; VariantName = "[No Variations]"
Add component (AddParameter): Name = "Stock number"; Value = "not stored"; VariantName = "[No Variations]"
Add component (AddParameter): Name = "Supplier 1"; Value = "Mouser"; VariantName = "[No Variations]"
Add component (AddParameter): Name = "Supplier 2"; Value = "LCSC"; VariantName = "[No Variations]"
Add component (AddParameter): Name = "Supplier Part Number 1"; Value = "584-C6992CS6-1TRMPBF"; VariantName = "[No Variations]"
Add component (AddParameter): Name = "Supplier Part Number 2"; Value = "C581034"; VariantName = "[No Variations]"
Add component (AddParameter): Name = "Type"; Value = "Switching Controller"; VariantName = "[No Variations]"
Added Component: Designator=U9A(SON50P250X250X80-9N)
Add component (AddParameter): Name = "Component Type"; Value = "Temperature Sensors"; VariantName = "[No Variations]"
Add component (AddParameter): Name = "ComponentLink1Description"; Value = "Datasheet"; VariantName = "[No Variations]"
Add component (AddParameter): Name = "ComponentLink1URL"; Value = "https://www.ti.com/general/docs/suppproductinfo.tsp?distId=26&gotoUrl=https://www.ti.com/lit/gpn/lm57"; VariantName = "[No Variations]"
Add component (AddParameter): Name = "Created from"; Value = "DHufnagel"; VariantName = "[No Variations]"
Add component (AddParameter): Name = "Created On"; Value = "30.06.2022 08:21:10"; VariantName = "[No Variations]"
Add component (AddParameter): Name = "Device Package"; Value = "WSON-8"; VariantName = "[No Variations]"
Add component (AddParameter): Name = "Last Updated"; Value = "14.06.2023 22:16:01"; VariantName = "[No Variations]"
Add component (AddParameter): Name = "LCSC Part Number"; Value = "C2864092"; VariantName = "[No Variations]"
Add component (AddParameter): Name = "Live Cycle Status"; Value = "1"; VariantName = "[No Variations]"
Add component (AddParameter): Name = "Manufacturer"; Value = "Texas Instruments"; VariantName = "[No Variations]"
Add component (AddParameter): Name = "Manufacturer Part Number"; Value = "LM57CISD-5/NOPB"; VariantName = "[No Variations]"
Add component (AddParameter): Name = "Mounting Type"; Value = "SMD"; VariantName = "[No Variations]"
Add component (AddParameter): Name = "Operating Temperature"; Value = "-50 - 150°C"; VariantName = "[No Variations]"
Add component (AddParameter): Name = "PartID"; Value = "5"; VariantName = "[No Variations]"
Add component (AddParameter): Name = "Stock number"; Value = "not stored"; VariantName = "[No Variations]"
Add component (AddParameter): Name = "Supplier 1"; Value = "Mouser"; VariantName = "[No Variations]"
Add component (AddParameter): Name = "Supplier 2"; Value = "Digi-Key"; VariantName = "[No Variations]"
Add component (AddParameter): Name = "Supplier Part Number 1"; Value = "926-LM57CISD-5/NOPB"; VariantName = "[No Variations]"
Add component (AddParameter): Name = "Supplier Part Number 2"; Value = "LM57CISD-5/NOPBCT-ND"; VariantName = "[No Variations]"
Add component (AddParameter): Name = "Type"; Value = "Temperature Sensor"; VariantName = "[No Variations]"
Added Component: Designator=U9B(SON50P250X250X80-9N)
Add component (AddParameter): Name = "Component Type"; Value = "Temperature Sensors"; VariantName = "[No Variations]"
Add component (AddParameter): Name = "ComponentLink1Description"; Value = "Datasheet"; VariantName = "[No Variations]"
Add component (AddParameter): Name = "ComponentLink1URL"; Value = "https://www.ti.com/general/docs/suppproductinfo.tsp?distId=26&gotoUrl=https://www.ti.com/lit/gpn/lm57"; VariantName = "[No Variations]"
Add component (AddParameter): Name = "Created from"; Value = "DHufnagel"; VariantName = "[No Variations]"
Add component (AddParameter): Name = "Created On"; Value = "30.06.2022 08:21:10"; VariantName = "[No Variations]"
Add component (AddParameter): Name = "Device Package"; Value = "WSON-8"; VariantName = "[No Variations]"
Add component (AddParameter): Name = "Last Updated"; Value = "14.06.2023 22:16:01"; VariantName = "[No Variations]"
Add component (AddParameter): Name = "LCSC Part Number"; Value = "C2864092"; VariantName = "[No Variations]"
Add component (AddParameter): Name = "Live Cycle Status"; Value = "1"; VariantName = "[No Variations]"
Add component (AddParameter): Name = "Manufacturer"; Value = "Texas Instruments"; VariantName = "[No Variations]"
Add component (AddParameter): Name = "Manufacturer Part Number"; Value = "LM57CISD-5/NOPB"; VariantName = "[No Variations]"
Add component (AddParameter): Name = "Mounting Type"; Value = "SMD"; VariantName = "[No Variations]"
Add component (AddParameter): Name = "Operating Temperature"; Value = "-50 - 150°C"; VariantName = "[No Variations]"
Add component (AddParameter): Name = "PartID"; Value = "5"; VariantName = "[No Variations]"
Add component (AddParameter): Name = "Stock number"; Value = "not stored"; VariantName = "[No Variations]"
Add component (AddParameter): Name = "Supplier 1"; Value = "Mouser"; VariantName = "[No Variations]"
Add component (AddParameter): Name = "Supplier 2"; Value = "Digi-Key"; VariantName = "[No Variations]"
Add component (AddParameter): Name = "Supplier Part Number 1"; Value = "926-LM57CISD-5/NOPB"; VariantName = "[No Variations]"
Add component (AddParameter): Name = "Supplier Part Number 2"; Value = "LM57CISD-5/NOPBCT-ND"; VariantName = "[No Variations]"
Add component (AddParameter): Name = "Type"; Value = "Temperature Sensor"; VariantName = "[No Variations]"
Added Component: Designator=U9C(SON50P250X250X80-9N)
Add component (AddParameter): Name = "Component Type"; Value = "Temperature Sensors"; VariantName = "[No Variations]"
Add component (AddParameter): Name = "ComponentLink1Description"; Value = "Datasheet"; VariantName = "[No Variations]"
Add component (AddParameter): Name = "ComponentLink1URL"; Value = "https://www.ti.com/general/docs/suppproductinfo.tsp?distId=26&gotoUrl=https://www.ti.com/lit/gpn/lm57"; VariantName = "[No Variations]"
Add component (AddParameter): Name = "Created from"; Value = "DHufnagel"; VariantName = "[No Variations]"
Add component (AddParameter): Name = "Created On"; Value = "30.06.2022 08:21:10"; VariantName = "[No Variations]"
Add component (AddParameter): Name = "Device Package"; Value = "WSON-8"; VariantName = "[No Variations]"
Add component (AddParameter): Name = "Last Updated"; Value = "14.06.2023 22:16:01"; VariantName = "[No Variations]"
Add component (AddParameter): Name = "LCSC Part Number"; Value = "C2864092"; VariantName = "[No Variations]"
Add component (AddParameter): Name = "Live Cycle Status"; Value = "1"; VariantName = "[No Variations]"
Add component (AddParameter): Name = "Manufacturer"; Value = "Texas Instruments"; VariantName = "[No Variations]"
Add component (AddParameter): Name = "Manufacturer Part Number"; Value = "LM57CISD-5/NOPB"; VariantName = "[No Variations]"
Add component (AddParameter): Name = "Mounting Type"; Value = "SMD"; VariantName = "[No Variations]"
Add component (AddParameter): Name = "Operating Temperature"; Value = "-50 - 150°C"; VariantName = "[No Variations]"
Add component (AddParameter): Name = "PartID"; Value = "5"; VariantName = "[No Variations]"
Add component (AddParameter): Name = "Stock number"; Value = "not stored"; VariantName = "[No Variations]"
Add component (AddParameter): Name = "Supplier 1"; Value = "Mouser"; VariantName = "[No Variations]"
Add component (AddParameter): Name = "Supplier 2"; Value = "Digi-Key"; VariantName = "[No Variations]"
Add component (AddParameter): Name = "Supplier Part Number 1"; Value = "926-LM57CISD-5/NOPB"; VariantName = "[No Variations]"
Add component (AddParameter): Name = "Supplier Part Number 2"; Value = "LM57CISD-5/NOPBCT-ND"; VariantName = "[No Variations]"
Add component (AddParameter): Name = "Type"; Value = "Temperature Sensor"; VariantName = "[No Variations]"
Added Component: Designator=U10(SOT127P600X175-8N)
Add component (AddParameter): Name = "Channels"; Value = "1"; VariantName = "[No Variations]"
Add component (AddParameter): Name = "CMRR"; Value = "86 dB"; VariantName = "[No Variations]"
Add component (AddParameter): Name = "Component Type"; Value = "Differential Amplifier"; VariantName = "[No Variations]"
Add component (AddParameter): Name = "ComponentLink1Description"; Value = "Datasheet"; VariantName = "[No Variations]"
Add component (AddParameter): Name = "ComponentLink1URL"; Value = "https://www.mouser.de/datasheet/2/609/ada4940_1_4940_2-2955874.pdf"; VariantName = "[No Variations]"
Add component (AddParameter): Name = "Created from"; Value = "DHufnagel"; VariantName = "[No Variations]"
Add component (AddParameter): Name = "Created On"; Value = "18.08.2022 12:53:27"; VariantName = "[No Variations]"
Add component (AddParameter): Name = "Device Package"; Value = "SOIC-8"; VariantName = "[No Variations]"
Add component (AddParameter): Name = "GBP"; Value = "260 MHz"; VariantName = "[No Variations]"
Add component (AddParameter): Name = "Last Updated"; Value = "18.08.2022 13:04:18"; VariantName = "[No Variations]"
Add component (AddParameter): Name = "LCSC Part Number"; Value = "C730049"; VariantName = "[No Variations]"
Add component (AddParameter): Name = "Live Cycle Status"; Value = "1"; VariantName = "[No Variations]"
Add component (AddParameter): Name = "Manufacturer"; Value = "Analog Devices"; VariantName = "[No Variations]"
Add component (AddParameter): Name = "Manufacturer Part Number"; Value = "ADA4940-1ARZ-R7"; VariantName = "[No Variations]"
Add component (AddParameter): Name = "Mounting Type"; Value = "SMD"; VariantName = "[No Variations]"
Add component (AddParameter): Name = "Operating Temperature"; Value = "-40 - 105°C"; VariantName = "[No Variations]"
Add component (AddParameter): Name = "PartID"; Value = "14"; VariantName = "[No Variations]"
Add component (AddParameter): Name = "Series"; Value = "ADA4940-1"; VariantName = "[No Variations]"
Add component (AddParameter): Name = "Stock number"; Value = "not stored"; VariantName = "[No Variations]"
Add component (AddParameter): Name = "Supplier 1"; Value = "Mouser"; VariantName = "[No Variations]"
Add component (AddParameter): Name = "Supplier 2"; Value = "Digi-Key"; VariantName = "[No Variations]"
Add component (AddParameter): Name = "Supplier 3"; Value = "LCSC"; VariantName = "[No Variations]"
Add component (AddParameter): Name = "Supplier Part Number 1"; Value = "584-ADA4940-1ARZ"; VariantName = "[No Variations]"
Add component (AddParameter): Name = "Supplier Part Number 2"; Value = "505-ADA4940-1ARZ-ND"; VariantName = "[No Variations]"
Add component (AddParameter): Name = "Supplier Part Number 3"; Value = "C730049"; VariantName = "[No Variations]"
Add component (AddParameter): Name = "Type"; Value = "Differential Amplifiers"; VariantName = "[No Variations]"
Added Component: Designator=U11(SOP65P490X110-8N)
Add component (AddParameter): Name = "Channels"; Value = "1"; VariantName = "[No Variations]"
Add component (AddParameter): Name = "CMRR"; Value = "89dB"; VariantName = "[No Variations]"
Add component (AddParameter): Name = "Component Type"; Value = "Current Sense Amplifier"; VariantName = "[No Variations]"
Add component (AddParameter): Name = "ComponentLink1Description"; Value = "Datasheet"; VariantName = "[No Variations]"
Add component (AddParameter): Name = "ComponentLink1URL"; Value = "https://www.ti.com/lit/ds/symlink/ina241b.pdf?ts=1718088817119&ref_url=https%253A%252F%252Fwww.mouser.de%252F"; VariantName = "[No Variations]"
Add component (AddParameter): Name = "Created from"; Value = "KPatel"; VariantName = "[No Variations]"
Add component (AddParameter): Name = "Created On"; Value = "6/11/2024 7:53:55 AM"; VariantName = "[No Variations]"
Add component (AddParameter): Name = "Device Package"; Value = "VSSOP-8"; VariantName = "[No Variations]"
Add component (AddParameter): Name = "GBP"; Value = "100MHz"; VariantName = "[No Variations]"
Add component (AddParameter): Name = "Last Updated"; Value = "6/11/2024 7:54:20 AM"; VariantName = "[No Variations]"
Add component (AddParameter): Name = "Live Cycle Status"; Value = "1"; VariantName = "[No Variations]"
Add component (AddParameter): Name = "Manufacturer"; Value = "Texas Instruments"; VariantName = "[No Variations]"
Add component (AddParameter): Name = "Manufacturer Part Number"; Value = "INA241B2IDGKR"; VariantName = "[No Variations]"
Add component (AddParameter): Name = "Mounting Type"; Value = "SMD"; VariantName = "[No Variations]"
Add component (AddParameter): Name = "Operating Temperature"; Value = "-40 - 125°C"; VariantName = "[No Variations]"
Add component (AddParameter): Name = "PartID"; Value = "29"; VariantName = "[No Variations]"
Add component (AddParameter): Name = "Series"; Value = "INA241B2"; VariantName = "[No Variations]"
Add component (AddParameter): Name = "Stock number"; Value = "not stored"; VariantName = "[No Variations]"
Add component (AddParameter): Name = "Supplier 1"; Value = "Mouser"; VariantName = "[No Variations]"
Add component (AddParameter): Name = "Supplier Part Number 1"; Value = "595-INA241B2IDGKR"; VariantName = "[No Variations]"
Add component (AddParameter): Name = "Type"; Value = "Current Sense Amplifier"; VariantName = "[No Variations]"
Add component (AddParameter): Name = "Value"; Value = "Rail-to-Rail"; VariantName = "[No Variations]"
Added Component: Designator=U12(SOT127P600X175-8N)
Add component (AddParameter): Name = "Channels"; Value = "1"; VariantName = "[No Variations]"
Add component (AddParameter): Name = "CMRR"; Value = "86 dB"; VariantName = "[No Variations]"
Add component (AddParameter): Name = "Component Type"; Value = "Differential Amplifier"; VariantName = "[No Variations]"
Add component (AddParameter): Name = "ComponentLink1Description"; Value = "Datasheet"; VariantName = "[No Variations]"
Add component (AddParameter): Name = "ComponentLink1URL"; Value = "https://www.mouser.de/datasheet/2/609/ada4940_1_4940_2-2955874.pdf"; VariantName = "[No Variations]"
Add component (AddParameter): Name = "Created from"; Value = "DHufnagel"; VariantName = "[No Variations]"
Add component (AddParameter): Name = "Created On"; Value = "18.08.2022 12:53:27"; VariantName = "[No Variations]"
Add component (AddParameter): Name = "Device Package"; Value = "SOIC-8"; VariantName = "[No Variations]"
Add component (AddParameter): Name = "GBP"; Value = "260 MHz"; VariantName = "[No Variations]"
Add component (AddParameter): Name = "Last Updated"; Value = "18.08.2022 13:04:18"; VariantName = "[No Variations]"
Add component (AddParameter): Name = "LCSC Part Number"; Value = "C730049"; VariantName = "[No Variations]"
Add component (AddParameter): Name = "Live Cycle Status"; Value = "1"; VariantName = "[No Variations]"
Add component (AddParameter): Name = "Manufacturer"; Value = "Analog Devices"; VariantName = "[No Variations]"
Add component (AddParameter): Name = "Manufacturer Part Number"; Value = "ADA4940-1ARZ-R7"; VariantName = "[No Variations]"
Add component (AddParameter): Name = "Mounting Type"; Value = "SMD"; VariantName = "[No Variations]"
Add component (AddParameter): Name = "Operating Temperature"; Value = "-40 - 105°C"; VariantName = "[No Variations]"
Add component (AddParameter): Name = "PartID"; Value = "14"; VariantName = "[No Variations]"
Add component (AddParameter): Name = "Series"; Value = "ADA4940-1"; VariantName = "[No Variations]"
Add component (AddParameter): Name = "Stock number"; Value = "not stored"; VariantName = "[No Variations]"
Add component (AddParameter): Name = "Supplier 1"; Value = "Mouser"; VariantName = "[No Variations]"
Add component (AddParameter): Name = "Supplier 2"; Value = "Digi-Key"; VariantName = "[No Variations]"
Add component (AddParameter): Name = "Supplier 3"; Value = "LCSC"; VariantName = "[No Variations]"
Add component (AddParameter): Name = "Supplier Part Number 1"; Value = "584-ADA4940-1ARZ"; VariantName = "[No Variations]"
Add component (AddParameter): Name = "Supplier Part Number 2"; Value = "505-ADA4940-1ARZ-ND"; VariantName = "[No Variations]"
Add component (AddParameter): Name = "Supplier Part Number 3"; Value = "C730049"; VariantName = "[No Variations]"
Add component (AddParameter): Name = "Type"; Value = "Differential Amplifiers"; VariantName = "[No Variations]"
Added Component: Designator=U13(SOT95P280X145-6N)
Add component (AddParameter): Name = "Component Type"; Value = "Inverter"; VariantName = "[No Variations]"
Add component (AddParameter): Name = "ComponentLink1Description"; Value = "Datasheet"; VariantName = "[No Variations]"
Add component (AddParameter): Name = "ComponentLink1URL"; Value = "https://www.ti.com/lit/ds/symlink/sn74lvc2g14.pdf"; VariantName = "[No Variations]"
Add component (AddParameter): Name = "Created from"; Value = "MGremer"; VariantName = "[No Variations]"
Add component (AddParameter): Name = "Created On"; Value = "08.11.2021 12:38:27"; VariantName = "[No Variations]"
Add component (AddParameter): Name = "Device Package"; Value = "SOT-23-6"; VariantName = "[No Variations]"
Add component (AddParameter): Name = "Last Updated"; Value = "21.02.2024 16:28:38"; VariantName = "[No Variations]"
Add component (AddParameter): Name = "LCSC Part Number"; Value = "C12401"; VariantName = "[No Variations]"
Add component (AddParameter): Name = "Live Cycle Status"; Value = "1"; VariantName = "[No Variations]"
Add component (AddParameter): Name = "Manufacturer"; Value = "Texas Instruments"; VariantName = "[No Variations]"
Add component (AddParameter): Name = "Manufacturer Part Number"; Value = "SN74LVC2G14DBVR"; VariantName = "[No Variations]"
Add component (AddParameter): Name = "Mounting Type"; Value = "SMD"; VariantName = "[No Variations]"
Add component (AddParameter): Name = "Operating Temperature"; Value = "-40 - 125 °C"; VariantName = "[No Variations]"
Add component (AddParameter): Name = "PartID"; Value = "12"; VariantName = "[No Variations]"
Add component (AddParameter): Name = "Series"; Value = "SN74LVC2G14"; VariantName = "[No Variations]"
Add component (AddParameter): Name = "Stock number"; Value = "not stored"; VariantName = "[No Variations]"
Add component (AddParameter): Name = "Supplier 1"; Value = "Mouser"; VariantName = "[No Variations]"
Add component (AddParameter): Name = "Supplier Part Number 1"; Value = "595-SN74LVC2G14DBVR"; VariantName = "[No Variations]"
Add component (AddParameter): Name = "Type"; Value = "Inverter"; VariantName = "[No Variations]"
Add Component: Footprint Not Found HSEC8-150-01-XX-DV-A-BL-CARD
Added Component: Designator=X2A(1_Pin_Header)
Add component (AddParameter): Name = "Component Type"; Value = "Pin Header"; VariantName = "[No Variations]"
Add component (AddParameter): Name = "ComponentLink1Description"; Value = "Datasheet"; VariantName = "[No Variations]"
Add component (AddParameter): Name = "ComponentLink1URL"; Value = "https://www.mouser.de/datasheet/2/418/NG_CD_103327_T_baseFilename-749242.pdf"; VariantName = "[No Variations]"
Add component (AddParameter): Name = "Created from"; Value = "DHufnagel"; VariantName = "[No Variations]"
Add component (AddParameter): Name = "Created On"; Value = "18.08.2022 09:37:37"; VariantName = "[No Variations]"
Add component (AddParameter): Name = "Device Package"; Value = "THT"; VariantName = "[No Variations]"
Add component (AddParameter): Name = "Last Updated"; Value = "18.08.2022 09:41:31"; VariantName = "[No Variations]"
Add component (AddParameter): Name = "Live Cycle Status"; Value = "1"; VariantName = "[No Variations]"
Add component (AddParameter): Name = "Manufacturer"; Value = "TE Connectivity"; VariantName = "[No Variations]"
Add component (AddParameter): Name = "Manufacturer Part Number"; Value = "4-103327-3"; VariantName = "[No Variations]"
Add component (AddParameter): Name = "Mounting Type"; Value = "THT"; VariantName = "[No Variations]"
Add component (AddParameter): Name = "Number of positions"; Value = "1"; VariantName = "[No Variations]"
Add component (AddParameter): Name = "Number of rows"; Value = "1"; VariantName = "[No Variations]"
Add component (AddParameter): Name = "Operating Temperature"; Value = "-65 - 105 °C"; VariantName = "[No Variations]"
Add component (AddParameter): Name = "PartID"; Value = "12"; VariantName = "[No Variations]"
Add component (AddParameter): Name = "Series"; Value = "AMPMODU MOD II"; VariantName = "[No Variations]"
Add component (AddParameter): Name = "Stock number"; Value = "not stored"; VariantName = "[No Variations]"
Add component (AddParameter): Name = "Supplier 1"; Value = "Mouser"; VariantName = "[No Variations]"
Add component (AddParameter): Name = "Supplier Part Number 1"; Value = "571-4-103327-3"; VariantName = "[No Variations]"
Add component (AddParameter): Name = "Type"; Value = "Pin Header"; VariantName = "[No Variations]"
Added Component: Designator=X2B(1_Pin_Header)
Add component (AddParameter): Name = "Component Type"; Value = "Pin Header"; VariantName = "[No Variations]"
Add component (AddParameter): Name = "ComponentLink1Description"; Value = "Datasheet"; VariantName = "[No Variations]"
Add component (AddParameter): Name = "ComponentLink1URL"; Value = "https://www.mouser.de/datasheet/2/418/NG_CD_103327_T_baseFilename-749242.pdf"; VariantName = "[No Variations]"
Add component (AddParameter): Name = "Created from"; Value = "DHufnagel"; VariantName = "[No Variations]"
Add component (AddParameter): Name = "Created On"; Value = "18.08.2022 09:37:37"; VariantName = "[No Variations]"
Add component (AddParameter): Name = "Device Package"; Value = "THT"; VariantName = "[No Variations]"
Add component (AddParameter): Name = "Last Updated"; Value = "18.08.2022 09:41:31"; VariantName = "[No Variations]"
Add component (AddParameter): Name = "Live Cycle Status"; Value = "1"; VariantName = "[No Variations]"
Add component (AddParameter): Name = "Manufacturer"; Value = "TE Connectivity"; VariantName = "[No Variations]"
Add component (AddParameter): Name = "Manufacturer Part Number"; Value = "4-103327-3"; VariantName = "[No Variations]"
Add component (AddParameter): Name = "Mounting Type"; Value = "THT"; VariantName = "[No Variations]"
Add component (AddParameter): Name = "Number of positions"; Value = "1"; VariantName = "[No Variations]"
Add component (AddParameter): Name = "Number of rows"; Value = "1"; VariantName = "[No Variations]"
Add component (AddParameter): Name = "Operating Temperature"; Value = "-65 - 105 °C"; VariantName = "[No Variations]"
Add component (AddParameter): Name = "PartID"; Value = "12"; VariantName = "[No Variations]"
Add component (AddParameter): Name = "Series"; Value = "AMPMODU MOD II"; VariantName = "[No Variations]"
Add component (AddParameter): Name = "Stock number"; Value = "not stored"; VariantName = "[No Variations]"
Add component (AddParameter): Name = "Supplier 1"; Value = "Mouser"; VariantName = "[No Variations]"
Add component (AddParameter): Name = "Supplier Part Number 1"; Value = "571-4-103327-3"; VariantName = "[No Variations]"
Add component (AddParameter): Name = "Type"; Value = "Pin Header"; VariantName = "[No Variations]"
Added Component: Designator=X2C(1_Pin_Header)
Add component (AddParameter): Name = "Component Type"; Value = "Pin Header"; VariantName = "[No Variations]"
Add component (AddParameter): Name = "ComponentLink1Description"; Value = "Datasheet"; VariantName = "[No Variations]"
Add component (AddParameter): Name = "ComponentLink1URL"; Value = "https://www.mouser.de/datasheet/2/418/NG_CD_103327_T_baseFilename-749242.pdf"; VariantName = "[No Variations]"
Add component (AddParameter): Name = "Created from"; Value = "DHufnagel"; VariantName = "[No Variations]"
Add component (AddParameter): Name = "Created On"; Value = "18.08.2022 09:37:37"; VariantName = "[No Variations]"
Add component (AddParameter): Name = "Device Package"; Value = "THT"; VariantName = "[No Variations]"
Add component (AddParameter): Name = "Last Updated"; Value = "18.08.2022 09:41:31"; VariantName = "[No Variations]"
Add component (AddParameter): Name = "Live Cycle Status"; Value = "1"; VariantName = "[No Variations]"
Add component (AddParameter): Name = "Manufacturer"; Value = "TE Connectivity"; VariantName = "[No Variations]"
Add component (AddParameter): Name = "Manufacturer Part Number"; Value = "4-103327-3"; VariantName = "[No Variations]"
Add component (AddParameter): Name = "Mounting Type"; Value = "THT"; VariantName = "[No Variations]"
Add component (AddParameter): Name = "Number of positions"; Value = "1"; VariantName = "[No Variations]"
Add component (AddParameter): Name = "Number of rows"; Value = "1"; VariantName = "[No Variations]"
Add component (AddParameter): Name = "Operating Temperature"; Value = "-65 - 105 °C"; VariantName = "[No Variations]"
Add component (AddParameter): Name = "PartID"; Value = "12"; VariantName = "[No Variations]"
Add component (AddParameter): Name = "Series"; Value = "AMPMODU MOD II"; VariantName = "[No Variations]"
Add component (AddParameter): Name = "Stock number"; Value = "not stored"; VariantName = "[No Variations]"
Add component (AddParameter): Name = "Supplier 1"; Value = "Mouser"; VariantName = "[No Variations]"
Add component (AddParameter): Name = "Supplier Part Number 1"; Value = "571-4-103327-3"; VariantName = "[No Variations]"
Add component (AddParameter): Name = "Type"; Value = "Pin Header"; VariantName = "[No Variations]"
Added Component: Designator=X3A(1_Pin_Header)
Add component (AddParameter): Name = "Component Type"; Value = "Pin Header"; VariantName = "[No Variations]"
Add component (AddParameter): Name = "ComponentLink1Description"; Value = "Datasheet"; VariantName = "[No Variations]"
Add component (AddParameter): Name = "ComponentLink1URL"; Value = "https://www.mouser.de/datasheet/2/418/NG_CD_103327_T_baseFilename-749242.pdf"; VariantName = "[No Variations]"
Add component (AddParameter): Name = "Created from"; Value = "DHufnagel"; VariantName = "[No Variations]"
Add component (AddParameter): Name = "Created On"; Value = "18.08.2022 09:37:37"; VariantName = "[No Variations]"
Add component (AddParameter): Name = "Device Package"; Value = "THT"; VariantName = "[No Variations]"
Add component (AddParameter): Name = "Last Updated"; Value = "18.08.2022 09:41:31"; VariantName = "[No Variations]"
Add component (AddParameter): Name = "Live Cycle Status"; Value = "1"; VariantName = "[No Variations]"
Add component (AddParameter): Name = "Manufacturer"; Value = "TE Connectivity"; VariantName = "[No Variations]"
Add component (AddParameter): Name = "Manufacturer Part Number"; Value = "4-103327-3"; VariantName = "[No Variations]"
Add component (AddParameter): Name = "Mounting Type"; Value = "THT"; VariantName = "[No Variations]"
Add component (AddParameter): Name = "Number of positions"; Value = "1"; VariantName = "[No Variations]"
Add component (AddParameter): Name = "Number of rows"; Value = "1"; VariantName = "[No Variations]"
Add component (AddParameter): Name = "Operating Temperature"; Value = "-65 - 105 °C"; VariantName = "[No Variations]"
Add component (AddParameter): Name = "PartID"; Value = "12"; VariantName = "[No Variations]"
Add component (AddParameter): Name = "Series"; Value = "AMPMODU MOD II"; VariantName = "[No Variations]"
Add component (AddParameter): Name = "Stock number"; Value = "not stored"; VariantName = "[No Variations]"
Add component (AddParameter): Name = "Supplier 1"; Value = "Mouser"; VariantName = "[No Variations]"
Add component (AddParameter): Name = "Supplier Part Number 1"; Value = "571-4-103327-3"; VariantName = "[No Variations]"
Add component (AddParameter): Name = "Type"; Value = "Pin Header"; VariantName = "[No Variations]"
Added Component: Designator=X3B(1_Pin_Header)
Add component (AddParameter): Name = "Component Type"; Value = "Pin Header"; VariantName = "[No Variations]"
Add component (AddParameter): Name = "ComponentLink1Description"; Value = "Datasheet"; VariantName = "[No Variations]"
Add component (AddParameter): Name = "ComponentLink1URL"; Value = "https://www.mouser.de/datasheet/2/418/NG_CD_103327_T_baseFilename-749242.pdf"; VariantName = "[No Variations]"
Add component (AddParameter): Name = "Created from"; Value = "DHufnagel"; VariantName = "[No Variations]"
Add component (AddParameter): Name = "Created On"; Value = "18.08.2022 09:37:37"; VariantName = "[No Variations]"
Add component (AddParameter): Name = "Device Package"; Value = "THT"; VariantName = "[No Variations]"
Add component (AddParameter): Name = "Last Updated"; Value = "18.08.2022 09:41:31"; VariantName = "[No Variations]"
Add component (AddParameter): Name = "Live Cycle Status"; Value = "1"; VariantName = "[No Variations]"
Add component (AddParameter): Name = "Manufacturer"; Value = "TE Connectivity"; VariantName = "[No Variations]"
Add component (AddParameter): Name = "Manufacturer Part Number"; Value = "4-103327-3"; VariantName = "[No Variations]"
Add component (AddParameter): Name = "Mounting Type"; Value = "THT"; VariantName = "[No Variations]"
Add component (AddParameter): Name = "Number of positions"; Value = "1"; VariantName = "[No Variations]"
Add component (AddParameter): Name = "Number of rows"; Value = "1"; VariantName = "[No Variations]"
Add component (AddParameter): Name = "Operating Temperature"; Value = "-65 - 105 °C"; VariantName = "[No Variations]"
Add component (AddParameter): Name = "PartID"; Value = "12"; VariantName = "[No Variations]"
Add component (AddParameter): Name = "Series"; Value = "AMPMODU MOD II"; VariantName = "[No Variations]"
Add component (AddParameter): Name = "Stock number"; Value = "not stored"; VariantName = "[No Variations]"
Add component (AddParameter): Name = "Supplier 1"; Value = "Mouser"; VariantName = "[No Variations]"
Add component (AddParameter): Name = "Supplier Part Number 1"; Value = "571-4-103327-3"; VariantName = "[No Variations]"
Add component (AddParameter): Name = "Type"; Value = "Pin Header"; VariantName = "[No Variations]"
Added Component: Designator=X3C(1_Pin_Header)
Add component (AddParameter): Name = "Component Type"; Value = "Pin Header"; VariantName = "[No Variations]"
Add component (AddParameter): Name = "ComponentLink1Description"; Value = "Datasheet"; VariantName = "[No Variations]"
Add component (AddParameter): Name = "ComponentLink1URL"; Value = "https://www.mouser.de/datasheet/2/418/NG_CD_103327_T_baseFilename-749242.pdf"; VariantName = "[No Variations]"
Add component (AddParameter): Name = "Created from"; Value = "DHufnagel"; VariantName = "[No Variations]"
Add component (AddParameter): Name = "Created On"; Value = "18.08.2022 09:37:37"; VariantName = "[No Variations]"
Add component (AddParameter): Name = "Device Package"; Value = "THT"; VariantName = "[No Variations]"
Add component (AddParameter): Name = "Last Updated"; Value = "18.08.2022 09:41:31"; VariantName = "[No Variations]"
Add component (AddParameter): Name = "Live Cycle Status"; Value = "1"; VariantName = "[No Variations]"
Add component (AddParameter): Name = "Manufacturer"; Value = "TE Connectivity"; VariantName = "[No Variations]"
Add component (AddParameter): Name = "Manufacturer Part Number"; Value = "4-103327-3"; VariantName = "[No Variations]"
Add component (AddParameter): Name = "Mounting Type"; Value = "THT"; VariantName = "[No Variations]"
Add component (AddParameter): Name = "Number of positions"; Value = "1"; VariantName = "[No Variations]"
Add component (AddParameter): Name = "Number of rows"; Value = "1"; VariantName = "[No Variations]"
Add component (AddParameter): Name = "Operating Temperature"; Value = "-65 - 105 °C"; VariantName = "[No Variations]"
Add component (AddParameter): Name = "PartID"; Value = "12"; VariantName = "[No Variations]"
Add component (AddParameter): Name = "Series"; Value = "AMPMODU MOD II"; VariantName = "[No Variations]"
Add component (AddParameter): Name = "Stock number"; Value = "not stored"; VariantName = "[No Variations]"
Add component (AddParameter): Name = "Supplier 1"; Value = "Mouser"; VariantName = "[No Variations]"
Add component (AddParameter): Name = "Supplier Part Number 1"; Value = "571-4-103327-3"; VariantName = "[No Variations]"
Add component (AddParameter): Name = "Type"; Value = "Pin Header"; VariantName = "[No Variations]"
Added Pin To Net: NetName=-V_DC Pin=J4-1
Added Pin To Net: NetName=-V_DC Pin=R50-2
Added Pin To Net: NetName=-V_DC Pin=U11-1
Added Net: Name=-V_DC
Added Pin To Net: NetName=1V5_REF Pin=C80-2
Added Pin To Net: NetName=1V5_REF Pin=C82A-2
Added Pin To Net: NetName=1V5_REF Pin=C82B-2
Added Pin To Net: NetName=1V5_REF Pin=C82C-2
Added Pin To Net: NetName=1V5_REF Pin=C83A-2
Added Pin To Net: NetName=1V5_REF Pin=C83B-2
Added Pin To Net: NetName=1V5_REF Pin=C83C-2
Added Pin To Net: NetName=1V5_REF Pin=C84-2
Added Pin To Net: NetName=1V5_REF Pin=R12A-2
Added Pin To Net: NetName=1V5_REF Pin=R12B-2
Added Pin To Net: NetName=1V5_REF Pin=R12C-2
Added Pin To Net: NetName=1V5_REF Pin=R53-2
Added Pin To Net: NetName=1V5_REF Pin=U2A-3
Added Pin To Net: NetName=1V5_REF Pin=U2A-7
Added Pin To Net: NetName=1V5_REF Pin=U2B-3
Added Pin To Net: NetName=1V5_REF Pin=U2B-7
Added Pin To Net: NetName=1V5_REF Pin=U2C-3
Added Pin To Net: NetName=1V5_REF Pin=U2C-7
Added Pin To Net: NetName=1V5_REF Pin=U11-3
Added Pin To Net: NetName=1V5_REF Pin=U11-7
Added Net: Name=1V5_REF
Added Pin To Net: NetName=3V3_PER Pin=C1-1
Added Pin To Net: NetName=3V3_PER Pin=C17A-1
Added Pin To Net: NetName=3V3_PER Pin=C17B-1
Added Pin To Net: NetName=3V3_PER Pin=C17C-1
Added Pin To Net: NetName=3V3_PER Pin=C20A-1
Added Pin To Net: NetName=3V3_PER Pin=C20B-1
Added Pin To Net: NetName=3V3_PER Pin=C20C-1
Added Pin To Net: NetName=3V3_PER Pin=C25A-2
Added Pin To Net: NetName=3V3_PER Pin=C25B-2
Added Pin To Net: NetName=3V3_PER Pin=C25C-2
Added Pin To Net: NetName=3V3_PER Pin=C26A-2
Added Pin To Net: NetName=3V3_PER Pin=C26B-2
Added Pin To Net: NetName=3V3_PER Pin=C26C-2
Added Pin To Net: NetName=3V3_PER Pin=F3-2
Added Pin To Net: NetName=3V3_PER Pin=L9A-2
Added Pin To Net: NetName=3V3_PER Pin=L9B-2
Added Pin To Net: NetName=3V3_PER Pin=L9C-2
Added Pin To Net: NetName=3V3_PER Pin=L10A-2
Added Pin To Net: NetName=3V3_PER Pin=L10B-2
Added Pin To Net: NetName=3V3_PER Pin=L10C-2
Added Pin To Net: NetName=3V3_PER Pin=R3-1
Added Pin To Net: NetName=3V3_PER Pin=R8-2
Added Pin To Net: NetName=3V3_PER Pin=R11-2
Added Pin To Net: NetName=3V3_PER Pin=R16-2
Added Pin To Net: NetName=3V3_PER Pin=R17-2
Added Pin To Net: NetName=3V3_PER Pin=R18-2
Added Pin To Net: NetName=3V3_PER Pin=R34A-2
Added Pin To Net: NetName=3V3_PER Pin=R34B-2
Added Pin To Net: NetName=3V3_PER Pin=R34C-2
Added Pin To Net: NetName=3V3_PER Pin=R42A-2
Added Pin To Net: NetName=3V3_PER Pin=R42B-2
Added Pin To Net: NetName=3V3_PER Pin=R42C-2
Added Pin To Net: NetName=3V3_PER Pin=R43A-1
Added Pin To Net: NetName=3V3_PER Pin=R43B-1
Added Pin To Net: NetName=3V3_PER Pin=R43C-1
Added Pin To Net: NetName=3V3_PER Pin=R44A-1
Added Pin To Net: NetName=3V3_PER Pin=R44B-1
Added Pin To Net: NetName=3V3_PER Pin=R44C-1
Added Pin To Net: NetName=3V3_PER Pin=R47-2
Added Pin To Net: NetName=3V3_PER Pin=SB1-1
Added Pin To Net: NetName=3V3_PER Pin=TP7-1
Added Pin To Net: NetName=3V3_PER Pin=U1-8
Added Pin To Net: NetName=3V3_PER Pin=U5A-4
Added Pin To Net: NetName=3V3_PER Pin=U5B-4
Added Pin To Net: NetName=3V3_PER Pin=U5C-4
Added Pin To Net: NetName=3V3_PER Pin=U7A-7
Added Pin To Net: NetName=3V3_PER Pin=U7B-7
Added Pin To Net: NetName=3V3_PER Pin=U7C-7
Added Pin To Net: NetName=3V3_PER Pin=U9A-4
Added Pin To Net: NetName=3V3_PER Pin=U9B-4
Added Pin To Net: NetName=3V3_PER Pin=U9C-4
Added Net: Name=3V3_PER
Added Pin To Net: NetName=3V3_unfused Pin=F3-1
Added Net: Name=3V3_unfused
Added Pin To Net: NetName=5V_PER Pin=F2-2
Added Pin To Net: NetName=5V_PER Pin=L3A-1
Added Pin To Net: NetName=5V_PER Pin=L3B-1
Added Pin To Net: NetName=5V_PER Pin=L3C-1
Added Pin To Net: NetName=5V_PER Pin=L4A-1
Added Pin To Net: NetName=5V_PER Pin=L4B-1
Added Pin To Net: NetName=5V_PER Pin=L4C-1
Added Pin To Net: NetName=5V_PER Pin=L5A-1
Added Pin To Net: NetName=5V_PER Pin=L5B-1
Added Pin To Net: NetName=5V_PER Pin=L5C-1
Added Pin To Net: NetName=5V_PER Pin=L6-1
Added Pin To Net: NetName=5V_PER Pin=L7-1
Added Pin To Net: NetName=5V_PER Pin=L8-1
Added Pin To Net: NetName=5V_PER Pin=L12-2
Added Pin To Net: NetName=5V_PER Pin=R7-2
Added Pin To Net: NetName=5V_PER Pin=TP6-1
Added Net: Name=5V_PER
Added Pin To Net: NetName=5V_U2A Pin=C9A-2
Added Pin To Net: NetName=5V_U2A Pin=C10A-2
Added Pin To Net: NetName=5V_U2A Pin=L5A-2
Added Pin To Net: NetName=5V_U2A Pin=U2A-6
Added Net: Name=5V_U2A
Added Pin To Net: NetName=5V_U2B Pin=C9B-2
Added Pin To Net: NetName=5V_U2B Pin=C10B-2
Added Pin To Net: NetName=5V_U2B Pin=L5B-2
Added Pin To Net: NetName=5V_U2B Pin=U2B-6
Added Net: Name=5V_U2B
Added Pin To Net: NetName=5V_U2C Pin=C9C-2
Added Pin To Net: NetName=5V_U2C Pin=C10C-2
Added Pin To Net: NetName=5V_U2C Pin=L5C-2
Added Pin To Net: NetName=5V_U2C Pin=U2C-6
Added Net: Name=5V_U2C
Added Pin To Net: NetName=5V_U3A Pin=C3A-2
Added Pin To Net: NetName=5V_U3A Pin=L3A-2
Added Pin To Net: NetName=5V_U3A Pin=U3A-3
Added Pin To Net: NetName=5V_U3A Pin=U3A-7
Added Net: Name=5V_U3A
Added Pin To Net: NetName=5V_U3B Pin=C3B-2
Added Pin To Net: NetName=5V_U3B Pin=L3B-2
Added Pin To Net: NetName=5V_U3B Pin=U3B-3
Added Pin To Net: NetName=5V_U3B Pin=U3B-7
Added Net: Name=5V_U3B
Added Pin To Net: NetName=5V_U3C Pin=C3C-2
Added Pin To Net: NetName=5V_U3C Pin=L3C-2
Added Pin To Net: NetName=5V_U3C Pin=U3C-3
Added Pin To Net: NetName=5V_U3C Pin=U3C-7
Added Net: Name=5V_U3C
Added Pin To Net: NetName=5V_U4A Pin=C80A-2
Added Pin To Net: NetName=5V_U4A Pin=L4A-2
Added Pin To Net: NetName=5V_U4A Pin=U4A-3
Added Pin To Net: NetName=5V_U4A Pin=U4A-7
Added Net: Name=5V_U4A
Added Pin To Net: NetName=5V_U4B Pin=C80B-2
Added Pin To Net: NetName=5V_U4B Pin=L4B-2
Added Pin To Net: NetName=5V_U4B Pin=U4B-3
Added Pin To Net: NetName=5V_U4B Pin=U4B-7
Added Net: Name=5V_U4B
Added Pin To Net: NetName=5V_U4C Pin=C80C-2
Added Pin To Net: NetName=5V_U4C Pin=L4C-2
Added Pin To Net: NetName=5V_U4C Pin=U4C-3
Added Pin To Net: NetName=5V_U4C Pin=U4C-7
Added Net: Name=5V_U4C
Added Pin To Net: NetName=5V_U10 Pin=C2-2
Added Pin To Net: NetName=5V_U10 Pin=L7-2
Added Pin To Net: NetName=5V_U10 Pin=U10-3
Added Pin To Net: NetName=5V_U10 Pin=U10-7
Added Net: Name=5V_U10
Added Pin To Net: NetName=5V_U11 Pin=C52-2
Added Pin To Net: NetName=5V_U11 Pin=C105-2
Added Pin To Net: NetName=5V_U11 Pin=L6-2
Added Pin To Net: NetName=5V_U11 Pin=U11-6
Added Net: Name=5V_U11
Added Pin To Net: NetName=5V_U12 Pin=C59-2
Added Pin To Net: NetName=5V_U12 Pin=L8-2
Added Pin To Net: NetName=5V_U12 Pin=U12-3
Added Pin To Net: NetName=5V_U12 Pin=U12-7
Added Net: Name=5V_U12
Added Pin To Net: NetName=5V_unfused Pin=F2-1
Added Net: Name=5V_unfused
Added Pin To Net: NetName=12V_BOTA Pin=C65A-2
Added Pin To Net: NetName=12V_BOTA Pin=C68A-2
Added Pin To Net: NetName=12V_BOTA Pin=C69A-2
Added Pin To Net: NetName=12V_BOTA Pin=PS2A-5
Added Pin To Net: NetName=12V_BOTA Pin=U7A-10
Added Net: Name=12V_BOTA
Added Pin To Net: NetName=12V_BOTB Pin=C65B-2
Added Pin To Net: NetName=12V_BOTB Pin=C68B-2
Added Pin To Net: NetName=12V_BOTB Pin=C69B-2
Added Pin To Net: NetName=12V_BOTB Pin=PS2B-5
Added Pin To Net: NetName=12V_BOTB Pin=U7B-10
Added Net: Name=12V_BOTB
Added Pin To Net: NetName=12V_BOTC Pin=C65C-2
Added Pin To Net: NetName=12V_BOTC Pin=C68C-2
Added Pin To Net: NetName=12V_BOTC Pin=C69C-2
Added Pin To Net: NetName=12V_BOTC Pin=PS2C-5
Added Pin To Net: NetName=12V_BOTC Pin=U7C-10
Added Net: Name=12V_BOTC
Added Pin To Net: NetName=12V_TOPA Pin=C64A-2
Added Pin To Net: NetName=12V_TOPA Pin=C66A-2
Added Pin To Net: NetName=12V_TOPA Pin=C67A-2
Added Pin To Net: NetName=12V_TOPA Pin=PS1A-5
Added Pin To Net: NetName=12V_TOPA Pin=U7A-13
Added Net: Name=12V_TOPA
Added Pin To Net: NetName=12V_TOPB Pin=C64B-2
Added Pin To Net: NetName=12V_TOPB Pin=C66B-2
Added Pin To Net: NetName=12V_TOPB Pin=C67B-2
Added Pin To Net: NetName=12V_TOPB Pin=PS1B-5
Added Pin To Net: NetName=12V_TOPB Pin=U7B-13
Added Net: Name=12V_TOPB
Added Pin To Net: NetName=12V_TOPC Pin=C64C-2
Added Pin To Net: NetName=12V_TOPC Pin=C66C-2
Added Pin To Net: NetName=12V_TOPC Pin=C67C-2
Added Pin To Net: NetName=12V_TOPC Pin=PS1C-5
Added Pin To Net: NetName=12V_TOPC Pin=U7C-13
Added Net: Name=12V_TOPC
Added Pin To Net: NetName=ADDR_0 Pin=R17-1
Added Pin To Net: NetName=ADDR_0 Pin=U1-1
Added Net: Name=ADDR_0
Added Pin To Net: NetName=ADDR_1 Pin=R16-1
Added Pin To Net: NetName=ADDR_1 Pin=U1-2
Added Net: Name=ADDR_1
Added Pin To Net: NetName=ADDR_2 Pin=R11-1
Added Pin To Net: NetName=ADDR_2 Pin=U1-3
Added Net: Name=ADDR_2
Added Pin To Net: NetName=DIG_IO_06 Pin=J8-1
Added Net: Name=DIG_IO_06
Added Pin To Net: NetName=DIG_IO_08 Pin=J8-2
Added Net: Name=DIG_IO_08
Added Pin To Net: NetName=DIG_IO_10 Pin=J8-3
Added Net: Name=DIG_IO_10
Added Pin To Net: NetName=DIG_IO_12 Pin=J8-4
Added Net: Name=DIG_IO_12
Added Pin To Net: NetName=DIG_IO_16 Pin=J8-5
Added Net: Name=DIG_IO_16
Added Pin To Net: NetName=DIG_IO_22 Pin=J8-6
Added Net: Name=DIG_IO_22
Added Pin To Net: NetName=DIG_IO_26 Pin=J8-7
Added Net: Name=DIG_IO_26
Added Pin To Net: NetName=GATE_HIGHA Pin=RG_OFF_1A-1
Added Pin To Net: NetName=GATE_HIGHA Pin=RG_ON_1A-1
Added Pin To Net: NetName=GATE_HIGHA Pin=U7A-12
Added Net: Name=GATE_HIGHA
Added Pin To Net: NetName=GATE_HIGHB Pin=RG_OFF_1B-1
Added Pin To Net: NetName=GATE_HIGHB Pin=RG_ON_1B-1
Added Pin To Net: NetName=GATE_HIGHB Pin=U7B-12
Added Net: Name=GATE_HIGHB
Added Pin To Net: NetName=GATE_HIGHC Pin=RG_OFF_1C-1
Added Pin To Net: NetName=GATE_HIGHC Pin=RG_ON_1C-1
Added Pin To Net: NetName=GATE_HIGHC Pin=U7C-12
Added Net: Name=GATE_HIGHC
Added Pin To Net: NetName=GATE_LOWA Pin=RG_OFF_2A-1
Added Pin To Net: NetName=GATE_LOWA Pin=RG_ON_2A-1
Added Pin To Net: NetName=GATE_LOWA Pin=U7A-9
Added Net: Name=GATE_LOWA
Added Pin To Net: NetName=GATE_LOWB Pin=RG_OFF_2B-1
Added Pin To Net: NetName=GATE_LOWB Pin=RG_ON_2B-1
Added Pin To Net: NetName=GATE_LOWB Pin=U7B-9
Added Net: Name=GATE_LOWB
Added Pin To Net: NetName=GATE_LOWC Pin=RG_OFF_2C-1
Added Pin To Net: NetName=GATE_LOWC Pin=RG_ON_2C-1
Added Pin To Net: NetName=GATE_LOWC Pin=U7C-9
Added Net: Name=GATE_LOWC
Added Pin To Net: NetName=GND_TOPA Pin=C64A-1
Added Pin To Net: NetName=GND_TOPA Pin=C66A-1
Added Pin To Net: NetName=GND_TOPA Pin=C67A-1
Added Pin To Net: NetName=GND_TOPA Pin=PS1A-4
Added Pin To Net: NetName=GND_TOPA Pin=Q1A-1
Added Pin To Net: NetName=GND_TOPA Pin=Q1A-2
Added Pin To Net: NetName=GND_TOPA Pin=Q1A-3
Added Pin To Net: NetName=GND_TOPA Pin=Q1A-10
Added Pin To Net: NetName=GND_TOPA Pin=Q2A-5
Added Pin To Net: NetName=GND_TOPA Pin=Q2A-6
Added Pin To Net: NetName=GND_TOPA Pin=Q2A-7
Added Pin To Net: NetName=GND_TOPA Pin=Q2A-8
Added Pin To Net: NetName=GND_TOPA Pin=Q2A-9
Added Pin To Net: NetName=GND_TOPA Pin=R10A-1
Added Pin To Net: NetName=GND_TOPA Pin=U2A-8
Added Pin To Net: NetName=GND_TOPA Pin=U7A-11
Added Net: Name=GND_TOPA
Added Pin To Net: NetName=GND_TOPB Pin=C64B-1
Added Pin To Net: NetName=GND_TOPB Pin=C66B-1
Added Pin To Net: NetName=GND_TOPB Pin=C67B-1
Added Pin To Net: NetName=GND_TOPB Pin=PS1B-4
Added Pin To Net: NetName=GND_TOPB Pin=Q1B-1
Added Pin To Net: NetName=GND_TOPB Pin=Q1B-2
Added Pin To Net: NetName=GND_TOPB Pin=Q1B-3
Added Pin To Net: NetName=GND_TOPB Pin=Q1B-10
Added Pin To Net: NetName=GND_TOPB Pin=Q2B-5
Added Pin To Net: NetName=GND_TOPB Pin=Q2B-6
Added Pin To Net: NetName=GND_TOPB Pin=Q2B-7
Added Pin To Net: NetName=GND_TOPB Pin=Q2B-8
Added Pin To Net: NetName=GND_TOPB Pin=Q2B-9
Added Pin To Net: NetName=GND_TOPB Pin=R10B-1
Added Pin To Net: NetName=GND_TOPB Pin=U2B-8
Added Pin To Net: NetName=GND_TOPB Pin=U7B-11
Added Net: Name=GND_TOPB
Added Pin To Net: NetName=GND_TOPC Pin=C64C-1
Added Pin To Net: NetName=GND_TOPC Pin=C66C-1
Added Pin To Net: NetName=GND_TOPC Pin=C67C-1
Added Pin To Net: NetName=GND_TOPC Pin=PS1C-4
Added Pin To Net: NetName=GND_TOPC Pin=Q1C-1
Added Pin To Net: NetName=GND_TOPC Pin=Q1C-2
Added Pin To Net: NetName=GND_TOPC Pin=Q1C-3
Added Pin To Net: NetName=GND_TOPC Pin=Q1C-10
Added Pin To Net: NetName=GND_TOPC Pin=Q2C-5
Added Pin To Net: NetName=GND_TOPC Pin=Q2C-6
Added Pin To Net: NetName=GND_TOPC Pin=Q2C-7
Added Pin To Net: NetName=GND_TOPC Pin=Q2C-8
Added Pin To Net: NetName=GND_TOPC Pin=Q2C-9
Added Pin To Net: NetName=GND_TOPC Pin=R10C-1
Added Pin To Net: NetName=GND_TOPC Pin=U2C-8
Added Pin To Net: NetName=GND_TOPC Pin=U7C-11
Added Net: Name=GND_TOPC
Added Pin To Net: NetName=GND Pin=C1-2
Added Pin To Net: NetName=GND Pin=C2-1
Added Pin To Net: NetName=GND Pin=C3A-1
Added Pin To Net: NetName=GND Pin=C3B-1
Added Pin To Net: NetName=GND Pin=C3C-1
Added Pin To Net: NetName=GND Pin=C9A-1
Added Pin To Net: NetName=GND Pin=C9B-1
Added Pin To Net: NetName=GND Pin=C9C-1
Added Pin To Net: NetName=GND Pin=C10A-1
Added Pin To Net: NetName=GND Pin=C10B-1
Added Pin To Net: NetName=GND Pin=C10C-1
Added Pin To Net: NetName=GND Pin=C14A-1
Added Pin To Net: NetName=GND Pin=C14B-1
Added Pin To Net: NetName=GND Pin=C14C-1
Added Pin To Net: NetName=GND Pin=C17A-2
Added Pin To Net: NetName=GND Pin=C17B-2
Added Pin To Net: NetName=GND Pin=C17C-2
Added Pin To Net: NetName=GND Pin=C18A-1
Added Pin To Net: NetName=GND Pin=C18B-1
Added Pin To Net: NetName=GND Pin=C18C-1
Added Pin To Net: NetName=GND Pin=C19A-1
Added Pin To Net: NetName=GND Pin=C19B-1
Added Pin To Net: NetName=GND Pin=C19C-1
Added Pin To Net: NetName=GND Pin=C20A-2
Added Pin To Net: NetName=GND Pin=C20B-2
Added Pin To Net: NetName=GND Pin=C20C-2
Added Pin To Net: NetName=GND Pin=C21A-1
Added Pin To Net: NetName=GND Pin=C21B-1
Added Pin To Net: NetName=GND Pin=C21C-1
Added Pin To Net: NetName=GND Pin=C22A-1
Added Pin To Net: NetName=GND Pin=C22B-1
Added Pin To Net: NetName=GND Pin=C22C-1
Added Pin To Net: NetName=GND Pin=C23A-1
Added Pin To Net: NetName=GND Pin=C23B-1
Added Pin To Net: NetName=GND Pin=C23C-1
Added Pin To Net: NetName=GND Pin=C24A-1
Added Pin To Net: NetName=GND Pin=C24B-1
Added Pin To Net: NetName=GND Pin=C24C-1
Added Pin To Net: NetName=GND Pin=C25A-1
Added Pin To Net: NetName=GND Pin=C25B-1
Added Pin To Net: NetName=GND Pin=C25C-1
Added Pin To Net: NetName=GND Pin=C26A-1
Added Pin To Net: NetName=GND Pin=C26B-1
Added Pin To Net: NetName=GND Pin=C26C-1
Added Pin To Net: NetName=GND Pin=C40-2
Added Pin To Net: NetName=GND Pin=C41-2
Added Pin To Net: NetName=GND Pin=C42-2
Added Pin To Net: NetName=GND Pin=C43-2
Added Pin To Net: NetName=GND Pin=C44-2
Added Pin To Net: NetName=GND Pin=C45-2
Added Pin To Net: NetName=GND Pin=C46-2
Added Pin To Net: NetName=GND Pin=C47-2
Added Pin To Net: NetName=GND Pin=C52-1
Added Pin To Net: NetName=GND Pin=C54-1
Added Pin To Net: NetName=GND Pin=C57-1
Added Pin To Net: NetName=GND Pin=C58-1
Added Pin To Net: NetName=GND Pin=C59-1
Added Pin To Net: NetName=GND Pin=C60A-2
Added Pin To Net: NetName=GND Pin=C60B-2
Added Pin To Net: NetName=GND Pin=C60C-2
Added Pin To Net: NetName=GND Pin=C61A-2
Added Pin To Net: NetName=GND Pin=C61B-2
Added Pin To Net: NetName=GND Pin=C61C-2
Added Pin To Net: NetName=GND Pin=C62A-2
Added Pin To Net: NetName=GND Pin=C62B-2
Added Pin To Net: NetName=GND Pin=C62C-2
Added Pin To Net: NetName=GND Pin=C63A-2
Added Pin To Net: NetName=GND Pin=C63B-2
Added Pin To Net: NetName=GND Pin=C63C-2
Added Pin To Net: NetName=GND Pin=C65A-1
Added Pin To Net: NetName=GND Pin=C65B-1
Added Pin To Net: NetName=GND Pin=C65C-1
Added Pin To Net: NetName=GND Pin=C68A-1
Added Pin To Net: NetName=GND Pin=C68B-1
Added Pin To Net: NetName=GND Pin=C68C-1
Added Pin To Net: NetName=GND Pin=C69A-1
Added Pin To Net: NetName=GND Pin=C69B-1
Added Pin To Net: NetName=GND Pin=C69C-1
Added Pin To Net: NetName=GND Pin=C72A-1
Added Pin To Net: NetName=GND Pin=C72B-1
Added Pin To Net: NetName=GND Pin=C72C-1
Added Pin To Net: NetName=GND Pin=C73A-1
Added Pin To Net: NetName=GND Pin=C73B-1
Added Pin To Net: NetName=GND Pin=C73C-1
Added Pin To Net: NetName=GND Pin=C80-1
Added Pin To Net: NetName=GND Pin=C80A-1
Added Pin To Net: NetName=GND Pin=C80B-1
Added Pin To Net: NetName=GND Pin=C80C-1
Added Pin To Net: NetName=GND Pin=C81-1
Added Pin To Net: NetName=GND Pin=C82-1
Added Pin To Net: NetName=GND Pin=C82A-1
Added Pin To Net: NetName=GND Pin=C82B-1
Added Pin To Net: NetName=GND Pin=C82C-1
Added Pin To Net: NetName=GND Pin=C83-1
Added Pin To Net: NetName=GND Pin=C83A-1
Added Pin To Net: NetName=GND Pin=C83B-1
Added Pin To Net: NetName=GND Pin=C83C-1
Added Pin To Net: NetName=GND Pin=C84-1
Added Pin To Net: NetName=GND Pin=C85-1
Added Pin To Net: NetName=GND Pin=C86-1
Added Pin To Net: NetName=GND Pin=C87-1
Added Pin To Net: NetName=GND Pin=C88-1
Added Pin To Net: NetName=GND Pin=C89-1
Added Pin To Net: NetName=GND Pin=C90-1
Added Pin To Net: NetName=GND Pin=C91-1
Added Pin To Net: NetName=GND Pin=C92-1
Added Pin To Net: NetName=GND Pin=C93-1
Added Pin To Net: NetName=GND Pin=C94-1
Added Pin To Net: NetName=GND Pin=C95-1
Added Pin To Net: NetName=GND Pin=C96-1
Added Pin To Net: NetName=GND Pin=C99-1
Added Pin To Net: NetName=GND Pin=C105-1
Added Pin To Net: NetName=GND Pin=D1-1
Added Pin To Net: NetName=GND Pin=D2-1
Added Pin To Net: NetName=GND Pin=D3-1
Added Pin To Net: NetName=GND Pin=J8-8
Added Pin To Net: NetName=GND Pin=PS1A-1
Added Pin To Net: NetName=GND Pin=PS1B-1
Added Pin To Net: NetName=GND Pin=PS1C-1
Added Pin To Net: NetName=GND Pin=PS2A-1
Added Pin To Net: NetName=GND Pin=PS2A-4
Added Pin To Net: NetName=GND Pin=PS2B-1
Added Pin To Net: NetName=GND Pin=PS2B-4
Added Pin To Net: NetName=GND Pin=PS2C-1
Added Pin To Net: NetName=GND Pin=PS2C-4
Added Pin To Net: NetName=GND Pin=Q2A-1
Added Pin To Net: NetName=GND Pin=Q2A-2
Added Pin To Net: NetName=GND Pin=Q2A-3
Added Pin To Net: NetName=GND Pin=Q2A-10
Added Pin To Net: NetName=GND Pin=Q2B-1
Added Pin To Net: NetName=GND Pin=Q2B-2
Added Pin To Net: NetName=GND Pin=Q2B-3
Added Pin To Net: NetName=GND Pin=Q2B-10
Added Pin To Net: NetName=GND Pin=Q2C-1
Added Pin To Net: NetName=GND Pin=Q2C-2
Added Pin To Net: NetName=GND Pin=Q2C-3
Added Pin To Net: NetName=GND Pin=Q2C-10
Added Pin To Net: NetName=GND Pin=R2-1
Added Pin To Net: NetName=GND Pin=R5-1
Added Pin To Net: NetName=GND Pin=R9-1
Added Pin To Net: NetName=GND Pin=R21A-1
Added Pin To Net: NetName=GND Pin=R21B-1
Added Pin To Net: NetName=GND Pin=R21C-1
Added Pin To Net: NetName=GND Pin=R23A-1
Added Pin To Net: NetName=GND Pin=R23B-1
Added Pin To Net: NetName=GND Pin=R23C-1
Added Pin To Net: NetName=GND Pin=R24A-2
Added Pin To Net: NetName=GND Pin=R24B-2
Added Pin To Net: NetName=GND Pin=R24C-2
Added Pin To Net: NetName=GND Pin=R29A-2
Added Pin To Net: NetName=GND Pin=R29B-2
Added Pin To Net: NetName=GND Pin=R29C-2
Added Pin To Net: NetName=GND Pin=R31A-1
Added Pin To Net: NetName=GND Pin=R31B-1
Added Pin To Net: NetName=GND Pin=R31C-1
Added Pin To Net: NetName=GND Pin=R32A-1
Added Pin To Net: NetName=GND Pin=R32B-1
Added Pin To Net: NetName=GND Pin=R32C-1
Added Pin To Net: NetName=GND Pin=R33A-1
Added Pin To Net: NetName=GND Pin=R33B-1
Added Pin To Net: NetName=GND Pin=R33C-1
Added Pin To Net: NetName=GND Pin=R35A-1
Added Pin To Net: NetName=GND Pin=R35B-1
Added Pin To Net: NetName=GND Pin=R35C-1
Added Pin To Net: NetName=GND Pin=R36A-1
Added Pin To Net: NetName=GND Pin=R36B-1
Added Pin To Net: NetName=GND Pin=R36C-1
Added Pin To Net: NetName=GND Pin=R37A-1
Added Pin To Net: NetName=GND Pin=R37B-1
Added Pin To Net: NetName=GND Pin=R37C-1
Added Pin To Net: NetName=GND Pin=R39A-2
Added Pin To Net: NetName=GND Pin=R39B-2
Added Pin To Net: NetName=GND Pin=R39C-2
Added Pin To Net: NetName=GND Pin=R40A-1
Added Pin To Net: NetName=GND Pin=R40B-1
Added Pin To Net: NetName=GND Pin=R40C-1
Added Pin To Net: NetName=GND Pin=R41A-1
Added Pin To Net: NetName=GND Pin=R41B-1
Added Pin To Net: NetName=GND Pin=R41C-1
Added Pin To Net: NetName=GND Pin=R45A-2
Added Pin To Net: NetName=GND Pin=R45B-2
Added Pin To Net: NetName=GND Pin=R45C-2
Added Pin To Net: NetName=GND Pin=R46A-2
Added Pin To Net: NetName=GND Pin=R46B-2
Added Pin To Net: NetName=GND Pin=R46C-2
Added Pin To Net: NetName=GND Pin=R50-1
Added Pin To Net: NetName=GND Pin=R61-1
Added Pin To Net: NetName=GND Pin=R62-1
Added Pin To Net: NetName=GND Pin=R63-2
Added Pin To Net: NetName=GND Pin=TP16-1
Added Pin To Net: NetName=GND Pin=TP17-1
Added Pin To Net: NetName=GND Pin=U1-4
Added Pin To Net: NetName=GND Pin=U2A-2
Added Pin To Net: NetName=GND Pin=U2A-4
Added Pin To Net: NetName=GND Pin=U2B-2
Added Pin To Net: NetName=GND Pin=U2B-4
Added Pin To Net: NetName=GND Pin=U2C-2
Added Pin To Net: NetName=GND Pin=U2C-4
Added Pin To Net: NetName=GND Pin=U3A-6
Added Pin To Net: NetName=GND Pin=U3B-6
Added Pin To Net: NetName=GND Pin=U3C-6
Added Pin To Net: NetName=GND Pin=U4A-6
Added Pin To Net: NetName=GND Pin=U4B-6
Added Pin To Net: NetName=GND Pin=U4C-6
Added Pin To Net: NetName=GND Pin=U5A-1
Added Pin To Net: NetName=GND Pin=U5A-9
Added Pin To Net: NetName=GND Pin=U5B-1
Added Pin To Net: NetName=GND Pin=U5B-9
Added Pin To Net: NetName=GND Pin=U5C-1
Added Pin To Net: NetName=GND Pin=U5C-9
Added Pin To Net: NetName=GND Pin=U6A-2
Added Pin To Net: NetName=GND Pin=U6B-2
Added Pin To Net: NetName=GND Pin=U6C-2
Added Pin To Net: NetName=GND Pin=U7A-1
Added Pin To Net: NetName=GND Pin=U7A-8
Added Pin To Net: NetName=GND Pin=U7B-1
Added Pin To Net: NetName=GND Pin=U7B-8
Added Pin To Net: NetName=GND Pin=U7C-1
Added Pin To Net: NetName=GND Pin=U7C-8
Added Pin To Net: NetName=GND Pin=U8A-2
Added Pin To Net: NetName=GND Pin=U8B-2
Added Pin To Net: NetName=GND Pin=U8C-2
Added Pin To Net: NetName=GND Pin=U9A-1
Added Pin To Net: NetName=GND Pin=U9A-9
Added Pin To Net: NetName=GND Pin=U9B-1
Added Pin To Net: NetName=GND Pin=U9B-9
Added Pin To Net: NetName=GND Pin=U9C-1
Added Pin To Net: NetName=GND Pin=U9C-9
Added Pin To Net: NetName=GND Pin=U10-6
Added Pin To Net: NetName=GND Pin=U11-2
Added Pin To Net: NetName=GND Pin=U11-4
Added Pin To Net: NetName=GND Pin=U11-8
Added Pin To Net: NetName=GND Pin=U12-6
Added Pin To Net: NetName=GND Pin=U13-2
Added Pin To Net: NetName=GND Pin=U13-3
Added Net: Name=GND
Added Pin To Net: NetName=I2C0_SCL Pin=R47-1
Added Pin To Net: NetName=I2C0_SCL Pin=U1-6
Added Net: Name=I2C0_SCL
Added Pin To Net: NetName=I2C0_SDA Pin=R18-1
Added Pin To Net: NetName=I2C0_SDA Pin=U1-5
Added Net: Name=I2C0_SDA
Added Pin To Net: NetName=I_DC_N Pin=C50-1
Added Pin To Net: NetName=I_DC_N Pin=R55-1
Added Pin To Net: NetName=I_DC_N Pin=R57-2
Added Pin To Net: NetName=I_DC_N Pin=U10-5
Added Net: Name=I_DC_N
Added Pin To Net: NetName=I_DC_OUT_N Pin=J1-8
Added Pin To Net: NetName=I_DC_OUT_N Pin=R57-1
Added Net: Name=I_DC_OUT_N
Added Pin To Net: NetName=I_DC_OUT_P Pin=J1-7
Added Pin To Net: NetName=I_DC_OUT_P Pin=R58-1
Added Net: Name=I_DC_OUT_P
Added Pin To Net: NetName=I_DC_P Pin=C51-2
Added Pin To Net: NetName=I_DC_P Pin=R56-2
Added Pin To Net: NetName=I_DC_P Pin=R58-2
Added Pin To Net: NetName=I_DC_P Pin=U10-4
Added Net: Name=I_DC_P
Added Pin To Net: NetName=I_OUT_N1 Pin=J2-2
Added Pin To Net: NetName=I_OUT_N1 Pin=R19A-1
Added Net: Name=I_OUT_N1
Added Pin To Net: NetName=I_OUT_N2 Pin=J2-6
Added Pin To Net: NetName=I_OUT_N2 Pin=R19B-1
Added Net: Name=I_OUT_N2
Added Pin To Net: NetName=I_OUT_N3 Pin=J2-5
Added Pin To Net: NetName=I_OUT_N3 Pin=R19C-1
Added Net: Name=I_OUT_N3
Added Pin To Net: NetName=I_OUT_P1 Pin=J2-1
Added Pin To Net: NetName=I_OUT_P1 Pin=R20A-1
Added Net: Name=I_OUT_P1
Added Pin To Net: NetName=I_OUT_P2 Pin=J2-3
Added Pin To Net: NetName=I_OUT_P2 Pin=R20B-1
Added Net: Name=I_OUT_P2
Added Pin To Net: NetName=I_OUT_P3 Pin=J2-4
Added Pin To Net: NetName=I_OUT_P3 Pin=R20C-1
Added Net: Name=I_OUT_P3
Added Pin To Net: NetName=I_OUTA Pin=R13A-2
Added Pin To Net: NetName=I_OUTA Pin=U2A-5
Added Net: Name=I_OUTA
Added Pin To Net: NetName=I_OUTB Pin=R13B-2
Added Pin To Net: NetName=I_OUTB Pin=U2B-5
Added Net: Name=I_OUTB
Added Pin To Net: NetName=I_OUTC Pin=R13C-2
Added Pin To Net: NetName=I_OUTC Pin=U2C-5
Added Net: Name=I_OUTC
Added Pin To Net: NetName=IA_N Pin=C12A-1
Added Pin To Net: NetName=IA_N Pin=R14A-1
Added Pin To Net: NetName=IA_N Pin=R19A-2
Added Pin To Net: NetName=IA_N Pin=U3A-5
Added Net: Name=IA_N
Added Pin To Net: NetName=IA_P Pin=C11A-1
Added Pin To Net: NetName=IA_P Pin=R15A-1
Added Pin To Net: NetName=IA_P Pin=R20A-2
Added Pin To Net: NetName=IA_P Pin=U3A-4
Added Net: Name=IA_P
Added Pin To Net: NetName=IB_N Pin=C12B-1
Added Pin To Net: NetName=IB_N Pin=R14B-1
Added Pin To Net: NetName=IB_N Pin=R19B-2
Added Pin To Net: NetName=IB_N Pin=U3B-5
Added Net: Name=IB_N
Added Pin To Net: NetName=IB_P Pin=C11B-1
Added Pin To Net: NetName=IB_P Pin=R15B-1
Added Pin To Net: NetName=IB_P Pin=R20B-2
Added Pin To Net: NetName=IB_P Pin=U3B-4
Added Net: Name=IB_P
Added Pin To Net: NetName=IC_N Pin=C12C-1
Added Pin To Net: NetName=IC_N Pin=R14C-1
Added Pin To Net: NetName=IC_N Pin=R19C-2
Added Pin To Net: NetName=IC_N Pin=U3C-5
Added Net: Name=IC_N
Added Pin To Net: NetName=IC_P Pin=C11C-1
Added Pin To Net: NetName=IC_P Pin=R15C-1
Added Pin To Net: NetName=IC_P Pin=R20C-2
Added Pin To Net: NetName=IC_P Pin=U3C-4
Added Net: Name=IC_P
Added Pin To Net: NetName=NetC11A_2 Pin=C11A-2
Added Pin To Net: NetName=NetC11A_2 Pin=R12A-1
Added Pin To Net: NetName=NetC11A_2 Pin=R15A-2
Added Pin To Net: NetName=NetC11A_2 Pin=U3A-1
Added Net: Name=NetC11A_2
Added Pin To Net: NetName=NetC11B_2 Pin=C11B-2
Added Pin To Net: NetName=NetC11B_2 Pin=R12B-1
Added Pin To Net: NetName=NetC11B_2 Pin=R15B-2
Added Pin To Net: NetName=NetC11B_2 Pin=U3B-1
Added Net: Name=NetC11B_2
Added Pin To Net: NetName=NetC11C_2 Pin=C11C-2
Added Pin To Net: NetName=NetC11C_2 Pin=R12C-1
Added Pin To Net: NetName=NetC11C_2 Pin=R15C-2
Added Pin To Net: NetName=NetC11C_2 Pin=U3C-1
Added Net: Name=NetC11C_2
Added Pin To Net: NetName=NetC12A_2 Pin=C12A-2
Added Pin To Net: NetName=NetC12A_2 Pin=R13A-1
Added Pin To Net: NetName=NetC12A_2 Pin=R14A-2
Added Pin To Net: NetName=NetC12A_2 Pin=U3A-8
Added Net: Name=NetC12A_2
Added Pin To Net: NetName=NetC12B_2 Pin=C12B-2
Added Pin To Net: NetName=NetC12B_2 Pin=R13B-1
Added Pin To Net: NetName=NetC12B_2 Pin=R14B-2
Added Pin To Net: NetName=NetC12B_2 Pin=U3B-8
Added Net: Name=NetC12B_2
Added Pin To Net: NetName=NetC12C_2 Pin=C12C-2
Added Pin To Net: NetName=NetC12C_2 Pin=R13C-1
Added Pin To Net: NetName=NetC12C_2 Pin=R14C-2
Added Pin To Net: NetName=NetC12C_2 Pin=U3C-8
Added Net: Name=NetC12C_2
Added Pin To Net: NetName=NetC14A_2 Pin=C14A-2
Added Pin To Net: NetName=NetC14A_2 Pin=C15A-2
Added Pin To Net: NetName=NetC14A_2 Pin=R21A-2
Added Pin To Net: NetName=NetC14A_2 Pin=R22A-1
Added Pin To Net: NetName=NetC14A_2 Pin=R129A-2
Added Pin To Net: NetName=NetC14A_2 Pin=R130A-1
Added Pin To Net: NetName=NetC14A_2 Pin=U4A-8
Added Net: Name=NetC14A_2
Added Pin To Net: NetName=NetC14B_2 Pin=C14B-2
Added Pin To Net: NetName=NetC14B_2 Pin=C15B-2
Added Pin To Net: NetName=NetC14B_2 Pin=R21B-2
Added Pin To Net: NetName=NetC14B_2 Pin=R22B-1
Added Pin To Net: NetName=NetC14B_2 Pin=R129B-2
Added Pin To Net: NetName=NetC14B_2 Pin=R130B-1
Added Pin To Net: NetName=NetC14B_2 Pin=U4B-8
Added Net: Name=NetC14B_2
Added Pin To Net: NetName=NetC14C_2 Pin=C14C-2
Added Pin To Net: NetName=NetC14C_2 Pin=C15C-2
Added Pin To Net: NetName=NetC14C_2 Pin=R21C-2
Added Pin To Net: NetName=NetC14C_2 Pin=R22C-1
Added Pin To Net: NetName=NetC14C_2 Pin=R129C-2
Added Pin To Net: NetName=NetC14C_2 Pin=R130C-1
Added Pin To Net: NetName=NetC14C_2 Pin=U4C-8
Added Net: Name=NetC14C_2
Added Pin To Net: NetName=NetC16A_2 Pin=C16A-2
Added Pin To Net: NetName=NetC16A_2 Pin=R23A-2
Added Pin To Net: NetName=NetC16A_2 Pin=R24A-1
Added Pin To Net: NetName=NetC16A_2 Pin=R27A-2
Added Pin To Net: NetName=NetC16A_2 Pin=R28A-1
Added Pin To Net: NetName=NetC16A_2 Pin=U4A-1
Added Net: Name=NetC16A_2
Added Pin To Net: NetName=NetC16B_2 Pin=C16B-2
Added Pin To Net: NetName=NetC16B_2 Pin=R23B-2
Added Pin To Net: NetName=NetC16B_2 Pin=R24B-1
Added Pin To Net: NetName=NetC16B_2 Pin=R27B-2
Added Pin To Net: NetName=NetC16B_2 Pin=R28B-1
Added Pin To Net: NetName=NetC16B_2 Pin=U4B-1
Added Net: Name=NetC16B_2
Added Pin To Net: NetName=NetC16C_2 Pin=C16C-2
Added Pin To Net: NetName=NetC16C_2 Pin=R23C-2
Added Pin To Net: NetName=NetC16C_2 Pin=R24C-1
Added Pin To Net: NetName=NetC16C_2 Pin=R27C-2
Added Pin To Net: NetName=NetC16C_2 Pin=R28C-1
Added Pin To Net: NetName=NetC16C_2 Pin=U4C-1
Added Net: Name=NetC16C_2
Added Pin To Net: NetName=NetC18A_2 Pin=C18A-2
Added Pin To Net: NetName=NetC18A_2 Pin=R29A-1
Added Pin To Net: NetName=NetC18A_2 Pin=R30A-1
Added Pin To Net: NetName=NetC18A_2 Pin=U6A-1
Added Net: Name=NetC18A_2
Added Pin To Net: NetName=NetC18B_2 Pin=C18B-2
Added Pin To Net: NetName=NetC18B_2 Pin=R29B-1
Added Pin To Net: NetName=NetC18B_2 Pin=R30B-1
Added Pin To Net: NetName=NetC18B_2 Pin=U6B-1
Added Net: Name=NetC18B_2
Added Pin To Net: NetName=NetC18C_2 Pin=C18C-2
Added Pin To Net: NetName=NetC18C_2 Pin=R29C-1
Added Pin To Net: NetName=NetC18C_2 Pin=R30C-1
Added Pin To Net: NetName=NetC18C_2 Pin=U6C-1
Added Net: Name=NetC18C_2
Added Pin To Net: NetName=NetC19A_2 Pin=C19A-2
Added Pin To Net: NetName=NetC19A_2 Pin=L9A-1
Added Pin To Net: NetName=NetC19A_2 Pin=U6A-5
Added Net: Name=NetC19A_2
Added Pin To Net: NetName=NetC19B_2 Pin=C19B-2
Added Pin To Net: NetName=NetC19B_2 Pin=L9B-1
Added Pin To Net: NetName=NetC19B_2 Pin=U6B-5
Added Net: Name=NetC19B_2
Added Pin To Net: NetName=NetC19C_2 Pin=C19C-2
Added Pin To Net: NetName=NetC19C_2 Pin=L9C-1
Added Pin To Net: NetName=NetC19C_2 Pin=U6C-5
Added Net: Name=NetC19C_2
Added Pin To Net: NetName=NetC21A_2 Pin=C21A-2
Added Pin To Net: NetName=NetC21A_2 Pin=R38A-1
Added Pin To Net: NetName=NetC21A_2 Pin=R39A-1
Added Pin To Net: NetName=NetC21A_2 Pin=U8A-1
Added Net: Name=NetC21A_2
Added Pin To Net: NetName=NetC21B_2 Pin=C21B-2
Added Pin To Net: NetName=NetC21B_2 Pin=R38B-1
Added Pin To Net: NetName=NetC21B_2 Pin=R39B-1
Added Pin To Net: NetName=NetC21B_2 Pin=U8B-1
Added Net: Name=NetC21B_2
Added Pin To Net: NetName=NetC21C_2 Pin=C21C-2
Added Pin To Net: NetName=NetC21C_2 Pin=R38C-1
Added Pin To Net: NetName=NetC21C_2 Pin=R39C-1
Added Pin To Net: NetName=NetC21C_2 Pin=U8C-1
Added Net: Name=NetC21C_2
Added Pin To Net: NetName=NetC22A_2 Pin=C22A-2
Added Pin To Net: NetName=NetC22A_2 Pin=L10A-1
Added Pin To Net: NetName=NetC22A_2 Pin=U8A-5
Added Net: Name=NetC22A_2
Added Pin To Net: NetName=NetC22B_2 Pin=C22B-2
Added Pin To Net: NetName=NetC22B_2 Pin=L10B-1
Added Pin To Net: NetName=NetC22B_2 Pin=U8B-5
Added Net: Name=NetC22B_2
Added Pin To Net: NetName=NetC22C_2 Pin=C22C-2
Added Pin To Net: NetName=NetC22C_2 Pin=L10C-1
Added Pin To Net: NetName=NetC22C_2 Pin=U8C-5
Added Net: Name=NetC22C_2
Added Pin To Net: NetName=NetC50_2 Pin=C50-2
Added Pin To Net: NetName=NetC50_2 Pin=R54-1
Added Pin To Net: NetName=NetC50_2 Pin=R55-2
Added Pin To Net: NetName=NetC50_2 Pin=U10-8
Added Net: Name=NetC50_2
Added Pin To Net: NetName=NetC51_1 Pin=C51-1
Added Pin To Net: NetName=NetC51_1 Pin=R53-1
Added Pin To Net: NetName=NetC51_1 Pin=R56-1
Added Pin To Net: NetName=NetC51_1 Pin=U10-1
Added Net: Name=NetC51_1
Added Pin To Net: NetName=NetC54_2 Pin=C54-2
Added Pin To Net: NetName=NetC54_2 Pin=C55-2
Added Pin To Net: NetName=NetC54_2 Pin=R60-1
Added Pin To Net: NetName=NetC54_2 Pin=R61-2
Added Pin To Net: NetName=NetC54_2 Pin=R72-1
Added Pin To Net: NetName=NetC54_2 Pin=R73-2
Added Pin To Net: NetName=NetC54_2 Pin=U12-8
Added Net: Name=NetC54_2
Added Pin To Net: NetName=NetC56_1 Pin=C56-1
Added Pin To Net: NetName=NetC56_1 Pin=R62-2
Added Pin To Net: NetName=NetC56_1 Pin=R63-1
Added Pin To Net: NetName=NetC56_1 Pin=R74-1
Added Pin To Net: NetName=NetC56_1 Pin=R75-2
Added Pin To Net: NetName=NetC56_1 Pin=U12-1
Added Net: Name=NetC56_1
Added Pin To Net: NetName=NetC61A_1 Pin=C61A-1
Added Pin To Net: NetName=NetC61A_1 Pin=L1A-2
Added Pin To Net: NetName=NetC61A_1 Pin=PS1A-2
Added Net: Name=NetC61A_1
Added Pin To Net: NetName=NetC61B_1 Pin=C61B-1
Added Pin To Net: NetName=NetC61B_1 Pin=L1B-2
Added Pin To Net: NetName=NetC61B_1 Pin=PS1B-2
Added Net: Name=NetC61B_1
Added Pin To Net: NetName=NetC61C_1 Pin=C61C-1
Added Pin To Net: NetName=NetC61C_1 Pin=L1C-2
Added Pin To Net: NetName=NetC61C_1 Pin=PS1C-2
Added Net: Name=NetC61C_1
Added Pin To Net: NetName=NetC63A_1 Pin=C63A-1
Added Pin To Net: NetName=NetC63A_1 Pin=L2A-2
Added Pin To Net: NetName=NetC63A_1 Pin=PS2A-2
Added Net: Name=NetC63A_1
Added Pin To Net: NetName=NetC63B_1 Pin=C63B-1
Added Pin To Net: NetName=NetC63B_1 Pin=L2B-2
Added Pin To Net: NetName=NetC63B_1 Pin=PS2B-2
Added Net: Name=NetC63B_1
Added Pin To Net: NetName=NetC63C_1 Pin=C63C-1
Added Pin To Net: NetName=NetC63C_1 Pin=L2C-2
Added Pin To Net: NetName=NetC63C_1 Pin=PS2C-2
Added Net: Name=NetC63C_1
Added Pin To Net: NetName=NetC99_2 Pin=C99-2
Added Pin To Net: NetName=NetC99_2 Pin=L12-1
Added Pin To Net: NetName=NetC99_2 Pin=U13-5
Added Net: Name=NetC99_2
Added Pin To Net: NetName=NetD1_2 Pin=D1-2
Added Pin To Net: NetName=NetD1_2 Pin=R6-1
Added Net: Name=NetD1_2
Added Pin To Net: NetName=NetD2_2 Pin=D2-2
Added Pin To Net: NetName=NetD2_2 Pin=R7-1
Added Net: Name=NetD2_2
Added Pin To Net: NetName=NetD3_2 Pin=D3-2
Added Pin To Net: NetName=NetD3_2 Pin=R8-1
Added Net: Name=NetD3_2
Added Pin To Net: NetName=NetDOFF_1A_1 Pin=DOFF_1A-1
Added Pin To Net: NetName=NetDOFF_1A_1 Pin=RG_OFF_1A-2
Added Net: Name=NetDOFF_1A_1
Added Pin To Net: NetName=NetDOFF_1B_1 Pin=DOFF_1B-1
Added Pin To Net: NetName=NetDOFF_1B_1 Pin=RG_OFF_1B-2
Added Net: Name=NetDOFF_1B_1
Added Pin To Net: NetName=NetDOFF_1C_1 Pin=DOFF_1C-1
Added Pin To Net: NetName=NetDOFF_1C_1 Pin=RG_OFF_1C-2
Added Net: Name=NetDOFF_1C_1
Added Pin To Net: NetName=NetDOFF_2A_1 Pin=DOFF_2A-1
Added Pin To Net: NetName=NetDOFF_2A_1 Pin=RG_OFF_2A-2
Added Net: Name=NetDOFF_2A_1
Added Pin To Net: NetName=NetDOFF_2B_1 Pin=DOFF_2B-1
Added Pin To Net: NetName=NetDOFF_2B_1 Pin=RG_OFF_2B-2
Added Net: Name=NetDOFF_2B_1
Added Pin To Net: NetName=NetDOFF_2C_1 Pin=DOFF_2C-1
Added Pin To Net: NetName=NetDOFF_2C_1 Pin=RG_OFF_2C-2
Added Net: Name=NetDOFF_2C_1
Added Pin To Net: NetName=NetJ1_Shell Pin=J1-Shell
Added Pin To Net: NetName=NetJ1_Shell Pin=J1-Shell
Added Pin To Net: NetName=NetJ1_Shell Pin=R9-2
Added Net: Name=NetJ1_Shell
Added Pin To Net: NetName=NetJ2_Shell Pin=J2-Shell
Added Pin To Net: NetName=NetJ2_Shell Pin=J2-Shell
Added Pin To Net: NetName=NetJ2_Shell Pin=R5-2
Added Net: Name=NetJ2_Shell
Added Pin To Net: NetName=NetR1_1 Pin=R1-1
Added Pin To Net: NetName=NetR1_1 Pin=R2-2
Added Pin To Net: NetName=NetR1_1 Pin=R3-2
Added Net: Name=NetR1_1
Added Pin To Net: NetName=NetR1_2 Pin=R1-2
Added Net: Name=NetR1_2
Added Pin To Net: NetName=NetR4_1 Pin=R4-1
Added Pin To Net: NetName=NetR4_1 Pin=R6-2
Added Net: Name=NetR4_1
Added Pin To Net: NetName=NetR30A_2 Pin=R30A-2
Added Pin To Net: NetName=NetR30A_2 Pin=U5A-8
Added Net: Name=NetR30A_2
Added Pin To Net: NetName=NetR30B_2 Pin=R30B-2
Added Pin To Net: NetName=NetR30B_2 Pin=U5B-8
Added Net: Name=NetR30B_2
Added Pin To Net: NetName=NetR30C_2 Pin=R30C-2
Added Pin To Net: NetName=NetR30C_2 Pin=U5C-8
Added Net: Name=NetR30C_2
Added Pin To Net: NetName=NetR31A_2 Pin=R31A-2
Added Pin To Net: NetName=NetR31A_2 Pin=U5A-2
Added Net: Name=NetR31A_2
Added Pin To Net: NetName=NetR31B_2 Pin=R31B-2
Added Pin To Net: NetName=NetR31B_2 Pin=U5B-2
Added Net: Name=NetR31B_2
Added Pin To Net: NetName=NetR31C_2 Pin=R31C-2
Added Pin To Net: NetName=NetR31C_2 Pin=U5C-2
Added Net: Name=NetR31C_2
Added Pin To Net: NetName=NetR32A_2 Pin=R32A-2
Added Pin To Net: NetName=NetR32A_2 Pin=U5A-3
Added Net: Name=NetR32A_2
Added Pin To Net: NetName=NetR32B_2 Pin=R32B-2
Added Pin To Net: NetName=NetR32B_2 Pin=U5B-3
Added Net: Name=NetR32B_2
Added Pin To Net: NetName=NetR32C_2 Pin=R32C-2
Added Pin To Net: NetName=NetR32C_2 Pin=U5C-3
Added Net: Name=NetR32C_2
Added Pin To Net: NetName=NetR33A_2 Pin=R33A-2
Added Pin To Net: NetName=NetR33A_2 Pin=U6A-3
Added Net: Name=NetR33A_2
Added Pin To Net: NetName=NetR33B_2 Pin=R33B-2
Added Pin To Net: NetName=NetR33B_2 Pin=U6B-3
Added Net: Name=NetR33B_2
Added Pin To Net: NetName=NetR33C_2 Pin=R33C-2
Added Pin To Net: NetName=NetR33C_2 Pin=U6C-3
Added Net: Name=NetR33C_2
Added Pin To Net: NetName=NetR34A_1 Pin=R34A-1
Added Pin To Net: NetName=NetR34A_1 Pin=R35A-2
Added Pin To Net: NetName=NetR34A_1 Pin=U6A-4
Added Net: Name=NetR34A_1
Added Pin To Net: NetName=NetR34B_1 Pin=R34B-1
Added Pin To Net: NetName=NetR34B_1 Pin=R35B-2
Added Pin To Net: NetName=NetR34B_1 Pin=U6B-4
Added Net: Name=NetR34B_1
Added Pin To Net: NetName=NetR34C_1 Pin=R34C-1
Added Pin To Net: NetName=NetR34C_1 Pin=R35C-2
Added Pin To Net: NetName=NetR34C_1 Pin=U6C-4
Added Net: Name=NetR34C_1
Added Pin To Net: NetName=NetR36A_2 Pin=R36A-2
Added Pin To Net: NetName=NetR36A_2 Pin=U9A-3
Added Net: Name=NetR36A_2
Added Pin To Net: NetName=NetR36B_2 Pin=R36B-2
Added Pin To Net: NetName=NetR36B_2 Pin=U9B-3
Added Net: Name=NetR36B_2
Added Pin To Net: NetName=NetR36C_2 Pin=R36C-2
Added Pin To Net: NetName=NetR36C_2 Pin=U9C-3
Added Net: Name=NetR36C_2
Added Pin To Net: NetName=NetR37A_2 Pin=R37A-2
Added Pin To Net: NetName=NetR37A_2 Pin=U9A-2
Added Net: Name=NetR37A_2
Added Pin To Net: NetName=NetR37B_2 Pin=R37B-2
Added Pin To Net: NetName=NetR37B_2 Pin=U9B-2
Added Net: Name=NetR37B_2
Added Pin To Net: NetName=NetR37C_2 Pin=R37C-2
Added Pin To Net: NetName=NetR37C_2 Pin=U9C-2
Added Net: Name=NetR37C_2
Added Pin To Net: NetName=NetR38A_2 Pin=R38A-2
Added Pin To Net: NetName=NetR38A_2 Pin=U9A-8
Added Net: Name=NetR38A_2
Added Pin To Net: NetName=NetR38B_2 Pin=R38B-2
Added Pin To Net: NetName=NetR38B_2 Pin=U9B-8
Added Net: Name=NetR38B_2
Added Pin To Net: NetName=NetR38C_2 Pin=R38C-2
Added Pin To Net: NetName=NetR38C_2 Pin=U9C-8
Added Net: Name=NetR38C_2
Added Pin To Net: NetName=NetR40A_2 Pin=R40A-2
Added Pin To Net: NetName=NetR40A_2 Pin=U8A-3
Added Net: Name=NetR40A_2
Added Pin To Net: NetName=NetR40B_2 Pin=R40B-2
Added Pin To Net: NetName=NetR40B_2 Pin=U8B-3
Added Net: Name=NetR40B_2
Added Pin To Net: NetName=NetR40C_2 Pin=R40C-2
Added Pin To Net: NetName=NetR40C_2 Pin=U8C-3
Added Net: Name=NetR40C_2
Added Pin To Net: NetName=NetR41A_2 Pin=R41A-2
Added Pin To Net: NetName=NetR41A_2 Pin=R42A-1
Added Pin To Net: NetName=NetR41A_2 Pin=U8A-4
Added Net: Name=NetR41A_2
Added Pin To Net: NetName=NetR41B_2 Pin=R41B-2
Added Pin To Net: NetName=NetR41B_2 Pin=R42B-1
Added Pin To Net: NetName=NetR41B_2 Pin=U8B-4
Added Net: Name=NetR41B_2
Added Pin To Net: NetName=NetR41C_2 Pin=R41C-2
Added Pin To Net: NetName=NetR41C_2 Pin=R42C-1
Added Pin To Net: NetName=NetR41C_2 Pin=U8C-4
Added Net: Name=NetR41C_2
Added Pin To Net: NetName=NetR45A_1 Pin=R45A-1
Added Pin To Net: NetName=NetR45A_1 Pin=U9A-5
Added Pin To Net: NetName=NetR45A_1 Pin=X3A-1
Added Net: Name=NetR45A_1
Added Pin To Net: NetName=NetR45B_1 Pin=R45B-1
Added Pin To Net: NetName=NetR45B_1 Pin=U9B-5
Added Pin To Net: NetName=NetR45B_1 Pin=X3B-1
Added Net: Name=NetR45B_1
Added Pin To Net: NetName=NetR45C_1 Pin=R45C-1
Added Pin To Net: NetName=NetR45C_1 Pin=U9C-5
Added Pin To Net: NetName=NetR45C_1 Pin=X3C-1
Added Net: Name=NetR45C_1
Added Pin To Net: NetName=NetR46A_1 Pin=R46A-1
Added Pin To Net: NetName=NetR46A_1 Pin=U5A-5
Added Pin To Net: NetName=NetR46A_1 Pin=X2A-1
Added Net: Name=NetR46A_1
Added Pin To Net: NetName=NetR46B_1 Pin=R46B-1
Added Pin To Net: NetName=NetR46B_1 Pin=U5B-5
Added Pin To Net: NetName=NetR46B_1 Pin=X2B-1
Added Net: Name=NetR46B_1
Added Pin To Net: NetName=NetR46C_1 Pin=R46C-1
Added Pin To Net: NetName=NetR46C_1 Pin=U5C-5
Added Pin To Net: NetName=NetR46C_1 Pin=X2C-1
Added Net: Name=NetR46C_1
Added Pin To Net: NetName=NetR54_2 Pin=R54-2
Added Pin To Net: NetName=NetR54_2 Pin=U11-5
Added Net: Name=NetR54_2
Added Pin To Net: NetName=NetSB1_2 Pin=SB1-2
Added Pin To Net: NetName=NetSB1_2 Pin=U1-7
Added Net: Name=NetSB1_2
Added Net: Name=OC_DC
Added Net: Name=OC_P1
Added Net: Name=OC_P2
Added Net: Name=OC_P3
Added Pin To Net: NetName=OT_H1 Pin=R43A-2
Added Pin To Net: NetName=OT_H1 Pin=U5A-6
Added Net: Name=OT_H1
Added Pin To Net: NetName=OT_H2 Pin=R43B-2
Added Pin To Net: NetName=OT_H2 Pin=U5B-6
Added Net: Name=OT_H2
Added Pin To Net: NetName=OT_H3 Pin=R43C-2
Added Pin To Net: NetName=OT_H3 Pin=U5C-6
Added Net: Name=OT_H3
Added Pin To Net: NetName=OT_L1 Pin=R44A-2
Added Pin To Net: NetName=OT_L1 Pin=U9A-6
Added Net: Name=OT_L1
Added Pin To Net: NetName=OT_L2 Pin=R44B-2
Added Pin To Net: NetName=OT_L2 Pin=U9B-6
Added Net: Name=OT_L2
Added Pin To Net: NetName=OT_L3 Pin=R44C-2
Added Pin To Net: NetName=OT_L3 Pin=U9C-6
Added Net: Name=OT_L3
Added Pin To Net: NetName=PHASE_CONNECTOR_1 Pin=J5-1
Added Pin To Net: NetName=PHASE_CONNECTOR_1 Pin=R10A-2
Added Pin To Net: NetName=PHASE_CONNECTOR_1 Pin=R22A-2
Added Pin To Net: NetName=PHASE_CONNECTOR_1 Pin=U2A-1
Added Net: Name=PHASE_CONNECTOR_1
Added Pin To Net: NetName=PHASE_CONNECTOR_2 Pin=J6-1
Added Pin To Net: NetName=PHASE_CONNECTOR_2 Pin=R10B-2
Added Pin To Net: NetName=PHASE_CONNECTOR_2 Pin=R22B-2
Added Pin To Net: NetName=PHASE_CONNECTOR_2 Pin=U2B-1
Added Net: Name=PHASE_CONNECTOR_2
Added Pin To Net: NetName=PHASE_CONNECTOR_3 Pin=J7-1
Added Pin To Net: NetName=PHASE_CONNECTOR_3 Pin=R10C-2
Added Pin To Net: NetName=PHASE_CONNECTOR_3 Pin=R22C-2
Added Pin To Net: NetName=PHASE_CONNECTOR_3 Pin=U2C-1
Added Net: Name=PHASE_CONNECTOR_3
Added Pin To Net: NetName=PWM_EN_IN Pin=U13-1
Added Net: Name=PWM_EN_IN
Added Pin To Net: NetName=PWM_EN Pin=U7A-5
Added Pin To Net: NetName=PWM_EN Pin=U7B-5
Added Pin To Net: NetName=PWM_EN Pin=U7C-5
Added Pin To Net: NetName=PWM_EN Pin=U13-6
Added Net: Name=PWM_EN
Added Pin To Net: NetName=PWM_H1 Pin=U7A-2
Added Net: Name=PWM_H1
Added Pin To Net: NetName=PWM_H2 Pin=U7B-2
Added Net: Name=PWM_H2
Added Pin To Net: NetName=PWM_H3 Pin=U7C-2
Added Net: Name=PWM_H3
Added Pin To Net: NetName=PWM_L1 Pin=U7A-3
Added Net: Name=PWM_L1
Added Pin To Net: NetName=PWM_L2 Pin=U7B-3
Added Net: Name=PWM_L2
Added Pin To Net: NetName=PWM_L3 Pin=U7C-3
Added Net: Name=PWM_L3
Added Pin To Net: NetName=PWM_out_HA Pin=DOFF_1A-2
Added Pin To Net: NetName=PWM_out_HA Pin=Q1A-4
Added Pin To Net: NetName=PWM_out_HA Pin=RG_ON_1A-2
Added Net: Name=PWM_out_HA
Added Pin To Net: NetName=PWM_out_HB Pin=DOFF_1B-2
Added Pin To Net: NetName=PWM_out_HB Pin=Q1B-4
Added Pin To Net: NetName=PWM_out_HB Pin=RG_ON_1B-2
Added Net: Name=PWM_out_HB
Added Pin To Net: NetName=PWM_out_HC Pin=DOFF_1C-2
Added Pin To Net: NetName=PWM_out_HC Pin=Q1C-4
Added Pin To Net: NetName=PWM_out_HC Pin=RG_ON_1C-2
Added Net: Name=PWM_out_HC
Added Pin To Net: NetName=PWM_out_LA Pin=DOFF_2A-2
Added Pin To Net: NetName=PWM_out_LA Pin=Q2A-4
Added Pin To Net: NetName=PWM_out_LA Pin=RG_ON_2A-2
Added Net: Name=PWM_out_LA
Added Pin To Net: NetName=PWM_out_LB Pin=DOFF_2B-2
Added Pin To Net: NetName=PWM_out_LB Pin=Q2B-4
Added Pin To Net: NetName=PWM_out_LB Pin=RG_ON_2B-2
Added Net: Name=PWM_out_LB
Added Pin To Net: NetName=PWM_out_LC Pin=DOFF_2C-2
Added Pin To Net: NetName=PWM_out_LC Pin=Q2C-4
Added Pin To Net: NetName=PWM_out_LC Pin=RG_ON_2C-2
Added Net: Name=PWM_out_LC
Added Pin To Net: NetName=TEMP_H1 Pin=U6A-6
Added Net: Name=TEMP_H1
Added Pin To Net: NetName=TEMP_H2 Pin=U6B-6
Added Net: Name=TEMP_H2
Added Pin To Net: NetName=TEMP_H3 Pin=U6C-6
Added Net: Name=TEMP_H3
Added Pin To Net: NetName=TEMP_L1 Pin=U8A-6
Added Net: Name=TEMP_L1
Added Pin To Net: NetName=TEMP_L2 Pin=U8B-6
Added Net: Name=TEMP_L2
Added Pin To Net: NetName=TEMP_L3 Pin=U8C-6
Added Net: Name=TEMP_L3
Added Pin To Net: NetName=U_OUT_N1 Pin=J1-2
Added Pin To Net: NetName=U_OUT_N1 Pin=R25A-1
Added Net: Name=U_OUT_N1
Added Pin To Net: NetName=U_OUT_N2 Pin=J1-6
Added Pin To Net: NetName=U_OUT_N2 Pin=R25B-1
Added Net: Name=U_OUT_N2
Added Pin To Net: NetName=U_OUT_N3 Pin=J1-5
Added Pin To Net: NetName=U_OUT_N3 Pin=R25C-1
Added Net: Name=U_OUT_N3
Added Pin To Net: NetName=U_OUT_P1 Pin=J1-1
Added Pin To Net: NetName=U_OUT_P1 Pin=R26A-1
Added Net: Name=U_OUT_P1
Added Pin To Net: NetName=U_OUT_P2 Pin=J1-3
Added Pin To Net: NetName=U_OUT_P2 Pin=R26B-1
Added Net: Name=U_OUT_P2
Added Pin To Net: NetName=U_OUT_P3 Pin=J1-4
Added Pin To Net: NetName=U_OUT_P3 Pin=R26C-1
Added Net: Name=U_OUT_P3
Added Pin To Net: NetName=UA_N Pin=C15A-1
Added Pin To Net: NetName=UA_N Pin=R25A-2
Added Pin To Net: NetName=UA_N Pin=R129A-1
Added Pin To Net: NetName=UA_N Pin=R130A-2
Added Pin To Net: NetName=UA_N Pin=U4A-5
Added Net: Name=UA_N
Added Pin To Net: NetName=UA_P Pin=C16A-1
Added Pin To Net: NetName=UA_P Pin=R26A-2
Added Pin To Net: NetName=UA_P Pin=R27A-1
Added Pin To Net: NetName=UA_P Pin=R28A-2
Added Pin To Net: NetName=UA_P Pin=U4A-4
Added Net: Name=UA_P
Added Pin To Net: NetName=UB_N Pin=C15B-1
Added Pin To Net: NetName=UB_N Pin=R25B-2
Added Pin To Net: NetName=UB_N Pin=R129B-1
Added Pin To Net: NetName=UB_N Pin=R130B-2
Added Pin To Net: NetName=UB_N Pin=U4B-5
Added Net: Name=UB_N
Added Pin To Net: NetName=UB_P Pin=C16B-1
Added Pin To Net: NetName=UB_P Pin=R26B-2
Added Pin To Net: NetName=UB_P Pin=R27B-1
Added Pin To Net: NetName=UB_P Pin=R28B-2
Added Pin To Net: NetName=UB_P Pin=U4B-4
Added Net: Name=UB_P
Added Pin To Net: NetName=UC_N Pin=C15C-1
Added Pin To Net: NetName=UC_N Pin=R25C-2
Added Pin To Net: NetName=UC_N Pin=R129C-1
Added Pin To Net: NetName=UC_N Pin=R130C-2
Added Pin To Net: NetName=UC_N Pin=U4C-5
Added Net: Name=UC_N
Added Pin To Net: NetName=UC_P Pin=C16C-1
Added Pin To Net: NetName=UC_P Pin=R26C-2
Added Pin To Net: NetName=UC_P Pin=R27C-1
Added Pin To Net: NetName=UC_P Pin=R28C-2
Added Pin To Net: NetName=UC_P Pin=U4C-4
Added Net: Name=UC_P
Added Pin To Net: NetName=V_DC_N Pin=C55-1
Added Pin To Net: NetName=V_DC_N Pin=R67-2
Added Pin To Net: NetName=V_DC_N Pin=R72-2
Added Pin To Net: NetName=V_DC_N Pin=R73-1
Added Pin To Net: NetName=V_DC_N Pin=U12-5
Added Net: Name=V_DC_N
Added Pin To Net: NetName=V_DC_OUT_N Pin=J2-8
Added Pin To Net: NetName=V_DC_OUT_N Pin=R67-1
Added Net: Name=V_DC_OUT_N
Added Pin To Net: NetName=V_DC_OUT_P Pin=J2-7
Added Pin To Net: NetName=V_DC_OUT_P Pin=R68-1
Added Net: Name=V_DC_OUT_P
Added Pin To Net: NetName=V_DC_P Pin=C56-2
Added Pin To Net: NetName=V_DC_P Pin=R68-2
Added Pin To Net: NetName=V_DC_P Pin=R74-2
Added Pin To Net: NetName=V_DC_P Pin=R75-1
Added Pin To Net: NetName=V_DC_P Pin=U12-4
Added Net: Name=V_DC_P
Added Pin To Net: NetName=V_DC Pin=C40-1
Added Pin To Net: NetName=V_DC Pin=C41-1
Added Pin To Net: NetName=V_DC Pin=C42-1
Added Pin To Net: NetName=V_DC Pin=C43-1
Added Pin To Net: NetName=V_DC Pin=C44-1
Added Pin To Net: NetName=V_DC Pin=C45-1
Added Pin To Net: NetName=V_DC Pin=C46-1
Added Pin To Net: NetName=V_DC Pin=C47-1
Added Pin To Net: NetName=V_DC Pin=C72A-2
Added Pin To Net: NetName=V_DC Pin=C72B-2
Added Pin To Net: NetName=V_DC Pin=C72C-2
Added Pin To Net: NetName=V_DC Pin=C73A-2
Added Pin To Net: NetName=V_DC Pin=C73B-2
Added Pin To Net: NetName=V_DC Pin=C73C-2
Added Pin To Net: NetName=V_DC Pin=C81-2
Added Pin To Net: NetName=V_DC Pin=C82-2
Added Pin To Net: NetName=V_DC Pin=C83-2
Added Pin To Net: NetName=V_DC Pin=C85-2
Added Pin To Net: NetName=V_DC Pin=C86-2
Added Pin To Net: NetName=V_DC Pin=C87-2
Added Pin To Net: NetName=V_DC Pin=C88-2
Added Pin To Net: NetName=V_DC Pin=C89-2
Added Pin To Net: NetName=V_DC Pin=C90-2
Added Pin To Net: NetName=V_DC Pin=C91-2
Added Pin To Net: NetName=V_DC Pin=C92-2
Added Pin To Net: NetName=V_DC Pin=C93-2
Added Pin To Net: NetName=V_DC Pin=C94-2
Added Pin To Net: NetName=V_DC Pin=C95-2
Added Pin To Net: NetName=V_DC Pin=C96-2
Added Pin To Net: NetName=V_DC Pin=J3-1
Added Pin To Net: NetName=V_DC Pin=Q1A-5
Added Pin To Net: NetName=V_DC Pin=Q1A-6
Added Pin To Net: NetName=V_DC Pin=Q1A-7
Added Pin To Net: NetName=V_DC Pin=Q1A-8
Added Pin To Net: NetName=V_DC Pin=Q1A-9
Added Pin To Net: NetName=V_DC Pin=Q1B-5
Added Pin To Net: NetName=V_DC Pin=Q1B-6
Added Pin To Net: NetName=V_DC Pin=Q1B-7
Added Pin To Net: NetName=V_DC Pin=Q1B-8
Added Pin To Net: NetName=V_DC Pin=Q1B-9
Added Pin To Net: NetName=V_DC Pin=Q1C-5
Added Pin To Net: NetName=V_DC Pin=Q1C-6
Added Pin To Net: NetName=V_DC Pin=Q1C-7
Added Pin To Net: NetName=V_DC Pin=Q1C-8
Added Pin To Net: NetName=V_DC Pin=Q1C-9
Added Pin To Net: NetName=V_DC Pin=R60-2
Added Net: Name=V_DC
Added Pin To Net: NetName=VCOM_1A Pin=C24A-2
Added Pin To Net: NetName=VCOM_1A Pin=U3A-2
Added Net: Name=VCOM_1A
Added Pin To Net: NetName=VCOM_1B Pin=C24B-2
Added Pin To Net: NetName=VCOM_1B Pin=U3B-2
Added Net: Name=VCOM_1B
Added Pin To Net: NetName=VCOM_1C Pin=C24C-2
Added Pin To Net: NetName=VCOM_1C Pin=U3C-2
Added Net: Name=VCOM_1C
Added Pin To Net: NetName=VCOM_2A Pin=C23A-2
Added Pin To Net: NetName=VCOM_2A Pin=U4A-2
Added Net: Name=VCOM_2A
Added Pin To Net: NetName=VCOM_2B Pin=C23B-2
Added Pin To Net: NetName=VCOM_2B Pin=U4B-2
Added Net: Name=VCOM_2B
Added Pin To Net: NetName=VCOM_2C Pin=C23C-2
Added Pin To Net: NetName=VCOM_2C Pin=U4C-2
Added Net: Name=VCOM_2C
Added Pin To Net: NetName=VCOM_3 Pin=C58-2
Added Pin To Net: NetName=VCOM_3 Pin=U10-2
Added Net: Name=VCOM_3
Added Pin To Net: NetName=VCOM_4 Pin=C57-2
Added Pin To Net: NetName=VCOM_4 Pin=U12-2
Added Net: Name=VCOM_4
Added Pin To Net: NetName=VIN_unfused Pin=F1-1
Added Net: Name=VIN_unfused
Added Pin To Net: NetName=VIN Pin=C60A-1
Added Pin To Net: NetName=VIN Pin=C60B-1
Added Pin To Net: NetName=VIN Pin=C60C-1
Added Pin To Net: NetName=VIN Pin=C62A-1
Added Pin To Net: NetName=VIN Pin=C62B-1
Added Pin To Net: NetName=VIN Pin=C62C-1
Added Pin To Net: NetName=VIN Pin=F1-2
Added Pin To Net: NetName=VIN Pin=L1A-1
Added Pin To Net: NetName=VIN Pin=L1B-1
Added Pin To Net: NetName=VIN Pin=L1C-1
Added Pin To Net: NetName=VIN Pin=L2A-1
Added Pin To Net: NetName=VIN Pin=L2B-1
Added Pin To Net: NetName=VIN Pin=L2C-1
Added Pin To Net: NetName=VIN Pin=R4-2
Added Pin To Net: NetName=VIN Pin=TP5-1
Added Net: Name=VIN
Added Class: Name=Connectors
Added Class: Name=DC-Link-Caps
Added Class: Name=DC-link
Added Class: Name=Halfbridge1
Added Class: Name=Halfbridge2
Added Class: Name=Halfbridge3
Added Class: Name=PhaseMeasurements1
Added Class: Name=PhaseMeasurements2
Added Class: Name=PhaseMeasurements3
Added Class: Name=TempMeasurements1
Added Class: Name=TempMeasurements2
Added Class: Name=TempMeasurements3
Added Class: Name=X1
Added Class: Name=D100
Added Class: Name=I_OUT_N[1..3]
Added Class: Name=I_OUT_P[1..3]
Added Class: Name=OC_P[1..3]
Added Class: Name=OT_H[1..3]
Added Class: Name=OT_L[1..3]
Added Class: Name=PHASE_CONNECTOR_[1..3]
Added Class: Name=Power
Added Class: Name=PWM_H[1..3]
Added Class: Name=PWM_L[1..3]
Added Class: Name=TEMP_H[1..3]
Added Class: Name=TEMP_L[1..3]
Added Class: Name=U_OUT_N[1..3]
Added Class: Name=U_OUT_P[1..3]
Added Differential Pair: Name=I_DC_OUT
Added Differential Pair: Name=I_DC
Added Differential Pair: Name=I_OUT1
Added Differential Pair: Name=I_OUT2
Added Differential Pair: Name=I_OUT3
Added Differential Pair: Name=IA
Added Differential Pair: Name=IB
Added Differential Pair: Name=IC
Added Differential Pair: Name=U_OUT1
Added Differential Pair: Name=U_OUT2
Added Differential Pair: Name=U_OUT3
Added Differential Pair: Name=UA
Added Differential Pair: Name=UB
Added Differential Pair: Name=UC
Added Differential Pair: Name=V_DC_OUT
Added Differential Pair: Name=V_DC
Added Class: Name=Halfbridges
Added Class: Name=Phase_Measurements
Added Class: Name=Temp_Measurements
Added Room: Name=Halfbridge1
Added Room: Name=Halfbridge2
Added Room: Name=Halfbridge3
