x-axis,1,2,3,4
second,Volt,Volt,Volt,Ampere
-11.9000E-03,+1.5062761E+00,+0.0E+00,-251.0458E-03,-14.9873E-03
-11.8900E-03,+1.4922409E+00,+0.0E+00,+137.7060E-03,-8.5949E-03
-11.8800E-03,+1.4954756E+00,+43.2021E-03,-704.4912E-03,-6.1768E-03
-11.8700E-03,+1.5062761E+00,-58.2917E-03,-207.7762E-03,-12.9564E-03
-11.8600E-03,+1.5062761E+00,-12.9471E-03,-251.0458E-03,-9.6313E-03
-11.8500E-03,+1.4911655E+00,-36.7244E-03,+116.1977E-03,-9.7167E-03
-11.8400E-03,+1.5202987E+00,+0.0E+00,-445.5483E-03,-6.6946E-03
-11.8300E-03,+1.5062761E+00,+0.0E+00,-251.0458E-03,-8.0770E-03
-11.8200E-03,+1.5321999E+00,+0.0E+00,-402.0256E-03,-6.9965E-03
-11.8100E-03,+1.5397489E+00,+0.0E+00,-251.0458E-03,-12.6536E-03
-11.8000E-03,+1.4987524E+00,-49.6462E-03,-251.0458E-03,-10.6663E-03
-11.7900E-03,+1.5062761E+00,+0.0E+00,-920.5019E-03,-10.7108E-03
-11.7800E-03,+1.5149005E+00,-49.6968E-03,-78.5578E-03,-10.0213E-03
-11.7700E-03,+1.5224875E+00,-34.5229E-03,+418.4102E-03,-10.7533E-03
-11.7600E-03,+1.5062761E+00,+51.7970E-03,+266.9244E-03,-11.6202E-03
-11.7500E-03,+1.5397489E+00,-64.8201E-03,+397.1550E-03,-12.1352E-03
-11.7400E-03,+1.5062761E+00,+0.0E+00,-251.0458E-03,-9.7604E-03
-11.7300E-03,+1.5397489E+00,-36.6737E-03,+418.4102E-03,-9.0230E-03
-11.7200E-03,+1.5537251E+00,+0.0E+00,-251.0458E-03,-11.7903E-03
-11.7100E-03,+1.5062761E+00,+62.6693E-03,-208.2823E-03,-10.3692E-03
-11.7000E-03,+1.5170513E+00,+0.0E+00,+418.4102E-03,-9.8034E-03
-11.6900E-03,+1.5256884E+00,+0.0E+00,-358.0811E-03,-8.2475E-03
-11.6800E-03,+1.5343254E+00,+0.0E+00,+201.4716E-03,-6.6946E-03
-11.6700E-03,+1.5397489E+00,+0.0E+00,-251.0458E-03,-9.6295E-03
-11.6600E-03,+1.5397489E+00,-43.2443E-03,-251.0458E-03,-13.2228E-03
-11.6500E-03,+1.5192612E+00,+25.9702E-03,+568.4621E-03,-6.6946E-03
-11.6400E-03,+1.4814994E+00,+58.2495E-03,-746.5798E-03,-11.5284E-03
-11.6300E-03,+1.5354599E+00,+58.3676E-03,-834.7218E-03,-5.8703E-03
-11.6200E-03,+1.5062761E+00,-25.8521E-03,-661.9808E-03,-8.2457E-03
-11.6100E-03,+1.5062761E+00,+0.0E+00,+180.2164E-03,-5.8320E-03
-11.6000E-03,+1.5332036E+00,+0.0E+00,-251.0458E-03,-5.3556E-03
-11.5900E-03,+1.5009117E+00,+45.4879E-03,-143.7575E-03,-7.3383E-03
-11.5800E-03,+1.5397489E+00,-10.9397E-03,-360.4431E-03,-9.3724E-03
-11.5700E-03,+1.5397489E+00,+23.6085E-03,+201.7247E-03,-8.4668E-03
-11.5600E-03,+1.5353545E+00,-62.5512E-03,-876.5574E-03,-11.8744E-03
-11.5500E-03,+1.5062761E+00,+0.0E+00,-251.0458E-03,-10.5047E-03
-11.5400E-03,+1.5213530E+00,+0.0E+00,-251.0458E-03,-10.4458E-03
-11.5300E-03,+1.5537040E+00,+47.4279E-03,-725.3246E-03,-14.2830E-03
-11.5200E-03,+1.5386271E+00,-66.9456E-03,-251.0458E-03,-6.8741E-03
-11.5100E-03,+1.5137914E+00,+0.0E+00,-251.0458E-03,-6.3940E-03
-11.5000E-03,+1.5385807E+00,+0.0E+00,+72.0001E-03,-13.3424E-03
-11.4900E-03,+1.4975927E+00,+0.0E+00,-251.0458E-03,-12.3975E-03
-11.4800E-03,+1.5062297E+00,+92.8E-06,-920.5019E-03,-10.7132E-03
-11.4700E-03,+1.4899846E+00,+0.0E+00,+418.4102E-03,-8.0335E-03
-11.4600E-03,+1.5235038E+00,-1.9652E-03,-575.9476E-03,-13.3891E-03
-11.4500E-03,+1.5062761E+00,-51.7295E-03,-251.0458E-03,-11.4416E-03
-11.4400E-03,+1.5073051E+00,+64.8876E-03,-251.0458E-03,-6.6946E-03
-11.4300E-03,+1.4921355E+00,-28.2813E-03,-251.0458E-03,-10.8903E-03
-11.4200E-03,+1.5214458E+00,-36.6063E-03,+52.3477E-03,-12.7823E-03
-11.4100E-03,+1.5062761E+00,+0.0E+00,+157.1053E-03,-9.3724E-03
-11.4000E-03,+1.4749077E+00,+4.2089E-03,-208.9572E-03,-10.5429E-03
-11.3900E-03,+1.5397489E+00,+0.0E+00,-705.6722E-03,-8.5131E-03
-11.3800E-03,+1.4868976E+00,+0.0E+00,+30.8394E-03,-7.4697E-03
-11.3700E-03,+1.5288345E+00,+0.0E+00,-702.2135E-03,-11.8319E-03
-11.3600E-03,+1.5333892E+00,-60.5859E-03,-856.9050E-03,-3.5682E-03
-11.3500E-03,+1.5397489E+00,+0.0E+00,-251.0458E-03,-9.9242E-03
-11.3400E-03,+1.5062761E+00,+0.0E+00,+158.0333E-03,-8.4802E-03
-11.3300E-03,+1.5062761E+00,-8.7636E-03,+330.7743E-03,-9.5477E-03
-11.3200E-03,+1.5105314E+00,+8.5105E-03,+333.3051E-03,-12.8785E-03
-11.3100E-03,+1.5268566E+00,+41.1610E-03,+160.5640E-03,-5.9707E-03
-11.3000E-03,+1.4966902E+00,+19.1719E-03,-251.0458E-03,-8.3226E-03
-11.2900E-03,+1.5699153E+00,+60.3328E-03,-251.0458E-03,-11.7857E-03
-11.2800E-03,+1.5344182E+00,+56.2843E-03,-251.0458E-03,-7.0615E-03
-11.2700E-03,+1.5397489E+00,-27.9355E-03,+28.3087E-03,-8.5922E-03
-11.2600E-03,+1.5062761E+00,+66.9456E-03,-251.0458E-03,-8.4682E-03
-11.2500E-03,+1.5107380E+00,-62.4837E-03,+373.7909E-03,-8.1227E-03
-11.2400E-03,+1.5126822E+00,-54.1334E-03,+290.2885E-03,-14.7280E-03
-11.2300E-03,+1.4912330E+00,-23.3132E-03,-619.6391E-03,-8.1689E-03
-11.2200E-03,+1.5062761E+00,-19.5852E-03,-55.1937E-03,-12.0502E-03
-11.2100E-03,+1.5374378E+00,-64.6345E-03,-874.2798E-03,-14.5431E-03
-11.2000E-03,+1.5137576E+00,+0.0E+00,+418.4102E-03,-9.3724E-03
-11.1900E-03,+1.5558675E+00,+0.0E+00,-573.4169E-03,-9.9677E-03
-11.1800E-03,+1.4902377E+00,+0.0E+00,-251.0458E-03,-10.7113E-03
-11.1700E-03,+1.4728834E+00,+66.9456E-03,-251.0458E-03,-10.6985E-03
-11.1600E-03,+1.5732217E+00,+0.0E+00,+418.4102E-03,-13.3589E-03
-11.1500E-03,+1.5225549E+00,+0.0E+00,+92.8336E-03,-11.3258E-03
-11.1400E-03,+1.5139179E+00,-51.6620E-03,-767.6663E-03,-8.7610E-03
-11.1300E-03,+1.4403258E+00,+66.9456E-03,-231.1403E-03,-10.5521E-03
-11.1200E-03,+1.5159084E+00,+47.6809E-03,+225.7637E-03,-9.3724E-03
-11.1100E-03,+1.5032101E+00,-30.4068E-03,+53.0226E-03,-10.5887E-03
-11.1000E-03,+1.5266162E+00,-13.1327E-03,-789.1746E-03,-6.6689E-03
-11.0900E-03,+1.5083468E+00,+0.0E+00,-251.0458E-03,-6.6946E-03
-11.0800E-03,+1.5062761E+00,-45.5301E-03,+632.5651E-03,-10.7653E-03
-11.0700E-03,+1.4921481E+00,+28.2560E-03,-251.0458E-03,-10.3548E-03
-11.0600E-03,+1.5117671E+00,-66.9456E-03,-251.0458E-03,-8.4727E-03
-11.0500E-03,+1.5031300E+00,+0.0E+00,-251.0458E-03,-5.7332E-03
-11.0400E-03,+1.5180593E+00,-23.5663E-03,-251.0458E-03,-9.4475E-03
-11.0300E-03,+1.5266963E+00,+0.0E+00,+157.3584E-03,-7.4441E-03
-11.0200E-03,+1.5062761E+00,-58.1145E-03,+330.0995E-03,-8.0335E-03
-11.0100E-03,+1.5062761E+00,+0.0E+00,+333.9799E-03,-7.5389E-03
-11.0000E-03,+1.5062761E+00,-41.2285E-03,+161.2388E-03,-8.8580E-03
-10.9900E-03,+1.4728033E+00,+0.0E+00,+418.4102E-03,-14.7280E-03
-10.9800E-03,+1.5096162E+00,+0.0E+00,-184.2434E-03,-12.7211E-03
-10.9700E-03,+1.4781002E+00,+0.0E+00,-356.9844E-03,-11.6265E-03
-10.9600E-03,+1.5202101E+00,-27.8680E-03,-251.0458E-03,-9.1482E-03
-10.9500E-03,+1.5171779E+00,+0.0E+00,-484.4313E-03,-16.1590E-03
-10.9400E-03,+1.5420136E+00,+0.0E+00,-251.0458E-03,-9.2818E-03
-10.9300E-03,+1.5126485E+00,-66.9456E-03,-251.0458E-03,-11.7309E-03
-10.9200E-03,+1.5062761E+00,+0.0E+00,+118.2223E-03,-10.1109E-03
-10.9100E-03,+1.5200962E+00,-47.2929E-03,-251.0458E-03,-8.2668E-03
-10.9000E-03,+1.5385596E+00,+0.0E+00,-251.0458E-03,-14.4902E-03
-10.8900E-03,+1.5062761E+00,-104.1002E-03,-251.0458E-03,-13.2385E-03
-10.8800E-03,+1.5062761E+00,+0.0E+00,-251.0458E-03,-11.4068E-03
-10.8700E-03,+1.5484999E+00,+0.0E+00,-76.0271E-03,-11.0001E-03
-10.8600E-03,+1.4728033E+00,+227.8E-06,-248.7682E-03,-9.3861E-03
-10.8500E-03,+1.5397489E+00,-49.8993E-03,+89.8811E-03,-7.0355E-03
-10.8400E-03,+1.4899635E+00,+34.3205E-03,-234.0928E-03,-11.3977E-03
-10.8300E-03,+1.5139516E+00,+0.0E+00,-251.0458E-03,-7.8118E-03
-10.8200E-03,+1.5407104E+00,+65.0225E-03,-251.0458E-03,-11.9733E-03
-10.8100E-03,+1.5062761E+00,+0.0E+00,-251.0458E-03,-4.5878E-03
-10.8000E-03,+1.5427474E+00,+5.9970E-03,-251.0458E-03,-12.0502E-03
-10.7900E-03,+1.5194763E+00,-66.9456E-03,-788.4997E-03,-8.8255E-03
-10.7800E-03,+1.5042392E+00,-62.8717E-03,-251.0458E-03,-14.0762E-03
-10.7700E-03,+1.5169501E+00,+66.9456E-03,+204.9302E-03,-8.8874E-03
-10.7600E-03,+1.4921144E+00,-66.9456E-03,+135.1753E-03,-8.9604E-03
-10.7500E-03,+1.5342242E+00,-11.0494E-03,-140.5519E-03,-7.1365E-03
-10.7400E-03,+1.4759157E+00,+0.0E+00,+356.1630E-03,-9.4969E-03
-10.7300E-03,+1.4845527E+00,+0.0E+00,-450.5253E-03,-7.6345E-03
-10.7200E-03,+1.4858896E+00,+26.1727E-03,+10.6809E-03,-9.8958E-03
-10.7100E-03,+1.5062761E+00,-66.9456E-03,+329.4246E-03,-7.4996E-03
-10.7000E-03,+1.4477061E+00,+50.1945E-03,-167.2903E-03,-9.2049E-03
-10.6900E-03,+1.5140993E+00,+25.6497E-03,-251.0458E-03,-10.2855E-03
-10.6800E-03,+1.5612108E+00,-24.0218E-03,-10.8274E-03,-7.4506E-03
-10.6700E-03,+1.5062761E+00,+0.0E+00,+283.4556E-03,-9.3724E-03
-10.6600E-03,+1.5115393E+00,-56.4192E-03,-1.3794304E+00,-14.3070E-03
-10.6500E-03,+1.5454212E+00,-39.1451E-03,-251.0458E-03,-11.4942E-03
-10.6400E-03,+1.5062761E+00,+0.0E+00,-251.0458E-03,-8.4442E-03
-10.6300E-03,+1.5039777E+00,-62.3487E-03,+464.3793E-03,-9.4643E-03
-10.6200E-03,+1.5126147E+00,+54.2684E-03,+291.6382E-03,-8.5406E-03
-10.6100E-03,+1.5397489E+00,+0.0E+00,-180.6160E-03,-12.0502E-03
-10.6000E-03,+1.5397489E+00,+0.0E+00,+418.4102E-03,-13.1504E-03
-10.5900E-03,+1.4740263E+00,+0.0E+00,-226.5851E-03,-4.3103E-03
-10.5800E-03,+1.5062761E+00,+14.8280E-03,-251.0458E-03,-12.7960E-03
-10.5700E-03,+1.5236978E+00,+0.0E+00,-251.0458E-03,-9.2627E-03
-10.5600E-03,+1.5062761E+00,-35.1387E-03,+242.7167E-03,-10.9960E-03
-10.5500E-03,+1.5062761E+00,+66.6504E-03,+415.4578E-03,-17.3822E-03
-10.5400E-03,+1.5397489E+00,-49.9667E-03,+248.6216E-03,-8.6932E-03
-10.5300E-03,+1.4899298E+00,-32.6926E-03,-251.0458E-03,-11.3964E-03
-10.5200E-03,+1.4985668E+00,+0.0E+00,-251.0458E-03,-12.4640E-03
-10.5100E-03,+1.5072039E+00,+65.0900E-03,-232.4900E-03,-7.9964E-03
-10.5000E-03,+1.4967113E+00,+0.0E+00,-59.7489E-03,-8.4164E-03
-10.4900E-03,+1.5062761E+00,+0.0E+00,-556.4639E-03,-6.3428E-03
-10.4800E-03,+1.5062761E+00,+13.2677E-03,+153.0562E-03,-5.6089E-03
-10.4700E-03,+1.5357425E+00,+62.9392E-03,-880.4378E-03,-5.5960E-03
-10.4600E-03,+1.5291087E+00,+0.0E+00,-38.2407E-03,-9.3724E-03
-10.4500E-03,+1.5397489E+00,+0.0E+00,+418.4102E-03,-9.1691E-03
-10.4400E-03,+1.5118345E+00,-11.1169E-03,-698.1644E-03,-9.8219E-03
-10.4300E-03,+1.5062761E+00,-60.7884E-03,-189.4735E-03,-7.3103E-03
-10.4200E-03,+1.5397489E+00,+0.0E+00,-251.0458E-03,-12.4519E-03
-10.4100E-03,+1.5397489E+00,+66.9456E-03,+156.0087E-03,-7.5625E-03
-10.4000E-03,+1.4772863E+00,+0.0E+00,-251.0458E-03,-9.1931E-03
-10.3900E-03,+1.5314409E+00,+0.0E+00,-251.0458E-03,-9.5385E-03
-10.3800E-03,+1.5269578E+00,+41.3634E-03,-251.0458E-03,-11.2229E-03
-10.3700E-03,+1.5277043E+00,+0.0E+00,-10.1526E-03,-10.6048E-03
-10.3600E-03,+1.5363413E+00,-60.1304E-03,+282.1059E-03,-14.0465E-03
-10.3500E-03,+1.5345195E+00,-56.4867E-03,-146.4569E-03,-9.3724E-03
-10.3400E-03,+1.4866698E+00,+0.0E+00,-643.1719E-03,-13.1595E-03
-10.3300E-03,+1.5062761E+00,+0.0E+00,-31.6608E-03,-8.9336E-03
-10.3200E-03,+1.5708895E+00,+0.0E+00,+371.7663E-03,-8.0335E-03
-10.3100E-03,+1.4854130E+00,-54.3359E-03,+166.2159E-03,-9.7025E-03
-10.3000E-03,+1.4913342E+00,-29.8838E-03,+119.5720E-03,-10.7113E-03
-10.2900E-03,+1.5633279E+00,+47.1579E-03,-448.9225E-03,-11.8986E-03
-10.2800E-03,+1.5075329E+00,+0.0E+00,-276.1814E-03,-13.3389E-03
-10.2700E-03,+1.5136564E+00,-52.1851E-03,+940.2608E-03,-9.0772E-03
-10.2600E-03,+1.5062761E+00,+0.0E+00,-251.0458E-03,-9.4874E-03
-10.2500E-03,+1.5309305E+00,-31.6719E-03,+242.0418E-03,-6.8386E-03
-10.2400E-03,+1.4729847E+00,+0.0E+00,-243.7911E-03,-8.0335E-03
-10.2300E-03,+1.5062761E+00,+33.1229E-03,+249.2965E-03,-11.7120E-03
-10.2200E-03,+1.5062761E+00,+0.0E+00,-578.6471E-03,-8.0620E-03
-10.2100E-03,+1.5397489E+00,+51.4596E-03,-251.0458E-03,-11.7405E-03
-10.2000E-03,+1.5053821E+00,-65.1575E-03,+400.5293E-03,-11.8356E-03
-10.1900E-03,+1.5302178E+00,+19.0622E-03,+227.7882E-03,-6.1090E-03
-10.1800E-03,+1.5091396E+00,-36.3363E-03,+55.0471E-03,-8.8747E-03
-10.1700E-03,+1.4996085E+00,+0.0E+00,-117.6940E-03,-9.6391E-03
-10.1600E-03,+1.5377795E+00,-63.0067E-03,-211.6566E-03,-8.1123E-03
-10.1500E-03,+1.5185359E+00,+45.7326E-03,-251.0458E-03,-11.1356E-03
-10.1400E-03,+1.5205053E+00,+0.0E+00,-535.6305E-03,-7.8329E-03
-10.1300E-03,+1.4839877E+00,-11.1844E-03,-139.2022E-03,-7.5861E-03
-10.1200E-03,+1.4788931E+00,+0.0E+00,-251.0458E-03,-11.6848E-03
-10.1100E-03,+1.5078491E+00,+0.0E+00,-17.4072E-03,-7.1618E-03
-10.1000E-03,+1.5062761E+00,-14.3303E-03,-251.0458E-03,-11.8107E-03
-10.0900E-03,+1.5352321E+00,-57.9121E-03,-160.7105E-03,-9.3724E-03
-10.0800E-03,+1.4810439E+00,-8.2406E-03,-251.0458E-03,-10.7113E-03
-10.0700E-03,+1.5062761E+00,+0.0E+00,+163.2634E-03,-9.3724E-03
-10.0600E-03,+1.5276705E+00,-24.1568E-03,-9.4777E-03,-11.1944E-03
-10.0500E-03,+1.5062761E+00,-60.0629E-03,+349.5832E-03,-12.5632E-03
-10.0400E-03,+1.4549176E+00,-10.3914E-03,-712.6738E-03,-8.6570E-03
-10.0300E-03,+1.5062761E+00,-27.6655E-03,+418.4102E-03,-9.6047E-03
-10.0200E-03,+1.4952731E+00,+0.0E+00,-30.9860E-03,-11.1514E-03
-10.0100E-03,+1.5350170E+00,-62.2137E-03,-825.8644E-03,-9.2777E-03
-10.0000E-03,+1.5188183E+00,+0.0E+00,-125.6235E-03,-8.7860E-03
-9.9900E-03,+1.5397489E+00,+7.3129E-03,+418.4102E-03,-11.1501E-03
-9.9800E-03,+1.5533666E+00,-27.2353E-03,-721.9503E-03,-9.3724E-03
-9.9700E-03,+1.5371679E+00,-2.5810E-03,-251.0458E-03,-8.2916E-03
-9.9600E-03,+1.5136226E+00,+0.0E+00,-397.9764E-03,-10.4174E-03
-9.9500E-03,+1.5077817E+00,+66.9456E-03,-220.9332E-03,-11.3506E-03
-9.9400E-03,+1.5308968E+00,-49.2413E-03,-428.0891E-03,-11.4195E-03
-9.9300E-03,+1.4730184E+00,+66.9456E-03,-251.0458E-03,-10.7199E-03
-9.9200E-03,+1.5146981E+00,+0.0E+00,-251.0458E-03,-8.3704E-03
-9.9100E-03,+1.5069213E+00,-34.1180E-03,+90.1342E-03,-9.4498E-03
-9.9000E-03,+1.5062761E+00,+0.0E+00,-406.5808E-03,-11.8338E-03
-9.8900E-03,+1.5388886E+00,+0.0E+00,-268.2519E-03,-13.3891E-03
-9.8800E-03,+1.5302516E+00,-18.9947E-03,+228.4631E-03,-11.0912E-03
-9.8700E-03,+1.5244105E+00,+30.6768E-03,-251.0458E-03,-7.9216E-03
-9.8600E-03,+1.4995748E+00,+0.0E+00,+284.3835E-03,-10.1752E-03
-9.8500E-03,+1.5358775E+00,+0.0E+00,-251.0458E-03,-8.1109E-03
-9.8400E-03,+1.5397489E+00,+0.0E+00,-39.5904E-03,-10.2182E-03
-9.8300E-03,+1.5062761E+00,+0.0E+00,-635.2424E-03,-9.7681E-03
-9.8200E-03,+1.5397489E+00,+0.0E+00,+305.8918E-03,-3.5780E-03
-9.8100E-03,+1.5032650E+00,+0.0E+00,-860.2792E-03,-10.4704E-03
-9.8000E-03,+1.5382772E+00,+23.2964E-03,-47.5172E-03,-9.8383E-03
-9.7900E-03,+1.5062761E+00,+26.3751E-03,-251.0458E-03,-11.2388E-03
-9.7800E-03,+1.5108266E+00,-57.8446E-03,-251.0458E-03,-9.1904E-03
-9.7700E-03,+1.5103627E+00,+0.0E+00,+418.4102E-03,-13.7473E-03
-9.7600E-03,+1.5189997E+00,+0.0E+00,+3.4262E-03,-11.2202E-03
-9.7500E-03,+1.5276368E+00,-42.7213E-03,-8.8029E-03,-8.1480E-03
-9.7400E-03,+1.4728033E+00,-6.9502E-03,-251.0458E-03,-9.7894E-03
-9.7300E-03,+1.5166000E+00,-46.2978E-03,-147.8066E-03,-10.5048E-03
-9.7200E-03,+1.4866023E+00,+11.7495E-03,-527.0261E-03,-12.6022E-03
-9.7100E-03,+1.5173128E+00,-22.0735E-03,-251.0458E-03,-12.5207E-03
-9.7000E-03,+1.5062761E+00,+0.0E+00,-872.5083E-03,-10.8073E-03
-9.6900E-03,+1.5272742E+00,+12.4747E-03,-251.0458E-03,-6.4451E-03
-9.6800E-03,+1.5211505E+00,+0.0E+00,+46.4427E-03,-6.5456E-03
-9.6700E-03,+1.5297876E+00,+0.0E+00,-251.0458E-03,-7.8899E-03
-9.6600E-03,+1.4741276E+00,+0.0E+00,+391.9249E-03,-9.4783E-03
-9.6500E-03,+1.5062761E+00,+14.6256E-03,-397.3016E-03,-11.7577E-03
-9.6400E-03,+1.4568535E+00,-31.8997E-03,-251.0458E-03,-9.2465E-03
-9.6300E-03,+1.4973902E+00,-17.7718E-03,-73.3277E-03,-8.0335E-03
-9.6200E-03,+1.5062761E+00,+0.0E+00,-251.0458E-03,-10.6914E-03
-9.6100E-03,+1.5062761E+00,+0.0E+00,-251.0458E-03,-8.7045E-03
-9.6000E-03,+1.5221459E+00,+32.8951E-03,+89.4593E-03,-9.3493E-03
-9.5900E-03,+1.5062761E+00,+35.7036E-03,-251.0458E-03,-8.4351E-03
-9.5800E-03,+1.5062761E+00,-66.9456E-03,-251.0458E-03,-10.6782E-03
-9.5700E-03,+1.4822669E+00,-66.9456E-03,-251.0458E-03,-11.0898E-03
-9.5600E-03,+1.5243768E+00,+0.0E+00,-251.0458E-03,-8.7575E-03
-9.5500E-03,+1.5330138E+00,-40.0053E-03,-251.0458E-03,-6.6865E-03
-9.5400E-03,+1.5062761E+00,-66.9456E-03,-251.0458E-03,-11.5937E-03
-9.5300E-03,+1.5168151E+00,-21.0781E-03,+207.6296E-03,-12.1244E-03
-9.5200E-03,+1.4919794E+00,+0.0E+00,-251.0458E-03,-9.3860E-03
-9.5100E-03,+1.4784630E+00,+0.0E+00,-694.1153E-03,-16.5003E-03
-9.5000E-03,+1.5397489E+00,+0.0E+00,-920.5019E-03,-8.2717E-03
-9.4900E-03,+1.5178906E+00,+0.0E+00,-251.0458E-03,-11.0662E-03
-9.4800E-03,+1.5397489E+00,-26.4426E-03,+13.3803E-03,-10.4301E-03
-9.4700E-03,+1.5016919E+00,+0.0E+00,-251.0458E-03,-10.7113E-03
-9.4600E-03,+1.5103289E+00,-58.8400E-03,-251.0458E-03,-13.9175E-03
-9.4500E-03,+1.5062761E+00,+41.5659E-03,-251.0458E-03,-8.5411E-03
-9.4400E-03,+1.5154571E+00,+0.0E+00,-677.5841E-03,-9.0051E-03
-9.4300E-03,+1.5062761E+00,+0.0E+00,-180.8691E-03,-9.6531E-03
-9.4200E-03,+1.5062761E+00,+56.6892E-03,-148.4815E-03,-6.9967E-03
-9.4100E-03,+1.5062761E+00,-27.5305E-03,-251.0458E-03,-11.4996E-03
-9.4000E-03,+1.4952056E+00,+44.8047E-03,-477.6828E-03,-10.2580E-03
-9.3900E-03,+1.5348821E+00,+62.0788E-03,-251.0458E-03,-9.2750E-03
-9.3800E-03,+1.5397489E+00,-54.5383E-03,-251.0458E-03,-9.1242E-03
-9.3700E-03,+1.5249082E+00,+0.0E+00,-175.2172E-03,-8.1721E-03
-9.3600E-03,+1.5532316E+00,+19.9901E-03,+418.4102E-03,-4.4165E-03
-9.3500E-03,+1.5062761E+00,-2.7160E-03,-223.8856E-03,-9.4810E-03
-9.3400E-03,+1.5251908E+00,+0.0E+00,-920.5019E-03,-12.0502E-03
-9.3300E-03,+1.5079167E+00,+35.1134E-03,-602.1799E-03,-10.1403E-03
-9.3200E-03,+1.5062761E+00,+0.0E+00,-563.7159E-03,-10.7113E-03
-9.3100E-03,+1.5394663E+00,+0.0E+00,-245.3939E-03,-9.3724E-03
-9.3000E-03,+1.5230400E+00,-16.7089E-03,+418.4102E-03,-7.6971E-03
-9.2900E-03,+1.5232676E+00,+0.0E+00,+78.5800E-03,-8.6519E-03
-9.2800E-03,+1.5141203E+00,+51.2571E-03,-251.0458E-03,-16.8622E-03
-9.2700E-03,+1.5389561E+00,-1.5856E-03,-235.1894E-03,-13.2940E-03
-9.2600E-03,+1.5157060E+00,+0.0E+00,-543.3070E-03,-12.0502E-03
-9.2500E-03,+1.4728033E+00,-30.8118E-03,-251.0458E-03,-8.6497E-03
-9.2400E-03,+1.5062761E+00,+0.0E+00,-251.0458E-03,-7.2361E-03
-9.2300E-03,+1.5044079E+00,+59.4727E-03,-251.0458E-03,-9.6713E-03
-9.2200E-03,+1.4728033E+00,-45.9350E-03,-500.2904E-03,-13.3891E-03
-9.2100E-03,+1.5062761E+00,-28.6609E-03,-633.8926E-03,-12.2427E-03
-9.2000E-03,+1.5005827E+00,+0.0E+00,+304.5421E-03,-6.4943E-03
-9.1900E-03,+1.4786906E+00,-5.8873E-03,-192.1729E-03,-7.7980E-03
-9.1800E-03,+1.4843840E+00,-23.1614E-03,-251.0458E-03,-6.2821E-03
-9.1700E-03,+1.5062761E+00,-26.5101E-03,-251.0458E-03,-10.4596E-03
-9.1600E-03,+1.5639857E+00,-9.2360E-03,+418.4102E-03,-9.9265E-03
-9.1500E-03,+1.4848605E+00,+0.0E+00,-251.0458E-03,-14.2457E-03
-9.1400E-03,+1.4854594E+00,-25.3122E-03,-1.0837134E+00,-9.6988E-03
-9.1300E-03,+1.5366828E+00,-42.5863E-03,-68.7751E-03,-8.2788E-03
-9.1200E-03,+1.5098187E+00,+0.0E+00,+418.4102E-03,-7.8918E-03
-9.1100E-03,+1.5113706E+00,-10.1889E-03,-149.1563E-03,-8.0335E-03
-9.1000E-03,+1.4925446E+00,+27.4631E-03,-251.0458E-03,-8.8231E-03
-9.0900E-03,+1.5173803E+00,+0.0E+00,-698.4175E-03,-8.9218E-03
-9.0800E-03,+1.5323474E+00,-4.9343E-03,+369.0669E-03,-10.5139E-03
-9.0700E-03,+1.4851431E+00,+0.0E+00,+418.4102E-03,-6.6946E-03
-9.0600E-03,+1.5210831E+00,+0.0E+00,+418.4102E-03,-9.3724E-03
-9.0500E-03,+1.4928609E+00,+0.0E+00,-251.0458E-03,-9.9090E-03
-9.0400E-03,+1.5076679E+00,+0.0E+00,-251.0458E-03,-6.6946E-03
-9.0300E-03,+1.5062761E+00,-14.4906E-03,-251.0458E-03,-8.3233E-03
-9.0200E-03,+1.5079842E+00,+0.0E+00,-251.0458E-03,-5.9226E-03
-9.0100E-03,+1.4973227E+00,-49.0388E-03,+239.3424E-03,-11.6921E-03
-9.0000E-03,+1.5397489E+00,-66.3129E-03,-244.7191E-03,-6.7325E-03
-8.9900E-03,+1.5314282E+00,+50.3042E-03,-84.6315E-03,-13.3891E-03
-8.9800E-03,+1.4893183E+00,-33.0301E-03,-251.0458E-03,-8.6941E-03
-8.9700E-03,+1.5062761E+00,+0.0E+00,+103.2911E-03,-11.4200E-03
-8.9600E-03,+1.5397489E+00,+0.0E+00,-251.0458E-03,-9.3420E-03
-8.9500E-03,+1.4968800E+00,+0.0E+00,-63.1232E-03,-8.7852E-03
-8.9400E-03,+1.5036825E+00,-30.8792E-03,-251.0458E-03,-11.6401E-03
-8.9300E-03,+1.5130787E+00,+0.0E+00,-784.4506E-03,-8.0551E-03
-8.9200E-03,+1.5044416E+00,+0.0E+00,-251.0458E-03,-10.4178E-03
-8.9100E-03,+1.5397489E+00,-20.9431E-03,-41.6149E-03,-13.3068E-03
-8.9000E-03,+1.5397489E+00,+0.0E+00,+418.4102E-03,-8.6080E-03
-8.8900E-03,+1.5340218E+00,+0.0E+00,-251.0458E-03,-7.6109E-03
-8.8800E-03,+1.5339291E+00,+0.0E+00,+360.2122E-03,-9.1396E-03
-8.8700E-03,+1.5178231E+00,+0.0E+00,-920.5019E-03,-10.2494E-03
-8.8600E-03,+1.5264601E+00,+0.0E+00,+14.7300E-03,-10.4556E-03
-8.8500E-03,+1.5732217E+00,+9.3035E-03,-251.0458E-03,-11.4920E-03
-8.8400E-03,+1.5022908E+00,+0.0E+00,-171.3395E-03,-10.0736E-03
-8.8300E-03,+1.5271265E+00,-25.2447E-03,-251.0458E-03,-12.2260E-03
-8.8200E-03,+1.5184895E+00,+0.0E+00,-676.2344E-03,-9.7342E-03
-8.8100E-03,+1.4799560E+00,+0.0E+00,+346.8838E-03,-12.8169E-03
-8.8000E-03,+1.5113368E+00,+0.0E+00,-718.0726E-03,-12.4551E-03
-8.7900E-03,+1.4986556E+00,+0.0E+00,-251.0458E-03,-10.1634E-03
-8.7800E-03,+1.4839413E+00,+44.6697E-03,-251.0458E-03,-10.2681E-03
-8.7700E-03,+1.5347471E+00,-61.9438E-03,-870.4837E-03,-13.1890E-03
-8.7600E-03,+1.5336128E+00,-54.6733E-03,-675.0561E-03,-9.8633E-03
-8.7500E-03,+1.5102025E+00,+0.0E+00,+44.4182E-03,-8.6244E-03
-8.7400E-03,+1.5631592E+00,+46.8205E-03,-251.0458E-03,-8.6988E-03
-8.7300E-03,+1.4742288E+00,-64.0946E-03,-251.0458E-03,-8.0905E-03
-8.7200E-03,+1.5253258E+00,+52.5225E-03,-106.8146E-03,-9.8459E-03
-8.7100E-03,+1.5397489E+00,-31.6972E-03,-603.5296E-03,-10.1484E-03
-8.7000E-03,+1.4728033E+00,+0.0E+00,-251.0458E-03,-9.3724E-03
-8.6900E-03,+1.5062761E+00,-66.2454E-03,+425.4119E-03,-9.3724E-03
-8.6800E-03,+1.5314619E+00,-50.3717E-03,-416.7853E-03,-13.0576E-03
-8.6700E-03,+1.5228249E+00,+33.0975E-03,-251.0458E-03,-9.3274E-03
-8.6600E-03,+1.5141878E+00,+0.0E+00,-251.0458E-03,-12.0502E-03
-8.6500E-03,+1.4735286E+00,-65.4949E-03,-905.9952E-03,-9.4304E-03
-8.6400E-03,+1.5062761E+00,+0.0E+00,+231.1625E-03,-17.2468E-03
-8.6300E-03,+1.5088022E+00,+0.0E+00,+108.9430E-03,-9.2713E-03
-8.6200E-03,+1.5131124E+00,+0.0E+00,+281.6841E-03,-9.1273E-03
-8.6100E-03,+1.4746041E+00,-63.3441E-03,-215.0309E-03,-6.6946E-03
-8.6000E-03,+1.5397489E+00,+25.1944E-03,-502.9898E-03,-8.9549E-03
-8.5900E-03,+1.5062761E+00,-38.1497E-03,+36.9131E-03,-12.0502E-03
-8.5800E-03,+1.4785642E+00,+11.5218E-03,-251.0458E-03,-8.7248E-03
-8.5700E-03,+1.5339966E+00,+0.0E+00,-251.0458E-03,-8.7238E-03
-8.5600E-03,+1.5282357E+00,+23.0264E-03,+188.1459E-03,-10.6686E-03
-8.5500E-03,+1.5127709E+00,-66.9456E-03,-517.4965E-03,-10.4515E-03
-8.5400E-03,+1.4868597E+00,+0.0E+00,+324.7007E-03,-9.7472E-03
-8.5300E-03,+1.5318458E+00,+59.0425E-03,-841.4704E-03,-5.5137E-03
-8.5200E-03,+1.5062761E+00,+16.5911E-03,+418.4102E-03,-8.2052E-03
-8.5100E-03,+1.5152547E+00,+0.0E+00,-251.0458E-03,-11.6911E-03
-8.5000E-03,+1.5062761E+00,+59.7255E-03,+418.4102E-03,-12.1946E-03
-8.4900E-03,+1.5012491E+00,+0.0E+00,-251.0458E-03,-10.9124E-03
-8.4800E-03,+1.5199402E+00,+39.6175E-03,+22.2350E-03,-10.7113E-03
-8.4700E-03,+1.5285772E+00,+0.0E+00,-28.4580E-03,-11.1565E-03
-8.4600E-03,+1.5656178E+00,-61.8763E-03,-251.0458E-03,-11.9488E-03
-8.4500E-03,+1.4850081E+00,+0.0E+00,-128.9978E-03,-10.7113E-03
-8.4400E-03,+1.5062761E+00,-37.4667E-03,+123.6211E-03,-9.2126E-03
-8.4300E-03,+1.5264687E+00,+0.0E+00,+216.4844E-03,-9.6489E-03
-8.4200E-03,+1.5048169E+00,-2.9185E-03,+389.2255E-03,-14.5529E-03
-8.4100E-03,+1.4871589E+00,+0.0E+00,-251.0458E-03,-7.2688E-03
-8.4000E-03,+1.5220910E+00,-35.3159E-03,-604.2045E-03,-10.0050E-03
-8.3900E-03,+1.4908451E+00,+0.0E+00,-70.6283E-03,-11.3285E-03
-8.3800E-03,+1.5066599E+00,+767.6E-06,-912.8254E-03,-13.3277E-03
-8.3700E-03,+1.5145293E+00,+0.0E+00,-251.0458E-03,-9.0423E-03
-8.3600E-03,+1.5397489E+00,+0.0E+00,+80.6045E-03,-7.3579E-03
-8.3500E-03,+1.5238580E+00,-15.8909E-03,-761.5926E-03,-9.3724E-03
-8.3400E-03,+1.4734949E+00,+0.0E+00,-237.2140E-03,-8.2271E-03
-8.3300E-03,+1.5156048E+00,+0.0E+00,+231.8373E-03,-5.1362E-03
-8.3200E-03,+1.5732217E+00,+0.0E+00,-561.1879E-03,-10.0910E-03
-8.3100E-03,+1.4796734E+00,+0.0E+00,+281.0092E-03,-8.5831E-03
-8.3000E-03,+1.5379819E+00,+0.0E+00,-885.1618E-03,-6.9773E-03
-8.2900E-03,+1.5293449E+00,-46.1375E-03,-251.0458E-03,-8.0335E-03
-8.2800E-03,+1.4728033E+00,-38.0822E-03,-631.8681E-03,-11.6573E-03
-8.2700E-03,+1.5339543E+00,-55.3563E-03,-804.6092E-03,-8.9088E-03
-8.2600E-03,+1.5034337E+00,+61.2608E-03,-251.0458E-03,-12.0502E-03
-8.2500E-03,+1.4947966E+00,+0.0E+00,-251.0458E-03,-8.0335E-03
-8.2400E-03,+1.5397489E+00,+0.0E+00,-653.3764E-03,-10.4475E-03
-8.2300E-03,+1.4775225E+00,+57.5072E-03,-345.4303E-03,-9.3724E-03
-8.2200E-03,+1.4806390E+00,-59.1099E-03,-842.1452E-03,-12.0502E-03
-8.2100E-03,+1.4937212E+00,-41.8358E-03,-251.0458E-03,-9.2047E-03
-8.2000E-03,+1.5062761E+00,+42.3839E-03,-496.6631E-03,-10.2201E-03
-8.1900E-03,+1.5361051E+00,-59.6580E-03,-251.0458E-03,-16.6771E-03
-8.1800E-03,+1.5397489E+00,+56.9591E-03,-820.6370E-03,-6.1546E-03
-8.1700E-03,+1.5397489E+00,+0.0E+00,-251.0458E-03,-10.4628E-03
-8.1600E-03,+1.5062761E+00,+0.0E+00,-26.9369E-03,-12.0502E-03
-8.1500E-03,+1.5371805E+00,-5.1368E-03,+418.4102E-03,-12.2557E-03
-8.1400E-03,+1.5336803E+00,+0.0E+00,+297.0370E-03,-10.9540E-03
-8.1300E-03,+1.5062761E+00,+0.0E+00,-251.0458E-03,-11.7869E-03
-8.1200E-03,+1.4728033E+00,-20.2601E-03,-251.0458E-03,-11.1165E-03
-8.1100E-03,+1.5062761E+00,+0.0E+00,-221.1862E-03,-14.4892E-03
-8.1000E-03,+1.5062761E+00,+0.0E+00,-108.1643E-03,-11.4787E-03
-8.0900E-03,+1.4904950E+00,+0.0E+00,-251.0458E-03,-6.5417E-03
-8.0800E-03,+1.4972215E+00,+18.1092E-03,-739.4095E-03,-4.2364E-03
-8.0700E-03,+1.5058585E+00,+65.2753E-03,-242.6945E-03,-6.7948E-03
-8.0600E-03,+1.5315294E+00,+66.9456E-03,-756.1121E-03,-10.0062E-03
-8.0500E-03,+1.5397489E+00,-33.2325E-03,+86.0850E-03,-10.0274E-03
-8.0400E-03,+1.5397489E+00,+50.9872E-03,-251.0458E-03,-9.0532E-03
-8.0300E-03,+1.5062761E+00,+0.0E+00,+392.0963E-03,-13.3365E-03
-8.0200E-03,+1.4969812E+00,-48.3558E-03,-251.0458E-03,-8.4053E-03
-8.0100E-03,+1.5038850E+00,-31.0817E-03,+418.4102E-03,-6.0729E-03
-8.0000E-03,+1.4866109E+00,+13.8076E-03,+280.3344E-03,-10.2008E-03
-7.9900E-03,+1.5397489E+00,+0.0E+00,+383.7450E-03,-5.7023E-03
-7.9800E-03,+1.5062761E+00,+0.0E+00,+211.0039E-03,-6.9204E-03
-7.9700E-03,+1.5017342E+00,+0.0E+00,-251.0458E-03,-9.5541E-03
-7.9600E-03,+1.4786317E+00,-66.9456E-03,-134.4783E-03,-12.2234E-03
-7.9500E-03,+1.5062761E+00,-61.3283E-03,+362.2367E-03,-9.3724E-03
-7.9400E-03,+1.5503303E+00,-44.0541E-03,-251.0458E-03,-10.7459E-03
-7.9300E-03,+1.5397489E+00,+0.0E+00,+16.7546E-03,-10.1755E-03
-7.9200E-03,+1.5349960E+00,-47.9337E-03,+323.3510E-03,-12.8188E-03
-7.9100E-03,+1.5358648E+00,+0.0E+00,+340.7284E-03,-11.8948E-03
-7.9000E-03,+1.5147066E+00,+0.0E+00,-251.0458E-03,-11.5494E-03
-7.8900E-03,+1.4639597E+00,+0.0E+00,-251.0458E-03,-9.8650E-03
-7.8800E-03,+1.5025986E+00,+0.0E+00,-251.0458E-03,-6.0912E-03
-7.8700E-03,+1.5583432E+00,+0.0E+00,+319.2202E-03,-13.9345E-03
-7.8600E-03,+1.5397489E+00,+39.7525E-03,-251.0458E-03,-9.0797E-03
-7.8500E-03,+1.5285097E+00,-44.4672E-03,+193.6264E-03,-12.0502E-03
-7.8400E-03,+1.5062761E+00,+61.7413E-03,-199.0031E-03,-11.8420E-03
-7.8300E-03,+1.5062761E+00,-66.9456E-03,-130.3475E-03,-7.9015E-03
-7.8200E-03,+1.4833464E+00,-37.6017E-03,+42.3936E-03,-8.0335E-03
-7.8100E-03,+1.5194214E+00,-20.3276E-03,+418.4102E-03,-9.7789E-03
-7.8000E-03,+1.5078028E+00,-3.0534E-03,-251.0458E-03,-11.8059E-03
-7.7900E-03,+1.4799136E+00,+0.0E+00,+418.4102E-03,-13.3060E-03
-7.7800E-03,+1.4905287E+00,-31.4948E-03,+103.4625E-03,-10.1605E-03
-7.7700E-03,+1.4665956E+00,-18.1767E-03,-69.2786E-03,-11.0748E-03
-7.7600E-03,+1.5388463E+00,+0.0E+00,-251.0458E-03,-13.2808E-03
-7.7500E-03,+1.5315632E+00,+0.0E+00,-87.3309E-03,-6.3379E-03
-7.7400E-03,+1.4896261E+00,-33.6456E-03,-251.0458E-03,-11.3773E-03
-7.7300E-03,+1.5062761E+00,+0.0E+00,+97.8923E-03,-7.3356E-03
-7.7200E-03,+1.5391248E+00,+0.0E+00,-238.5637E-03,-4.1416E-03
-7.7100E-03,+1.5212266E+00,+0.0E+00,-550.0555E-03,-9.3724E-03
-7.7000E-03,+1.5241743E+00,+0.0E+00,-204.5733E-03,-12.2361E-03
-7.6900E-03,+1.4797408E+00,-13.8751E-03,+2.1581E-03,-6.6946E-03
-7.6800E-03,+1.5062761E+00,+0.0E+00,+418.4102E-03,-10.6433E-03
-7.6700E-03,+1.5294123E+00,-20.6731E-03,+418.4102E-03,-10.7113E-03
-7.6600E-03,+1.5207753E+00,+0.0E+00,+38.9377E-03,-10.7113E-03
-7.6500E-03,+1.5338868E+00,-55.2214E-03,+418.4102E-03,-11.9822E-03
-7.6400E-03,+1.5035012E+00,+0.0E+00,-306.5445E-03,-11.9392E-03
-7.6300E-03,+1.5176881E+00,-21.2977E-03,+190.1705E-03,-11.5937E-03
-7.6200E-03,+1.5263252E+00,-40.0981E-03,+149.9350E-03,-14.4630E-03
-7.6100E-03,+1.5062761E+00,-57.3722E-03,+418.4102E-03,-13.0062E-03
-7.6000E-03,+1.5358986E+00,+0.0E+00,-843.4949E-03,-8.0335E-03
-7.5900E-03,+1.5357595E+00,+0.0E+00,+168.6622E-03,-9.7123E-03
-7.5800E-03,+1.5062761E+00,-66.9456E-03,-498.0128E-03,-12.0502E-03
-7.5700E-03,+1.5360376E+00,+0.0E+00,-251.0458E-03,-8.6273E-03
-7.5600E-03,+1.5348232E+00,+0.0E+00,-349.5610E-03,-6.3408E-03
-7.5500E-03,+1.4927133E+00,+0.0E+00,-251.0458E-03,-11.2191E-03
-7.5400E-03,+1.5062761E+00,+22.5459E-03,+192.9516E-03,-12.0502E-03
-7.5300E-03,+1.5371130E+00,+61.6738E-03,-867.7843E-03,-12.1556E-03
-7.5200E-03,+1.4728033E+00,+54.9433E-03,-251.0458E-03,-8.8923E-03
-7.5100E-03,+1.5251107E+00,-29.2765E-03,+125.6457E-03,-9.7901E-03
-7.5000E-03,+1.5295514E+00,+0.0E+00,-251.0458E-03,-8.4414E-03
-7.4900E-03,+1.4743638E+00,+0.0E+00,-251.0458E-03,-9.6221E-03
-7.4800E-03,+1.4798799E+00,+0.0E+00,-251.0458E-03,-10.4282E-03
-7.4700E-03,+1.4728033E+00,+4.0910E-03,+104.1374E-03,-7.4049E-03
-7.4600E-03,+1.5153982E+00,-66.9456E-03,+418.4102E-03,-12.7800E-03
-7.4500E-03,+1.5067612E+00,+0.0E+00,+418.4102E-03,-9.4112E-03
-7.4400E-03,+1.5144281E+00,+0.0E+00,+255.3702E-03,-8.0681E-03
-7.4300E-03,+1.4894871E+00,+0.0E+00,+84.7353E-03,-8.7092E-03
-7.4200E-03,+1.4808500E+00,+0.0E+00,-90.1120E-03,-10.7627E-03
-7.4100E-03,+1.5062761E+00,+1.1807E-03,-262.8531E-03,-10.6405E-03
-7.4000E-03,+1.5305215E+00,-18.4548E-03,+233.8619E-03,-11.2179E-03
-7.3900E-03,+1.5241406E+00,+0.0E+00,-608.3352E-03,-10.7113E-03
-7.3800E-03,+1.5523079E+00,-53.0030E-03,-251.0458E-03,-8.0335E-03
-7.3700E-03,+1.4761349E+00,-66.9456E-03,+351.7792E-03,-8.2334E-03
-7.3600E-03,+1.5294461E+00,+0.0E+00,-44.9892E-03,-14.0064E-03
-7.3500E-03,+1.4873362E+00,+29.0658E-03,-251.0458E-03,-7.8572E-03
-7.3400E-03,+1.4511222E+00,+0.0E+00,-251.0458E-03,-11.1069E-03
-7.3300E-03,+1.5117585E+00,-66.9456E-03,-251.0458E-03,-13.1698E-03
-7.3200E-03,+1.4734652E+00,+0.0E+00,+418.4102E-03,-11.1664E-03
-7.3100E-03,+1.5197336E+00,-26.9150E-03,-251.0458E-03,-12.0502E-03
-7.3000E-03,+1.5301080E+00,+0.0E+00,-251.0458E-03,-11.8574E-03
-7.2900E-03,+1.4804365E+00,+0.0E+00,-174.7137E-03,-9.5250E-03
-7.2800E-03,+1.5148416E+00,-66.9456E-03,-251.0458E-03,-9.0613E-03
-7.2700E-03,+1.5521310E+00,+0.0E+00,-425.2183E-03,-9.3724E-03
-7.2600E-03,+1.5062761E+00,+0.0E+00,+418.4102E-03,-13.2393E-03
-7.2500E-03,+1.5397489E+00,-47.3775E-03,-251.0458E-03,-8.0335E-03
-7.2400E-03,+1.5062761E+00,-39.8875E-03,+19.5356E-03,-13.1325E-03
-7.2300E-03,+1.4841100E+00,+0.0E+00,-468.2348E-03,-14.7459E-03
-7.2200E-03,+1.5370793E+00,+0.0E+00,-304.4383E-03,-9.4792E-03
-7.2100E-03,+1.4847382E+00,-11.9349E-03,-251.0458E-03,-9.8498E-03
-7.2000E-03,+1.5208806E+00,+0.0E+00,+126.3205E-03,-10.4682E-03
-7.1900E-03,+1.4728033E+00,-20.4625E-03,+418.4102E-03,-9.7816E-03
-7.1800E-03,+1.5062761E+00,-66.9456E-03,-888.6177E-03,-11.6676E-03
-7.1700E-03,+1.5062761E+00,-66.9456E-03,-251.0458E-03,-12.8257E-03
-7.1600E-03,+1.5240690E+00,+0.0E+00,-564.6438E-03,-10.5423E-03
-7.1500E-03,+1.5062761E+00,+0.0E+00,+235.2933E-03,-12.4164E-03
-7.1400E-03,+1.5062761E+00,+0.0E+00,-240.6699E-03,-9.3724E-03
-7.1300E-03,+1.5316307E+00,-50.7091E-03,+418.4102E-03,-12.3749E-03
-7.1200E-03,+1.5063139E+00,+33.4350E-03,-251.0458E-03,-9.3709E-03
-7.1100E-03,+1.5397489E+00,+50.7847E-03,-920.5019E-03,-2.3086E-03
-7.1000E-03,+1.5062761E+00,+64.7191E-03,-239.9134E-03,-13.2333E-03
-7.0900E-03,+1.5305552E+00,+0.0E+00,+50.6633E-03,-9.3724E-03
-7.0800E-03,+1.4906340E+00,+0.0E+00,-563.8873E-03,-12.8510E-03
-7.0700E-03,+1.5327439E+00,+0.0E+00,-391.1462E-03,-11.4898E-03
-7.0600E-03,+1.5062761E+00,+0.0E+00,-283.6865E-03,-14.5975E-03
-7.0500E-03,+1.4933415E+00,+0.0E+00,-251.0458E-03,-10.3005E-03
-7.0400E-03,+1.5019366E+00,-29.1333E-03,+127.0770E-03,-14.2073E-03
-7.0300E-03,+1.5122057E+00,+11.8592E-03,-251.0458E-03,-10.2369E-03
-7.0200E-03,+1.5116910E+00,+61.5307E-03,-251.0458E-03,-13.8617E-03
-7.0100E-03,+1.5510934E+00,-44.2566E-03,-251.0458E-03,-10.6889E-03
-7.0000E-03,+1.5262577E+00,+26.9825E-03,+18.7791E-03,-8.5731E-03
-6.9900E-03,+1.5348947E+00,-57.2372E-03,-251.0458E-03,-12.0502E-03
-6.9800E-03,+1.5024933E+00,-59.3799E-03,-251.0458E-03,-8.1848E-03
-6.9700E-03,+1.5062761E+00,-66.9456E-03,-251.0458E-03,-9.8692E-03
-6.9600E-03,+1.5273331E+00,+0.0E+00,-2.7292E-03,-8.3791E-03
-6.9500E-03,+1.5359701E+00,-51.8305E-03,+418.4102E-03,-9.9770E-03
-6.9400E-03,+1.5446072E+00,+57.2291E-03,-153.8803E-03,-8.4221E-03
-6.9300E-03,+1.5062761E+00,+0.0E+00,+148.5036E-03,-8.3352E-03
-6.9200E-03,+1.5397489E+00,-44.2648E-03,-477.8542E-03,-7.6018E-03
-6.9100E-03,+1.5089795E+00,+5.4067E-03,+310.2756E-03,-8.4660E-03
-6.9000E-03,+1.4846707E+00,-55.0782E-03,-369.7196E-03,-7.0171E-03
-6.8900E-03,+1.5062761E+00,+0.0E+00,-251.0458E-03,-7.1041E-03
-6.8800E-03,+1.4960111E+00,-46.4156E-03,+418.4102E-03,-9.3724E-03
-6.8700E-03,+1.5062761E+00,-3.2559E-03,-251.0458E-03,-11.9851E-03
-6.8600E-03,+1.4868215E+00,-14.0182E-03,-251.0458E-03,-10.1506E-03
-6.8500E-03,+1.4728033E+00,-35.6533E-03,+105.4871E-03,-5.3556E-03
-6.8400E-03,+1.5213697E+00,+0.0E+00,-251.0458E-03,-13.1263E-03
-6.8300E-03,+1.5391964E+00,-65.8405E-03,-251.0458E-03,-8.0777E-03
-6.8200E-03,+1.5143606E+00,-50.7766E-03,+256.7199E-03,-11.3127E-03
-6.8100E-03,+1.5062761E+00,-66.9456E-03,+83.3856E-03,-13.3903E-03
-6.8000E-03,+1.5143903E+00,-50.7173E-03,-251.0458E-03,-10.0215E-03
-6.7900E-03,+1.5057532E+00,-1.0458E-03,+407.9527E-03,-10.6904E-03
-6.7800E-03,+1.5214291E+00,+48.6257E-03,-251.0458E-03,-16.6731E-03
-6.7700E-03,+1.5240731E+00,+35.5940E-03,-564.5622E-03,-9.9994E-03
-6.7600E-03,+1.5133149E+00,-14.0775E-03,+559.1855E-03,-9.9355E-03
-6.7500E-03,+1.5062761E+00,-3.1966E-03,-283.0116E-03,-9.3724E-03
-6.7400E-03,+1.4960408E+00,+0.0E+00,-251.0458E-03,-9.8925E-03
-6.7300E-03,+1.5251485E+00,+8.5440E-03,+126.4022E-03,-11.9788E-03
-6.7200E-03,+1.5122395E+00,+55.0189E-03,-131.7788E-03,-11.6654E-03
-6.7100E-03,+1.5089498E+00,-5.3474E-03,-920.5019E-03,-10.9252E-03
-6.7000E-03,+1.5284382E+00,-44.3241E-03,+418.4102E-03,-6.6946E-03
-6.6900E-03,+1.5262239E+00,+0.0E+00,+418.4102E-03,-7.7766E-03
-6.6800E-03,+1.5634458E+00,-9.7759E-03,-251.0458E-03,-7.2811E-03
-6.6700E-03,+1.5100252E+00,+0.0E+00,+343.4279E-03,-9.8223E-03
-6.6600E-03,+1.4938899E+00,-66.9456E-03,-251.0458E-03,-8.8769E-03
-6.6500E-03,+1.5062761E+00,+0.0E+00,-251.0458E-03,-10.0254E-03
-6.6400E-03,+1.5062761E+00,+0.0E+00,+342.1598E-03,-10.7113E-03
-6.6300E-03,+1.5349244E+00,+0.0E+00,-824.0112E-03,-9.9513E-03
-6.6200E-03,+1.5331993E+00,-26.9232E-03,+18.1859E-03,-12.5887E-03
-6.6100E-03,+1.4841775E+00,-44.1973E-03,-23.5626E-03,-11.1143E-03
-6.6000E-03,+1.5062761E+00,+0.0E+00,-196.3037E-03,-9.4819E-03
-6.5900E-03,+1.4787033E+00,-11.7999E-03,-133.0469E-03,-12.2862E-03
-6.5800E-03,+1.5062761E+00,-29.0740E-03,-251.0458E-03,-9.3724E-03
-6.5700E-03,+1.5294502E+00,+20.5975E-03,-457.0208E-03,-11.3294E-03
-6.5600E-03,+1.5397489E+00,+0.0E+00,-251.0458E-03,-10.5119E-03
-6.5500E-03,+1.5062761E+00,-52.9949E-03,+418.4102E-03,-13.8910E-03
-6.5400E-03,+1.5218885E+00,+31.2248E-03,-206.0864E-03,-11.4257E-03
-6.5300E-03,+1.4970528E+00,-18.4467E-03,-251.0458E-03,-7.2003E-03
-6.5200E-03,+1.5062761E+00,-1.1726E-03,+394.9591E-03,-17.2182E-03
-6.5100E-03,+1.5316981E+00,+50.8441E-03,-90.0303E-03,-12.7451E-03
-6.5000E-03,+1.5061790E+00,+194.3E-06,+82.7108E-03,-12.7177E-03
-6.4900E-03,+1.5144240E+00,-50.6498E-03,-414.0042E-03,-9.6983E-03
-6.4800E-03,+1.5062761E+00,-66.9456E-03,-251.0458E-03,-13.3304E-03
-6.4700E-03,+1.4819295E+00,-48.6932E-03,-737.9781E-03,-8.0335E-03
-6.4600E-03,+1.5397489E+00,-31.4191E-03,+418.4102E-03,-11.4218E-03
-6.4500E-03,+1.5397489E+00,+0.0E+00,-251.0458E-03,-12.6160E-03
-6.4400E-03,+1.5078407E+00,-66.9456E-03,-251.0458E-03,-13.1388E-03
-6.4300E-03,+1.5164777E+00,-20.4032E-03,-251.0458E-03,-6.6946E-03
-6.4200E-03,+1.5062761E+00,+37.6773E-03,-335.1360E-03,-10.8795E-03
-6.4100E-03,+1.5277547E+00,+0.0E+00,+298.4684E-03,-11.0907E-03
-6.4000E-03,+1.5089161E+00,-5.2799E-03,+418.4102E-03,-7.2226E-03
-6.3900E-03,+1.5171949E+00,+0.0E+00,+192.8699E-03,-9.3867E-03
-6.3800E-03,+1.5397489E+00,+0.0E+00,+147.2356E-03,-11.2536E-03
-6.3700E-03,+1.5397489E+00,-57.1022E-03,+418.4102E-03,-7.0883E-03
-6.3600E-03,+1.5620756E+00,+52.0841E-03,-251.0458E-03,-8.3307E-03
-6.3500E-03,+1.5273965E+00,+24.7049E-03,-3.9972E-03,-7.6828E-03
-6.3400E-03,+1.5062761E+00,+41.9790E-03,+168.7439E-03,-9.7126E-03
-6.3300E-03,+1.5359027E+00,-66.9456E-03,+341.4850E-03,-12.7737E-03
-6.3200E-03,+1.5014853E+00,-66.9456E-03,+322.5944E-03,-9.9473E-03
-6.3100E-03,+1.4728033E+00,-13.2342E-03,-251.0458E-03,-10.9837E-03
-6.3000E-03,+1.4956191E+00,-44.1298E-03,-37.9059E-03,-9.3724E-03
-6.2900E-03,+1.5732217E+00,-66.9456E-03,-251.0458E-03,-2.7887E-03
-6.2800E-03,+1.5062761E+00,+0.0E+00,-251.0458E-03,-10.7113E-03
-6.2700E-03,+1.4728033E+00,+0.0E+00,-541.1110E-03,-14.1479E-03
-6.2600E-03,+1.5397489E+00,+25.6156E-03,-251.0458E-03,-8.0335E-03
-6.2500E-03,+1.5380535E+00,-3.3909E-03,-886.5932E-03,-7.9657E-03
-6.2400E-03,+1.4866865E+00,-13.8832E-03,-112.2135E-03,-10.9396E-03
-6.2300E-03,+1.5062761E+00,+0.0E+00,+106.8368E-03,-9.5576E-03
-6.2200E-03,+1.4820604E+00,-66.9456E-03,+48.1272E-03,-10.8535E-03
-6.2100E-03,+1.5397489E+00,+0.0E+00,-908.1014E-03,-6.7442E-03
-6.2000E-03,+1.4982591E+00,-18.8434E-03,-411.3865E-03,-8.0335E-03
-6.1900E-03,+1.4896220E+00,+0.0E+00,-251.0458E-03,-9.3856E-03
-6.1800E-03,+1.5315673E+00,+16.3633E-03,-414.6791E-03,-10.3840E-03
-6.1700E-03,+1.5067315E+00,-66.0348E-03,-260.1537E-03,-8.0517E-03
-6.1600E-03,+1.4818958E+00,-48.7607E-03,-69.1969E-03,-10.7113E-03
-6.1500E-03,+1.5240056E+00,+0.0E+00,-290.7698E-03,-6.5357E-03
-6.1400E-03,+1.4799096E+00,+0.0E+00,-108.9208E-03,-12.3345E-03
-6.1300E-03,+1.5078069E+00,-3.0616E-03,+418.4102E-03,-10.5276E-03
-6.1200E-03,+1.4931390E+00,-20.3357E-03,-251.0458E-03,-9.3724E-03
-6.1100E-03,+1.5250810E+00,-29.3358E-03,-627.1441E-03,-9.7936E-03
-6.1000E-03,+1.4942144E+00,-79.0073E-03,+297.7935E-03,-9.9876E-03
-6.0900E-03,+1.5088823E+00,-5.2124E-03,-303.1702E-03,-6.9031E-03
-6.0800E-03,+1.5062761E+00,+0.0E+00,-26.1803E-03,-7.6043E-03
-6.0700E-03,+1.5125640E+00,+0.0E+00,-251.0458E-03,-8.8287E-03
-6.0600E-03,+1.5347935E+00,+0.0E+00,+418.4102E-03,-8.0335E-03
-6.0500E-03,+1.5360673E+00,-59.5823E-03,-251.0458E-03,-11.0058E-03
-6.0400E-03,+1.4851220E+00,-24.6374E-03,+418.4102E-03,-12.5430E-03
-6.0300E-03,+1.5147148E+00,-25.0341E-03,-704.6E-06,-6.5201E-03
-6.0200E-03,+1.5023961E+00,+0.0E+00,-251.0458E-03,-11.5846E-03
-6.0100E-03,+1.5349919E+00,+0.0E+00,-155.9049E-03,-9.5627E-03
-6.0000E-03,+1.5263548E+00,+26.7882E-03,-251.0458E-03,-11.2471E-03
-5.9900E-03,+1.5388968E+00,-44.0623E-03,-251.0458E-03,-9.3383E-03
-5.9800E-03,+1.4421351E+00,+0.0E+00,-251.0458E-03,-9.7089E-03
-5.9700E-03,+1.5397489E+00,-55.2807E-03,+418.4102E-03,-9.3724E-03
-5.9600E-03,+1.5062761E+00,+0.0E+00,+418.4102E-03,-11.2901E-03
-5.9500E-03,+1.5166423E+00,+20.7325E-03,-43.7212E-03,-9.7870E-03
-5.9400E-03,+1.5714925E+00,-3.4584E-03,-251.0458E-03,-11.7735E-03
-5.9300E-03,+1.4993682E+00,-66.9456E-03,-389.2033E-03,-7.4808E-03
-5.9200E-03,+1.4883482E+00,+35.8557E-03,-251.0458E-03,-9.9942E-03
-5.9100E-03,+1.4913849E+00,+0.0E+00,-251.0458E-03,-10.3397E-03
-5.9000E-03,+1.5712604E+00,+1.3075E-03,-251.0458E-03,-8.1119E-03
-5.8900E-03,+1.5062761E+00,+15.9666E-03,-760.8361E-03,-10.4536E-03
-5.8800E-03,+1.5397489E+00,+0.0E+00,-251.0458E-03,-9.3631E-03
-5.8700E-03,+1.5144915E+00,-50.5148E-03,+254.1021E-03,-6.6701E-03
-5.8600E-03,+1.4736466E+00,-66.1023E-03,+409.9773E-03,-4.1011E-03
-5.8500E-03,+1.5153348E+00,+0.0E+00,+237.2362E-03,-8.6477E-03
-5.8400E-03,+1.5555260E+00,+0.0E+00,-566.5867E-03,-7.3256E-03
-5.8300E-03,+1.5134161E+00,-14.2800E-03,+275.6104E-03,-7.8370E-03
-5.8200E-03,+1.5382519E+00,+60.9574E-03,-251.0458E-03,-6.8143E-03
-5.8100E-03,+1.5062761E+00,-46.6774E-03,-48.3635E-03,-7.9107E-03
-5.8000E-03,+1.4728033E+00,+8.1391E-03,+124.3776E-03,-7.8707E-03
-5.7900E-03,+1.5550280E+00,-12.1292E-03,+297.1187E-03,-9.6150E-03
-5.7800E-03,+1.5371764E+00,-5.1450E-03,-199.5963E-03,-10.9171E-03
-5.7700E-03,+1.5062761E+00,+0.0E+00,+194.2196E-03,-13.3767E-03
-5.7600E-03,+1.5062761E+00,+0.0E+00,+418.4102E-03,-11.2563E-03
-5.7500E-03,+1.5012869E+00,-66.9456E-03,-151.2626E-03,-13.5306E-03
-5.7400E-03,+1.5361010E+00,+59.6498E-03,+941.9507E-03,-11.3206E-03
-5.7300E-03,+1.5185611E+00,-84.7514E-03,-5.3469E-03,-9.3724E-03
-5.7200E-03,+1.5062761E+00,-41.8440E-03,-418.4697E-03,-9.5396E-03
-5.7100E-03,+1.5397489E+00,-59.1181E-03,-251.0458E-03,-14.4149E-03
-5.7000E-03,+1.5350256E+00,+0.0E+00,+323.9441E-03,-10.5224E-03
-5.6900E-03,+1.5263886E+00,+0.0E+00,-251.0458E-03,-11.5215E-03
-5.6800E-03,+1.4842787E+00,+0.0E+00,-690.9941E-03,-11.0940E-03
-5.6700E-03,+1.5397489E+00,-61.2689E-03,+974.3329E-03,-9.0318E-03
-5.6600E-03,+1.5281515E+00,-55.3482E-03,+302.4359E-03,-10.7113E-03
-5.6500E-03,+1.5062761E+00,+0.0E+00,-251.0458E-03,-16.2510E-03
-5.6400E-03,+1.5062761E+00,+0.0E+00,-251.0458E-03,-12.0502E-03
-5.6300E-03,+1.4745662E+00,+0.0E+00,-215.7874E-03,-11.9797E-03
-5.6200E-03,+1.5328748E+00,+0.0E+00,-251.0458E-03,-11.2253E-03
-5.6100E-03,+1.5552601E+00,+0.0E+00,-251.0458E-03,-8.7519E-03
-5.6000E-03,+1.5304244E+00,+0.0E+00,+231.9190E-03,-7.5935E-03
-5.5900E-03,+1.5718467E+00,+0.0E+00,-251.0458E-03,-8.1160E-03
-5.5800E-03,+1.4983266E+00,+51.0465E-03,-602.5200E-03,-9.7574E-03
-5.5700E-03,+1.5231623E+00,-66.9456E-03,+418.4102E-03,-10.0478E-03
-5.5600E-03,+1.4980270E+00,-16.4983E-03,+418.4102E-03,-10.3813E-03
-5.5500E-03,+1.4735791E+00,+775.8E-06,-251.0458E-03,-10.7113E-03
-5.5400E-03,+1.5153011E+00,-66.9456E-03,+418.4102E-03,-11.0723E-03
-5.5300E-03,+1.4904653E+00,-35.3240E-03,-214.0213E-03,-7.4751E-03
-5.5200E-03,+1.5134498E+00,-52.5981E-03,-251.0458E-03,-9.0854E-03
-5.5100E-03,+1.5397489E+00,+0.0E+00,-251.0458E-03,-9.2553E-03
-5.5000E-03,+1.5264769E+00,+0.0E+00,+216.4028E-03,-9.7764E-03
-5.4900E-03,+1.5210115E+00,+0.0E+00,-251.0458E-03,-11.0315E-03
-5.4800E-03,+1.5123744E+00,-54.7490E-03,-251.0458E-03,-7.9142E-03
-5.4700E-03,+1.5372102E+00,+0.0E+00,-301.8205E-03,-8.2366E-03
-5.4600E-03,+1.4728033E+00,+0.0E+00,+194.8945E-03,-8.4827E-03
-5.4500E-03,+1.5062761E+00,+66.9456E-03,-647.3027E-03,-9.8646E-03
-5.4400E-03,+1.4594221E+00,+10.0458E-03,-251.0458E-03,-10.5104E-03
-5.4300E-03,+1.5062761E+00,-7.2283E-03,-178.7629E-03,-9.0833E-03
-5.4200E-03,+1.4760841E+00,-24.5024E-03,-675.4778E-03,-10.3525E-03
-5.4100E-03,+1.5062761E+00,+25.1691E-03,-84.9716E-03,-12.0502E-03
-5.4000E-03,+1.5397489E+00,-66.9456E-03,+339.4604E-03,-9.6882E-03
-5.3900E-03,+1.4728033E+00,-9.3791E-03,-826.7106E-03,-8.4086E-03
-5.3800E-03,+1.5264223E+00,+0.0E+00,+821.3340E-03,-12.5958E-03
-5.3700E-03,+1.4958216E+00,+0.0E+00,-481.2285E-03,-6.7789E-03
-5.3600E-03,+1.5397489E+00,+0.0E+00,-251.0458E-03,-11.0559E-03
-5.3500E-03,+1.4508605E+00,-55.4157E-03,-251.0458E-03,-10.7113E-03
-5.3400E-03,+1.5350802E+00,-9.3375E-03,+36.9948E-03,-8.0335E-03
-5.3300E-03,+1.5293152E+00,+0.0E+00,+209.7359E-03,-5.3556E-03
-5.3200E-03,+1.5397489E+00,-63.3523E-03,-251.0458E-03,-6.6946E-03
-5.3100E-03,+1.4925953E+00,+13.6808E-03,-783.6941E-03,-5.1112E-03
-5.3000E-03,+1.5552264E+00,-66.9456E-03,-560.5947E-03,-10.1929E-03
-5.2900E-03,+1.5156344E+00,-48.2290E-03,-251.0458E-03,-8.7821E-03
-5.2800E-03,+1.5055549E+00,-65.5031E-03,-236.6208E-03,-8.0912E-03
-5.2700E-03,+1.5141919E+00,+0.0E+00,-251.0458E-03,-7.9611E-03
-5.2600E-03,+1.5062761E+00,+0.0E+00,-589.4447E-03,-7.3567E-03
-5.2500E-03,+1.5062761E+00,-50.3798E-03,+252.7524E-03,-9.3860E-03
-5.2400E-03,+1.4731575E+00,+66.2373E-03,-258.1291E-03,-12.0219E-03
-5.2300E-03,+1.5062761E+00,-66.9456E-03,+238.5859E-03,-10.4513E-03
-5.2200E-03,+1.5221206E+00,+31.6891E-03,+65.8448E-03,-10.0775E-03
-5.2100E-03,+1.5660142E+00,+14.4150E-03,-251.0458E-03,-7.4569E-03
-5.2000E-03,+1.5383193E+00,+0.0E+00,-279.6374E-03,-10.7113E-03
-5.1900E-03,+1.5163427E+00,-20.1333E-03,+217.0776E-03,-9.7751E-03
-5.1800E-03,+1.5249798E+00,+0.0E+00,+44.3365E-03,-10.9873E-03
-5.1700E-03,+1.5274848E+00,+0.0E+00,+295.7690E-03,-11.5596E-03
-5.1600E-03,+1.5372439E+00,+0.0E+00,+368.3104E-03,-9.2722E-03
-5.1500E-03,+1.5174648E+00,-22.3774E-03,-697.6610E-03,-12.0483E-03
-5.1400E-03,+1.5321406E+00,+0.0E+00,-251.0458E-03,-9.9201E-03
-5.1300E-03,+1.5062761E+00,+0.0E+00,-251.0458E-03,-9.7769E-03
-5.1200E-03,+1.5062761E+00,+0.0E+00,+346.8021E-03,-8.0335E-03
-5.1100E-03,+1.5275315E+00,+0.0E+00,-676.1527E-03,-12.7732E-03
-5.1000E-03,+1.5188944E+00,-25.2366E-03,+418.4102E-03,-13.7186E-03
-5.0900E-03,+1.5102573E+00,+0.0E+00,+418.4102E-03,-9.6909E-03
-5.0800E-03,+1.4821149E+00,+0.0E+00,+325.2939E-03,-14.5418E-03
-5.0700E-03,+1.5195690E+00,+40.3599E-03,+14.8116E-03,-10.1603E-03
-5.0600E-03,+1.4947332E+00,+0.0E+00,-251.0458E-03,-11.1730E-03
-5.0500E-03,+1.5091819E+00,-66.9456E-03,-251.0458E-03,-9.3724E-03
-5.0400E-03,+1.5340177E+00,-44.0207E-03,-251.0458E-03,-4.2826E-03
-5.0300E-03,+1.4919078E+00,+0.0E+00,+131.0445E-03,-12.4291E-03
-5.0200E-03,+1.4832708E+00,-20.9349E-03,-41.6966E-03,-8.9537E-03
-5.0100E-03,+1.5081065E+00,+0.0E+00,-251.0458E-03,-9.2992E-03
-5.0000E-03,+1.5528018E+00,-13.6133E-03,+282.2773E-03,-5.6503E-03
-4.9900E-03,+1.4908324E+00,+0.0E+00,+57.8282E-03,-7.3123E-03
-4.9800E-03,+1.5303569E+00,+0.0E+00,-732.6609E-03,-11.6745E-03
-4.9700E-03,+1.5382389E+00,+0.0E+00,-251.0458E-03,-14.6676E-03
-4.9600E-03,+1.5141582E+00,-66.9456E-03,-251.0458E-03,-11.3419E-03
-4.9500E-03,+1.5062761E+00,+33.9074E-03,-251.0458E-03,-8.7116E-03
-4.9400E-03,+1.5397489E+00,-66.9456E-03,+85.7449E-03,-14.0710E-03
-4.9300E-03,+1.5065965E+00,-66.9456E-03,-244.6374E-03,-8.0591E-03
-4.9200E-03,+1.5062761E+00,+17.9149E-03,-430.1953E-03,-7.1471E-03
-4.9100E-03,+1.5238706E+00,-35.1891E-03,+100.8448E-03,-10.0762E-03
-4.9000E-03,+1.5469901E+00,+0.0E+00,-251.0458E-03,-8.7931E-03
-4.8900E-03,+1.5383531E+00,+0.0E+00,-278.9625E-03,-9.4841E-03
-4.8800E-03,+1.5531559E+00,+0.0E+00,-50.3880E-03,-12.5865E-03
-4.8700E-03,+1.4914733E+00,+37.3399E-03,-624.4447E-03,-12.3596E-03
-4.8600E-03,+1.4728033E+00,-66.9456E-03,-251.0458E-03,-10.3589E-03
-4.8500E-03,+1.4777458E+00,+0.0E+00,-251.0458E-03,-10.5136E-03
-4.8400E-03,+1.5286406E+00,-44.7290E-03,-473.2119E-03,-9.8226E-03
-4.8300E-03,+1.5062761E+00,+27.4549E-03,-920.5019E-03,-11.0197E-03
-4.8200E-03,+1.5397489E+00,+0.0E+00,-251.0458E-03,-10.3041E-03
-4.8100E-03,+1.5362023E+00,+59.8523E-03,-251.0458E-03,-7.4039E-03
-4.8000E-03,+1.5062761E+00,+0.0E+00,+418.4102E-03,-10.2239E-03
-4.7900E-03,+1.5397489E+00,-25.3041E-03,+418.4102E-03,-14.0745E-03
-4.7800E-03,+1.5317190E+00,-58.9156E-03,-840.2023E-03,-4.4985E-03
-4.7700E-03,+1.5062761E+00,+0.0E+00,-251.0458E-03,-11.3107E-03
-4.7600E-03,+1.4930170E+00,+40.4273E-03,+14.1368E-03,-8.5898E-03
-4.7500E-03,+1.5062761E+00,-23.1532E-03,-688.9695E-03,-7.2079E-03
-4.7400E-03,+1.5338698E+00,+0.0E+00,+418.4102E-03,-10.7113E-03
-4.7300E-03,+1.4785008E+00,-55.5506E-03,-251.0458E-03,-7.5777E-03
-4.7200E-03,+1.5206107E+00,+38.2765E-03,+35.6451E-03,-8.2226E-03
-4.7100E-03,+1.4938057E+00,+21.0024E-03,-251.0458E-03,-7.5347E-03
-4.7000E-03,+1.5081403E+00,+0.0E+00,-213.7628E-03,-6.8437E-03
-4.6900E-03,+1.5262031E+00,-53.3998E-03,-386.5039E-03,-11.2531E-03
-4.6800E-03,+1.5216861E+00,+0.0E+00,+57.1534E-03,-10.8174E-03
-4.6700E-03,+1.4916549E+00,+48.0940E-03,-251.0458E-03,-10.3343E-03
-4.6600E-03,+1.5070648E+00,+0.0E+00,-266.8205E-03,-11.9240E-03
-4.6500E-03,+1.4984278E+00,+51.2490E-03,-251.0458E-03,-10.3142E-03
-4.6400E-03,+1.5222594E+00,-66.9456E-03,-251.0458E-03,-11.3305E-03
-4.6300E-03,+1.5062761E+00,-66.9456E-03,-251.0458E-03,-7.6995E-03
-4.6200E-03,+1.4728033E+00,-66.3722E-03,-251.0458E-03,-9.4068E-03
-4.6100E-03,+1.4906508E+00,-49.0981E-03,+418.4102E-03,-8.1224E-03
-4.6000E-03,+1.5079249E+00,+3.2975E-03,-251.0458E-03,-7.3310E-03
-4.5900E-03,+1.5062761E+00,+0.0E+00,+418.4102E-03,-10.5952E-03
-4.5800E-03,+1.4755275E+00,+64.2214E-03,-251.0458E-03,-11.8868E-03
-4.5700E-03,+1.5162753E+00,-19.9983E-03,-720.5190E-03,-7.4945E-03
-4.5600E-03,+1.5397489E+00,-37.2724E-03,-251.0458E-03,-8.7644E-03
-4.5500E-03,+1.5335494E+00,+0.0E+00,-251.0458E-03,-9.9674E-03
-4.5400E-03,+1.5087136E+00,+62.0706E-03,-251.0458E-03,-8.0335E-03
-4.5300E-03,+1.4952016E+00,-22.1491E-03,-699.0107E-03,-8.9294E-03
-4.5200E-03,+1.5259877E+00,-27.5224E-03,-132.0373E-03,-8.5839E-03
-4.5100E-03,+1.5629734E+00,+0.0E+00,-148.5631E-03,-10.7113E-03
-4.5000E-03,+1.4798291E+00,-66.9456E-03,+348.1518E-03,-11.7692E-03
-4.4900E-03,+1.5062761E+00,+0.0E+00,-251.0458E-03,-10.2253E-03
-4.4800E-03,+1.5062761E+00,-25.3715E-03,-89.0207E-03,-9.3724E-03
-4.4700E-03,+1.5022274E+00,+58.8482E-03,-251.0458E-03,-7.0185E-03
-4.4600E-03,+1.4773916E+00,+0.0E+00,-251.0458E-03,-8.4005E-03
-4.4500E-03,+1.4728033E+00,-40.4948E-03,-251.0458E-03,-8.8106E-03
-4.4400E-03,+1.5281386E+00,-20.5042E-03,-456.0875E-03,-7.6234E-03
-4.4300E-03,+1.5062761E+00,-5.9466E-03,-310.5120E-03,-13.0323E-03
-4.4200E-03,+1.5340852E+00,+0.0E+00,-251.0458E-03,-4.4698E-03
-4.4100E-03,+1.5205769E+00,+0.0E+00,-153.6218E-03,-9.1775E-03
-4.4000E-03,+1.5292140E+00,-21.0699E-03,-461.7448E-03,-13.4638E-03
-4.3900E-03,+1.4784970E+00,+0.0E+00,-251.0458E-03,-10.5595E-03
-4.3800E-03,+1.5330098E+00,-66.9456E-03,+283.6270E-03,-6.7035E-03
-4.3700E-03,+1.5243727E+00,+0.0E+00,-251.0458E-03,-14.3306E-03
-4.3600E-03,+1.5062761E+00,-66.9456E-03,-251.0458E-03,-9.7508E-03
-4.3500E-03,+1.5381040E+00,+0.0E+00,+401.9607E-03,-9.4053E-03
-4.3400E-03,+1.5397489E+00,-15.6292E-03,-764.2104E-03,-11.8262E-03
-4.3300E-03,+1.5227277E+00,+0.0E+00,-251.0458E-03,-10.6885E-03
-4.3200E-03,+1.5313648E+00,-66.9456E-03,+250.7279E-03,-7.3627E-03
-4.3100E-03,+1.5727158E+00,-505.9E-06,-256.1045E-03,-11.9996E-03
-4.3000E-03,+1.5397489E+00,-49.1656E-03,+240.6104E-03,-12.0502E-03
-4.2900E-03,+1.5238032E+00,+35.0541E-03,-601.5867E-03,-10.7745E-03
-4.2800E-03,+1.5062761E+00,-14.6174E-03,+795.5181E-03,-11.4655E-03
-4.2700E-03,+1.5370922E+00,+2.6567E-03,-224.4788E-03,-10.7644E-03
-4.2600E-03,+1.5632563E+00,+0.0E+00,-51.7378E-03,-11.9377E-03
-4.2500E-03,+1.5248786E+00,+0.0E+00,+493.0525E-03,-14.4295E-03
-4.2400E-03,+1.5335156E+00,+0.0E+00,+169.0786E-03,-7.1932E-03
-4.2300E-03,+1.5421527E+00,+0.0E+00,-299.1211E-03,-9.6608E-03
-4.2200E-03,+1.5287081E+00,+0.0E+00,-471.8622E-03,-8.4611E-03
-4.2100E-03,+1.4865982E+00,+0.0E+00,-526.9445E-03,-7.7982E-03
-4.2000E-03,+1.5062761E+00,+0.0E+00,+418.4102E-03,-5.9746E-03
-4.1900E-03,+1.5132345E+00,-6.9584E-03,+348.8267E-03,-9.3724E-03
-4.1800E-03,+1.5397489E+00,+0.0E+00,-493.3705E-03,-10.3417E-03
-4.1700E-03,+1.5143099E+00,+0.0E+00,+3.3445E-03,-12.5590E-03
-4.1600E-03,+1.5062761E+00,-8.1649E-03,+336.7610E-03,-5.8455E-03
-4.1500E-03,+1.5062761E+00,+0.0E+00,-342.1376E-03,-9.5546E-03
-4.1400E-03,+1.5397489E+00,+0.0E+00,+12.7871E-03,-8.8052E-03
-4.1300E-03,+1.5848658E+00,-20.3692E-03,-18.1638E-03,-6.6362E-03
-4.1200E-03,+1.5062761E+00,+0.0E+00,-311.1868E-03,-8.3943E-03
-4.1100E-03,+1.5006461E+00,+0.0E+00,+418.4102E-03,-10.0480E-03
-4.1000E-03,+1.4728033E+00,+0.0E+00,+34.2954E-03,-9.7455E-03
-4.0900E-03,+1.5503176E+00,-45.8082E-03,+207.0365E-03,-10.2885E-03
-4.0800E-03,+1.4728033E+00,+0.0E+00,-251.0458E-03,-14.3417E-03
-4.0700E-03,+1.5330435E+00,+0.0E+00,-786.3935E-03,-9.1042E-03
-4.0600E-03,+1.5244064E+00,+0.0E+00,+111.5608E-03,-11.7157E-03
-4.0500E-03,+1.4728033E+00,-47.9591E-03,-251.0458E-03,-11.6705E-03
-4.0400E-03,+1.5406051E+00,+0.0E+00,-920.5019E-03,-6.6603E-03
-4.0300E-03,+1.5062761E+00,-15.5617E-03,-562.2791E-03,-11.3338E-03
-4.0200E-03,+1.5397489E+00,+66.9456E-03,-251.0458E-03,-13.4146E-03
-4.0100E-03,+1.5146940E+00,-16.8357E-03,+250.0530E-03,-5.0348E-03
-4.0000E-03,+1.4730225E+00,-66.5072E-03,-246.6620E-03,-12.0151E-03
-3.9900E-03,+1.5220364E+00,+0.0E+00,+418.4102E-03,-9.0181E-03
-3.9800E-03,+1.5062761E+00,-34.9866E-03,+98.8202E-03,-12.1713E-03
-3.9700E-03,+1.4801458E+00,-14.6849E-03,-104.1969E-03,-8.3272E-03
-3.9600E-03,+1.5049815E+00,-2.5892E-03,-225.1537E-03,-6.6428E-03
-3.9500E-03,+1.5298173E+00,+0.0E+00,-920.5019E-03,-11.1086E-03
-3.9400E-03,+1.5062761E+00,+29.8082E-03,-622.4201E-03,-11.1609E-03
-3.9300E-03,+1.5062761E+00,-54.4115E-03,+293.0696E-03,-9.3724E-03
-3.9200E-03,+1.4751733E+00,-57.4655E-03,-873.1015E-03,-9.5620E-03
-3.9100E-03,+1.5062761E+00,+0.0E+00,-251.0458E-03,-7.5751E-03
-3.9000E-03,+1.5201048E+00,-39.2883E-03,+418.4102E-03,-11.9623E-03
-3.8900E-03,+1.5680301E+00,-56.5624E-03,-147.2134E-03,-9.1647E-03
-3.8800E-03,+1.4427759E+00,+0.0E+00,-113.2284E-03,-9.7858E-03
-3.8700E-03,+1.5183586E+00,+0.0E+00,-251.0458E-03,-10.3390E-03
-3.8600E-03,+1.5269957E+00,-25.5065E-03,-251.0458E-03,-8.6708E-03
-3.8500E-03,+1.5103923E+00,+0.0E+00,+336.0861E-03,-5.8496E-03
-3.8400E-03,+1.5107970E+00,+0.0E+00,+327.9933E-03,-6.6946E-03
-3.8300E-03,+1.4859612E+00,+0.0E+00,-251.0458E-03,-8.3198E-03
-3.8200E-03,+1.5179540E+00,+0.0E+00,-484.6027E-03,-8.9053E-03
-3.8100E-03,+1.5336673E+00,-6.0816E-03,+357.5944E-03,-13.1459E-03
-3.8000E-03,+1.4783996E+00,+0.0E+00,+418.4102E-03,-12.0502E-03
-3.7900E-03,+1.5062761E+00,+0.0E+00,+418.4102E-03,-10.3108E-03
-3.7800E-03,+1.5185441E+00,+45.7407E-03,+206.3616E-03,-13.8798E-03
-3.7700E-03,+1.4767341E+00,+0.0E+00,-251.0458E-03,-8.0335E-03
-3.7600E-03,+1.5129478E+00,-53.6023E-03,+284.9767E-03,-12.0502E-03
-3.7500E-03,+1.4881120E+00,+0.0E+00,-251.0458E-03,-11.3236E-03
-3.7400E-03,+1.5253301E+00,+0.0E+00,-441.5862E-03,-13.5745E-03
-3.7300E-03,+1.5071661E+00,+0.0E+00,-884.9033E-03,-12.0146E-03
-3.7200E-03,+1.5397489E+00,-15.4942E-03,-970.1907E-03,-5.9754E-03
-3.7100E-03,+1.5233648E+00,-34.1773E-03,-578.7287E-03,-8.0335E-03
-3.7000E-03,+1.4477821E+00,-66.9456E-03,-82.0137E-03,-14.4033E-03
-3.6900E-03,+1.5060907E+00,+0.0E+00,+414.7012E-03,-6.7317E-03
-3.6800E-03,+1.5062761E+00,+0.0E+00,-74.5957E-03,-9.7253E-03
-3.6700E-03,+1.5048298E+00,-32.0265E-03,-279.9721E-03,-9.2567E-03
-3.6600E-03,+1.5136523E+00,+52.1932E-03,-103.5220E-03,-6.6946E-03
-3.6500E-03,+1.5075370E+00,+0.0E+00,-251.0458E-03,-6.6946E-03
-3.6400E-03,+1.4827012E+00,+47.1498E-03,-251.0458E-03,-7.7311E-03
-3.6300E-03,+1.5098733E+00,-29.8757E-03,-322.9887E-03,-9.0846E-03
-3.6200E-03,+1.5062761E+00,+0.0E+00,-1.0465174E+00,-12.8851E-03
-3.6100E-03,+1.5086124E+00,+4.6726E-03,-827.0508E-03,-9.7462E-03
-3.6000E-03,+1.5062761E+00,+0.0E+00,+198.9436E-03,-8.9335E-03
-3.5900E-03,+1.5340009E+00,-39.2208E-03,-251.0458E-03,-10.4814E-03
-3.5800E-03,+1.4832540E+00,+56.4949E-03,-251.0458E-03,-17.1968E-03
-3.5700E-03,+1.5397489E+00,+0.0E+00,-251.0458E-03,-16.2034E-03
-3.5600E-03,+1.4942274E+00,+0.0E+00,-251.0458E-03,-16.9239E-03
-3.5500E-03,+1.5062761E+00,+66.9456E-03,-251.0458E-03,-17.8422E-03
-3.5400E-03,+1.5062761E+00,+0.0E+00,+335.4113E-03,-18.4128E-03
-3.5300E-03,+1.4393305E+00,+0.0E+00,-161.3037E-03,-15.4460E-03
-3.5200E-03,+1.4800278E+00,+40.6973E-03,-251.0458E-03,-18.6918E-03
-3.5100E-03,+1.4845149E+00,+0.0E+00,-16.8140E-03,-16.6019E-03
-3.5000E-03,+1.4697288E+00,+6.1491E-03,+295.4289E-03,-25.3163E-03
-3.4900E-03,+1.4728033E+00,-55.8206E-03,-251.0458E-03,-22.7615E-03
-3.4800E-03,+1.4586037E+00,-38.5465E-03,-251.0458E-03,-21.6255E-03
-3.4700E-03,+1.4728033E+00,+0.0E+00,-251.0458E-03,-20.6343E-03
-3.4600E-03,+1.4728033E+00,-129.8930E-03,-211.0634E-03,-26.5383E-03
-3.4500E-03,+1.4459684E+00,+0.0E+00,-251.0458E-03,-22.7615E-03
-3.4400E-03,+1.4546055E+00,-36.3956E-03,-556.5456E-03,-22.8784E-03
-3.4300E-03,+1.4488913E+00,-47.8241E-03,-59.8306E-03,-22.5699E-03
-3.4200E-03,+1.4737270E+00,+0.0E+00,-232.5717E-03,-24.2113E-03
-3.4100E-03,+1.4316172E+00,+51.5189E-03,+264.1433E-03,-24.1004E-03
-3.4000E-03,+1.4564529E+00,+0.0E+00,+91.4022E-03,-24.7236E-03
-3.3900E-03,+1.4393305E+00,-16.9707E-03,-251.0458E-03,-25.7600E-03
-3.3800E-03,+1.4390271E+00,-66.6422E-03,-251.0458E-03,-20.0837E-03
-3.3700E-03,+1.4234352E+00,-49.3681E-03,-251.0458E-03,-28.4687E-03
-3.3600E-03,+1.4407093E+00,+0.0E+00,-599.5621E-03,-24.8526E-03
-3.3500E-03,+1.4393305E+00,+0.0E+00,+270.2116E-03,-31.8375E-03
-3.3400E-03,+1.4058577E+00,-66.9456E-03,-251.0458E-03,-26.8273E-03
-3.3300E-03,+1.4058577E+00,-19.7284E-03,-448.3293E-03,-31.0343E-03
-3.3200E-03,+1.4393305E+00,-37.0025E-03,-180.4527E-03,-29.4561E-03
-3.3100E-03,+1.4456650E+00,+54.2766E-03,+291.7199E-03,-30.8670E-03
-3.3000E-03,+1.4370280E+00,-62.3405E-03,+995.7649E-03,-25.4393E-03
-3.2900E-03,+1.4509241E+00,+0.0E+00,-251.0458E-03,-29.8675E-03
-3.2800E-03,+1.4058577E+00,+66.9456E-03,-528.9690E-03,-27.7885E-03
-3.2700E-03,+1.4058577E+00,-10.5182E-03,-145.8637E-03,-25.8601E-03
-3.2600E-03,+1.4024798E+00,+0.0E+00,+418.4102E-03,-29.5912E-03
-3.2500E-03,+1.4178727E+00,-24.0300E-03,-680.2018E-03,-32.6145E-03
-3.2400E-03,+1.4058577E+00,+0.0E+00,-664.0870E-03,-30.5954E-03
-3.2300E-03,+1.4267794E+00,-58.5782E-03,+334.7364E-03,-34.3097E-03
-3.2200E-03,+1.3768383E+00,+0.0E+00,-251.0458E-03,-31.5995E-03
-3.2100E-03,+1.4524209E+00,-66.9456E-03,+272.5709E-03,-30.2714E-03
-3.2000E-03,+1.4176030E+00,-43.4549E-03,-450.6886E-03,-34.4124E-03
-3.1900E-03,+1.3420204E+00,-6.2166E-03,-188.8803E-03,-26.4340E-03
-3.1800E-03,+1.3834425E+00,-11.0576E-03,+418.4102E-03,-29.6772E-03
-3.1700E-03,+1.4251647E+00,-28.3317E-03,+135.0936E-03,-30.6396E-03
-3.1600E-03,+1.4179907E+00,-24.2659E-03,+418.4102E-03,-32.9875E-03
-3.1500E-03,+1.3703520E+00,-62.8799E-03,-251.0458E-03,-29.5374E-03
-3.1400E-03,+1.3521205E+00,+13.2084E-03,-118.9620E-03,-32.1339E-03
-3.1300E-03,+1.3571437E+00,-36.4631E-03,+418.4102E-03,-27.3879E-03
-3.1200E-03,+1.3723849E+00,+0.0E+00,-251.0458E-03,-34.6155E-03
-3.1100E-03,+1.3714275E+00,+65.0307E-03,-251.0458E-03,-30.7950E-03
-3.1000E-03,+1.3723849E+00,-51.5864E-03,-97.4537E-03,-30.3776E-03
-3.0900E-03,+1.4050182E+00,-66.9456E-03,-577.3790E-03,-32.1675E-03
-3.0800E-03,+1.3389121E+00,+0.0E+00,-80.6640E-03,-29.1636E-03
-3.0700E-03,+1.3723849E+00,+0.0E+00,+418.4102E-03,-30.7997E-03
-3.0600E-03,+1.3476671E+00,+0.0E+00,+243.3099E-03,-35.1000E-03
-3.0500E-03,+1.3723849E+00,-34.7841E-03,-251.0458E-03,-30.7950E-03
-3.0400E-03,+1.3723849E+00,+0.0E+00,-771.6284E-03,-32.4316E-03
-3.0300E-03,+1.3711915E+00,+0.0E+00,-251.0458E-03,-33.4251E-03
-3.0200E-03,+1.3625545E+00,+0.0E+00,+25.1929E-03,-30.6357E-03
-3.0100E-03,+1.3723849E+00,-36.9350E-03,+418.4102E-03,-30.9335E-03
-3.0000E-03,+1.3994894E+00,-12.7365E-03,-123.6806E-03,-27.8624E-03
-2.9900E-03,+1.3434497E+00,-62.4080E-03,+373.0344E-03,-34.5395E-03
-2.9800E-03,+1.3389121E+00,+0.0E+00,-484.2680E-03,-28.5836E-03
-2.9700E-03,+1.3919278E+00,+0.0E+00,+139.8122E-03,-36.1506E-03
-2.9600E-03,+1.3899792E+00,-45.7742E-03,-251.0458E-03,-30.7950E-03
-2.9500E-03,+1.3991693E+00,-60.2572E-03,-251.0458E-03,-34.4104E-03
-2.9400E-03,+1.3389121E+00,+0.0E+00,-251.0458E-03,-33.1912E-03
-2.9300E-03,+1.3389121E+00,-41.2366E-03,+161.3205E-03,-39.2357E-03
-2.9200E-03,+1.3389121E+00,-58.5107E-03,-251.0458E-03,-32.9774E-03
-2.9100E-03,+1.4014381E+00,+8.8392E-03,-339.4382E-03,-34.8117E-03
-2.9000E-03,+1.3593282E+00,+0.0E+00,+157.2768E-03,-36.4450E-03
-2.8900E-03,+1.3389121E+00,+43.3875E-03,-251.0458E-03,-32.6051E-03
-2.8800E-03,+1.3420541E+00,+0.0E+00,-857.6615E-03,-37.2382E-03
-2.8700E-03,+1.3723849E+00,+0.0E+00,-141.1451E-03,-33.4728E-03
-2.8600E-03,+1.3530442E+00,+0.0E+00,+31.5959E-03,-34.8117E-03
-2.8500E-03,+1.3723849E+00,+0.0E+00,-36.9726E-03,-31.5968E-03
-2.8400E-03,+1.3703183E+00,-4.1332E-03,+377.0781E-03,-33.5555E-03
-2.8300E-03,+1.3454825E+00,-13.1409E-03,-119.6369E-03,-32.1091E-03
-2.8200E-03,+1.3693271E+00,-66.9456E-03,+53.1042E-03,-35.4200E-03
-2.8100E-03,+1.3150675E+00,+0.0E+00,-251.0458E-03,-33.8579E-03
-2.8000E-03,+1.3408945E+00,-66.9456E-03,-231.2220E-03,-37.6085E-03
-2.7900E-03,+1.3389121E+00,+51.6539E-03,-251.0458E-03,-32.7456E-03
-2.7800E-03,+1.3389121E+00,+0.0E+00,+74.6125E-03,-36.0418E-03
-2.7700E-03,+1.3054393E+00,+0.0E+00,+247.3536E-03,-35.8085E-03
-2.7600E-03,+1.3055235E+00,+0.0E+00,-251.0458E-03,-32.1507E-03
-2.7500E-03,+1.3228818E+00,-66.9456E-03,+243.9847E-03,-38.4796E-03
-2.7400E-03,+1.3389121E+00,-34.7167E-03,+740.6997E-03,-37.9849E-03
-2.7300E-03,+1.3389121E+00,+0.0E+00,-770.9535E-03,-35.2533E-03
-2.7200E-03,+1.3389121E+00,+0.0E+00,-251.0458E-03,-38.8285E-03
-2.7100E-03,+1.3487088E+00,-19.5934E-03,-55.1120E-03,-35.9873E-03
-2.7000E-03,+1.3389121E+00,+36.8675E-03,-251.0458E-03,-39.1584E-03
-2.6900E-03,+1.3389121E+00,-54.1416E-03,-251.0458E-03,-38.0602E-03
-2.6800E-03,+1.3076743E+00,-4.4701E-03,-295.7468E-03,-42.3088E-03
-2.6700E-03,+1.3497842E+00,+0.0E+00,-251.0458E-03,-37.0204E-03
-2.6600E-03,+1.3138574E+00,+0.0E+00,-251.0458E-03,-34.0314E-03
-2.6500E-03,+1.3670583E+00,+0.0E+00,+205.3466E-03,-37.4895E-03
-2.6400E-03,+1.3389121E+00,-60.3247E-03,+418.4102E-03,-35.7534E-03
-2.6300E-03,+1.3604374E+00,+0.0E+00,-251.0458E-03,-35.3844E-03
-2.6200E-03,+1.3389121E+00,-41.1691E-03,-251.0458E-03,-39.3440E-03
-2.6100E-03,+1.3054393E+00,-8.5024E-03,-251.0458E-03,-38.8285E-03
-2.6000E-03,+1.3098252E+00,-49.4021E-03,-338.7634E-03,-36.5015E-03
-2.5900E-03,+1.3054393E+00,-66.9456E-03,-139.1260E-03,-36.7448E-03
-2.5800E-03,+1.3270993E+00,+0.0E+00,+182.1539E-03,-37.0957E-03
-2.5700E-03,+1.3357363E+00,-6.3515E-03,+418.4102E-03,-33.9809E-03
-2.5600E-03,+1.3443734E+00,+0.0E+00,-251.0458E-03,-37.7080E-03
-2.5500E-03,+1.3054393E+00,+0.0E+00,-533.0127E-03,-35.7285E-03
-2.5400E-03,+1.2934413E+00,+0.0E+00,-251.0458E-03,-39.7883E-03
-2.5300E-03,+1.2740668E+00,+0.0E+00,-251.0458E-03,-33.7248E-03
-2.5200E-03,+1.2785032E+00,-13.0734E-03,-251.0458E-03,-39.0899E-03
-2.5100E-03,+1.3389121E+00,+0.0E+00,-188.5401E-03,-40.0424E-03
-2.5000E-03,+1.3389121E+00,+0.0E+00,+225.1705E-03,-38.8285E-03
-2.4900E-03,+1.2729914E+00,-2.0499E-03,+397.9115E-03,-36.0276E-03
-2.4800E-03,+1.3236879E+00,-51.7214E-03,-616.0171E-03,-42.6617E-03
-2.4700E-03,+1.3064138E+00,-32.4983E-03,-251.0458E-03,-40.1674E-03
-2.4600E-03,+1.3054393E+00,+0.0E+00,+246.6787E-03,-40.7844E-03
-2.4500E-03,+1.2720675E+00,+0.0E+00,+418.4102E-03,-36.1526E-03
-2.4400E-03,+1.3141268E+00,+0.0E+00,+418.4102E-03,-38.2356E-03
-2.4300E-03,+1.3389121E+00,+34.6492E-03,-251.0458E-03,-37.4895E-03
-2.4200E-03,+1.3054393E+00,-51.9233E-03,-251.0458E-03,-38.8285E-03
-2.4100E-03,+1.3043134E+00,+64.6938E-03,-251.0458E-03,-43.9589E-03
-2.4000E-03,+1.3152022E+00,+0.0E+00,+223.1513E-03,-37.6569E-03
-2.3900E-03,+1.3054393E+00,+0.0E+00,+50.4102E-03,-40.0343E-03
-2.3800E-03,+1.3324764E+00,+0.0E+00,+418.4102E-03,-37.4895E-03
-2.3700E-03,+1.3389121E+00,+0.0E+00,-876.4757E-03,-43.4797E-03
-2.3600E-03,+1.2936432E+00,-66.9456E-03,-251.0458E-03,-37.5278E-03
-2.3500E-03,+1.3054393E+00,-38.9508E-03,-251.0458E-03,-37.4895E-03
-2.3400E-03,+1.3389121E+00,-56.2249E-03,-251.0458E-03,-39.0429E-03
-2.3300E-03,+1.2785199E+00,+60.3922E-03,+352.8758E-03,-40.2984E-03
-2.3200E-03,+1.3173531E+00,+23.8275E-03,-251.0458E-03,-37.1945E-03
-2.3100E-03,+1.2978104E+00,-41.1017E-03,-251.0458E-03,-40.6842E-03
-2.3000E-03,+1.3346272E+00,-58.3758E-03,+332.7119E-03,-40.1674E-03
-2.2900E-03,+1.2719665E+00,+0.0E+00,-164.0031E-03,-39.9933E-03
-2.2800E-03,+1.3054393E+00,-25.9784E-03,-101.1573E-03,-35.2513E-03
-2.2700E-03,+1.2935927E+00,+23.6931E-03,-683.5707E-03,-39.3850E-03
-2.2600E-03,+1.3086488E+00,+0.0E+00,-856.3118E-03,-38.7001E-03
-2.2500E-03,+1.3334846E+00,+10.8551E-03,-251.0458E-03,-37.0190E-03
-2.2400E-03,+1.3054393E+00,+0.0E+00,-251.0458E-03,-39.0422E-03
-2.2300E-03,+1.3281410E+00,+45.4033E-03,-466.4687E-03,-36.6742E-03
-2.2200E-03,+1.2741006E+00,+0.0E+00,-251.0458E-03,-42.5037E-03
-2.2100E-03,+1.3119423E+00,-66.9456E-03,+418.4102E-03,-38.5683E-03
-2.2000E-03,+1.3022465E+00,+0.0E+00,-251.0458E-03,-37.3618E-03
-2.1900E-03,+1.3151350E+00,+0.0E+00,+418.4102E-03,-40.5552E-03
-2.1800E-03,+1.3378534E+00,+66.9456E-03,+397.2367E-03,-34.9811E-03
-2.1700E-03,+1.3054393E+00,-51.7889E-03,+266.8427E-03,-41.9358E-03
-2.1600E-03,+1.3054393E+00,+34.5147E-03,+73.2628E-03,-39.5187E-03
-2.1500E-03,+1.3054393E+00,+0.0E+00,+246.0039E-03,-39.4777E-03
-2.1400E-03,+1.3054560E+00,+33.5E-06,+1.0871969E+00,-42.8412E-03
-2.1300E-03,+1.2892741E+00,-17.3076E-03,-424.1216E-03,-40.4221E-03
-2.1200E-03,+1.3227301E+00,+0.0E+00,+94.7711E-03,-36.1950E-03
-2.1100E-03,+1.2978944E+00,+0.0E+00,-251.0458E-03,-39.8656E-03
-2.1000E-03,+1.3378199E+00,+64.7613E-03,+418.4102E-03,-41.3315E-03
-2.0900E-03,+1.3291829E+00,-47.4872E-03,-251.0458E-03,-37.7073E-03
-2.0800E-03,+1.2903328E+00,+0.0E+00,+51.0851E-03,-40.0370E-03
-2.0700E-03,+1.2989698E+00,+0.0E+00,-380.4356E-03,-35.8018E-03
-2.0600E-03,+1.3076069E+00,-62.6105E-03,-251.0458E-03,-38.6550E-03
-2.0500E-03,+1.3054393E+00,+0.0E+00,+418.4102E-03,-36.1506E-03
-2.0400E-03,+1.3054393E+00,-28.0623E-03,-251.0458E-03,-37.4895E-03
-2.0300E-03,+1.3389121E+00,+0.0E+00,-143.1643E-03,-39.2600E-03
-2.0200E-03,+1.2752095E+00,+0.0E+00,-251.0458E-03,-37.1884E-03
-2.0100E-03,+1.3173193E+00,-66.9456E-03,-682.9012E-03,-38.9151E-03
-2.0000E-03,+1.2924836E+00,+0.0E+00,+159.2959E-03,-40.4698E-03
-1.9900E-03,+1.3054393E+00,-58.3083E-03,+245.6638E-03,-34.3365E-03
-1.9800E-03,+1.3054393E+00,+0.0E+00,-164.6780E-03,-38.6557E-03
-1.9700E-03,+1.3054393E+00,-41.0347E-03,-99.8076E-03,-38.5260E-03
-1.9600E-03,+1.2957271E+00,+23.7606E-03,-488.6519E-03,-34.8984E-03
-1.9500E-03,+1.3054393E+00,-6.4865E-03,-790.7720E-03,-38.8285E-03
-1.9400E-03,+1.3108331E+00,-66.9456E-03,-143.1697E-03,-39.7359E-03
-1.9300E-03,+1.3054393E+00,+0.0E+00,-251.0458E-03,-41.1615E-03
-1.9200E-03,+1.2384937E+00,-45.3358E-03,-251.0458E-03,-38.8285E-03
-1.9100E-03,+1.2741343E+00,-66.9456E-03,-877.1452E-03,-37.7497E-03
-1.9000E-03,+1.2719665E+00,-12.9384E-03,-380.4302E-03,-42.8903E-03
-1.8900E-03,+1.3238058E+00,-36.7331E-03,-316.2509E-03,-37.6200E-03
-1.8800E-03,+1.2957098E+00,-47.4867E-03,+223.8207E-03,-45.3052E-03
-1.8700E-03,+1.2730589E+00,-66.9456E-03,-229.1974E-03,-41.5063E-03
-1.8600E-03,+1.3054393E+00,-15.0893E-03,+418.4102E-03,-40.9027E-03
-1.8500E-03,+1.3054393E+00,+0.0E+00,+72.5879E-03,-40.2117E-03
-1.8400E-03,+1.2967852E+00,-15.0212E-03,-251.0458E-03,-42.5448E-03
-1.8300E-03,+1.3054223E+00,+66.9116E-03,+417.7300E-03,-40.1660E-03
-1.8200E-03,+1.2633464E+00,+0.0E+00,+246.0093E-03,-40.1674E-03
-1.8100E-03,+1.3054393E+00,-34.5142E-03,-251.0458E-03,-38.8285E-03
-1.8000E-03,+1.3130179E+00,-51.7883E-03,-99.4729E-03,-43.2747E-03
-1.7900E-03,+1.3043809E+00,-2.1168E-03,+397.2421E-03,-37.5319E-03
-1.7800E-03,+1.3054393E+00,-19.3909E-03,-251.0458E-03,-39.2163E-03
-1.7700E-03,+1.3237718E+00,+0.0E+00,+51.7599E-03,-41.6340E-03
-1.7600E-03,+1.3324089E+00,+0.0E+00,-251.0458E-03,-39.3487E-03
-1.7500E-03,+1.2719665E+00,+0.0E+00,-251.0458E-03,-39.0845E-03
-1.7400E-03,+1.2935082E+00,-23.8621E-03,-251.0458E-03,-40.5982E-03
-1.7300E-03,+1.3248472E+00,-77.6317E-03,-251.0458E-03,-39.1773E-03
-1.7200E-03,+1.3054393E+00,+0.0E+00,-251.0458E-03,-39.7331E-03
-1.7100E-03,+1.3324936E+00,+0.0E+00,+354.2255E-03,-36.7925E-03
-1.7000E-03,+1.2740326E+00,+23.6926E-03,-920.5019E-03,-39.3023E-03
-1.6900E-03,+1.3054393E+00,+0.0E+00,-251.0458E-03,-36.6702E-03
-1.6800E-03,+1.3054393E+00,-58.2408E-03,+331.3621E-03,-42.6711E-03
-1.6700E-03,+1.3303428E+00,+0.0E+00,-251.0458E-03,-37.1789E-03
-1.6600E-03,+1.2848882E+00,+0.0E+00,+159.9762E-03,-38.8285E-03
-1.6500E-03,+1.3269981E+00,+66.9456E-03,-682.2210E-03,-37.9661E-03
-1.6400E-03,+1.2785205E+00,+0.0E+00,-854.9621E-03,-39.6430E-03
-1.6300E-03,+1.2719665E+00,-10.7201E-03,-358.2471E-03,-39.9530E-03
-1.6200E-03,+1.3389121E+00,+38.9514E-03,+28.8965E-03,-36.4914E-03
-1.6100E-03,+1.2946007E+00,-66.9456E-03,+418.4102E-03,-37.0560E-03
-1.6000E-03,+1.2741681E+00,+0.0E+00,-920.5019E-03,-37.4015E-03
-1.5900E-03,+1.3118748E+00,+12.8710E-03,-791.7923E-03,-40.1674E-03
-1.5800E-03,+1.2870390E+00,+36.8005E-03,-251.0458E-03,-42.7121E-03
-1.5700E-03,+1.3430953E+00,+0.0E+00,+223.1459E-03,-36.5412E-03
-1.5600E-03,+1.3054393E+00,+2.2523E-03,+418.4102E-03,-41.4612E-03
-1.5500E-03,+1.2979284E+00,+0.0E+00,-251.0458E-03,-42.1071E-03
-1.5400E-03,+1.3042624E+00,-32.2959E-03,-251.0458E-03,-38.8285E-03
-1.5300E-03,+1.3128487E+00,-49.5700E-03,-251.0458E-03,-38.5321E-03
-1.5200E-03,+1.3053885E+00,+0.0E+00,-250.0308E-03,-40.1714E-03
-1.5100E-03,+1.2719665E+00,-49.7730E-03,-422.7719E-03,-40.4759E-03
-1.5000E-03,+1.3044654E+00,+32.4989E-03,+73.9431E-03,-36.8006E-03
-1.4900E-03,+1.2795789E+00,-51.7208E-03,-251.0458E-03,-39.7419E-03
-1.4800E-03,+1.2395184E+00,+0.0E+00,-251.0458E-03,-42.7222E-03
-1.4700E-03,+1.2719665E+00,-19.3234E-03,-727.2675E-03,-37.4895E-03
-1.4600E-03,+1.2902653E+00,+0.0E+00,+114.9296E-03,-41.0243E-03
-1.4500E-03,+1.2785035E+00,-53.8717E-03,-251.0458E-03,-40.6903E-03
-1.4400E-03,+1.3347119E+00,-62.7454E-03,-293.0474E-03,-40.4194E-03
-1.4300E-03,+1.3054393E+00,+0.0E+00,-251.0458E-03,-39.2075E-03
-1.4200E-03,+1.2719665E+00,+0.0E+00,-638.5296E-03,-38.2645E-03
-1.4100E-03,+1.3334505E+00,+0.0E+00,-251.0458E-03,-35.9040E-03
-1.4000E-03,+1.3389121E+00,-60.5946E-03,-187.5360E-03,-39.3365E-03
-1.3900E-03,+1.3389121E+00,+0.0E+00,-14.7949E-03,-39.2224E-03
-1.3800E-03,+1.3128657E+00,-66.9456E-03,-251.0458E-03,-41.5063E-03
-1.3700E-03,+1.3054393E+00,+0.0E+00,-338.7688E-03,-38.4776E-03
-1.3600E-03,+1.2804683E+00,+0.0E+00,-166.0277E-03,-36.8308E-03
-1.3500E-03,+1.3054393E+00,+0.0E+00,+418.4102E-03,-42.5373E-03
-1.3400E-03,+1.2839143E+00,+0.0E+00,+418.4102E-03,-42.3673E-03
-1.3300E-03,+1.2451152E+00,-6.6215E-03,-184.8312E-03,-36.5479E-03
-1.3200E-03,+1.3001130E+00,-56.2930E-03,+311.8838E-03,-39.2546E-03
-1.3100E-03,+1.2998932E+00,-27.9267E-03,+28.2217E-03,-41.0626E-03
-1.3000E-03,+1.3389121E+00,+0.0E+00,+200.9628E-03,-37.0204E-03
-1.2900E-03,+1.2719665E+00,+58.0043E-03,+373.7038E-03,-42.7558E-03
-1.2800E-03,+1.3118410E+00,+12.8035E-03,-251.0458E-03,-38.0602E-03
-1.2700E-03,+1.2904005E+00,+0.0E+00,+117.6345E-03,-39.4300E-03
-1.2600E-03,+1.2719665E+00,+0.0E+00,-251.0458E-03,-40.9511E-03
-1.2500E-03,+1.2708066E+00,+2.3198E-03,-251.0458E-03,-40.1674E-03
-1.2400E-03,+1.3129164E+00,+51.9913E-03,-251.0458E-03,-40.6090E-03
-1.2300E-03,+1.3054393E+00,+0.0E+00,+71.2382E-03,-40.2171E-03
-1.2200E-03,+1.3054393E+00,+0.0E+00,-251.0458E-03,-37.5461E-03
-1.2100E-03,+1.2718820E+00,+0.0E+00,+416.7204E-03,-40.1572E-03
-1.2000E-03,+1.2719665E+00,-17.1051E-03,-422.0971E-03,-39.4832E-03
-1.1900E-03,+1.2882497E+00,-34.3792E-03,+74.6179E-03,-38.9010E-03
-1.1800E-03,+1.3054393E+00,+0.0E+00,-767.5792E-03,-37.7954E-03
-1.1700E-03,+1.2739483E+00,-64.9638E-03,+398.5918E-03,-41.5063E-03
-1.1600E-03,+1.2719665E+00,+0.0E+00,-251.0458E-03,-40.1674E-03
-1.1500E-03,+1.3206471E+00,-36.5301E-03,+114.2548E-03,-38.8285E-03
-1.1400E-03,+1.2450644E+00,+53.8042E-03,-251.0458E-03,-34.7869E-03
-1.1300E-03,+1.3389121E+00,+0.0E+00,-251.0458E-03,-37.4895E-03
-1.1200E-03,+1.2840325E+00,+45.5388E-03,-251.0458E-03,-37.9177E-03
-1.1100E-03,+1.2860989E+00,-28.2647E-03,+418.4102E-03,-38.8285E-03
-1.1000E-03,+1.2719665E+00,+44.9644E-03,+308.5042E-03,-42.8452E-03
-1.0900E-03,+1.2719665E+00,-60.6621E-03,-251.0458E-03,-42.9709E-03
-1.0800E-03,+1.2719665E+00,-23.5576E-03,-486.6219E-03,-39.8453E-03
-1.0700E-03,+1.2923824E+00,+0.0E+00,-103.8675E-03,-43.0067E-03
-1.0600E-03,+1.2719665E+00,+0.0E+00,-832.1041E-03,-41.3295E-03
-1.0500E-03,+1.2761837E+00,+0.0E+00,-251.0458E-03,-39.9987E-03
-1.0400E-03,+1.2925851E+00,-41.2372E-03,+161.3259E-03,-43.6699E-03
-1.0300E-03,+1.3054393E+00,+0.0E+00,+368.9745E-03,-43.9864E-03
-1.0200E-03,+1.3087838E+00,+0.0E+00,+351.5207E-03,-42.3101E-03
-1.0100E-03,+1.2772591E+00,+0.0E+00,-356.8974E-03,-39.0402E-03
-1.0000E-03,+1.2775800E+00,-39.0863E-03,+418.4102E-03,-41.5063E-03
-990.0E-06,+1.2945332E+00,-45.1334E-03,-469.1682E-03,-38.7983E-03
-980.0E-06,+1.2719665E+00,+0.0E+00,-205.6646E-03,-43.8211E-03
-970.0E-06,+1.2783345E+00,-54.2096E-03,+291.0504E-03,-44.2494E-03
-960.0E-06,+1.2719665E+00,+0.0E+00,-181.7916E-03,-40.4444E-03
-950.0E-06,+1.2679858E+00,-19.6614E-03,-251.0458E-03,-39.2217E-03
-940.0E-06,+1.2731601E+00,-64.5583E-03,-227.1729E-03,-41.4585E-03
-930.0E-06,+1.2794099E+00,-66.9456E-03,-251.0458E-03,-42.5475E-03
-920.0E-06,+1.3054393E+00,-32.1609E-03,-251.0458E-03,-37.4895E-03
-910.0E-06,+1.2966840E+00,-84.4562E-03,-75.9400E-03,-39.4669E-03
-900.0E-06,+1.3054393E+00,+66.9456E-03,+416.0456E-03,-37.5085E-03
-890.0E-06,+1.2890041E+00,-17.0376E-03,-80.6694E-03,-38.4877E-03
-880.0E-06,+1.3054393E+00,-66.9456E-03,-234.2669E-03,-38.7949E-03
-870.0E-06,+1.3131192E+00,-15.3597E-03,-251.0458E-03,-38.6314E-03
-860.0E-06,+1.3044821E+00,-65.0312E-03,+399.2667E-03,-40.1674E-03
-850.0E-06,+1.2911550E+00,-47.7571E-03,+226.5256E-03,-41.6939E-03
-840.0E-06,+1.3236706E+00,+0.0E+00,+113.5799E-03,-41.6259E-03
-830.0E-06,+1.2785710E+00,+0.0E+00,-788.4127E-03,-41.7885E-03
-820.0E-06,+1.3054393E+00,-62.8804E-03,+377.7584E-03,-41.5876E-03
-810.0E-06,+1.2719665E+00,+0.0E+00,+418.4102E-03,-43.3305E-03
-800.0E-06,+1.2719665E+00,-38.6134E-03,-251.0458E-03,-37.8506E-03
-790.0E-06,+1.2719665E+00,-44.8294E-03,+197.2484E-03,-39.7250E-03
-780.0E-06,+1.2719665E+00,-6.2160E-03,-251.0458E-03,-35.9020E-03
-770.0E-06,+1.5514940E+00,+0.0E+00,+183.5090E-03,+170.0418E-03
-760.0E-06,+1.6663487E+00,-26.1814E-03,-251.0458E-03,+7.9141E-03
-750.0E-06,+1.6736401E+00,-58.0383E-03,-251.0458E-03,-5.1775E-03
-740.0E-06,+1.7322189E+00,+0.0E+00,-251.0458E-03,-3.8494E-03
-730.0E-06,+1.7199334E+00,+0.0E+00,-251.0458E-03,-1.6522E-03
-720.0E-06,+1.7165552E+00,+0.0E+00,-62.2007E-03,+480.6E-06
-710.0E-06,+1.7405857E+00,+0.0E+00,-251.0458E-03,+2.4199E-03
-700.0E-06,+1.7687997E+00,-56.4279E-03,-251.0458E-03,+14.5177E-03
-690.0E-06,+1.7544816E+00,+0.0E+00,+140.4925E-03,+8.8165E-03
-680.0E-06,+1.7740585E+00,+0.0E+00,-32.2486E-03,+2.1880E-03
-670.0E-06,+1.7763613E+00,+0.0E+00,+372.3541E-03,-1.5231E-03
-660.0E-06,+1.8346699E+00,+54.2771E-03,-124.3608E-03,-2.3524E-03
-650.0E-06,+1.8075313E+00,+29.9426E-03,-251.0458E-03,-2.8190E-03
-640.0E-06,+1.8410041E+00,-19.7289E-03,-525.9241E-03,-12.8394E-03
-630.0E-06,+1.8397767E+00,-64.4908E-03,-275.5936E-03,-8.1808E-03
-620.0E-06,+1.8075313E+00,-14.8193E-03,-251.0458E-03,-14.7280E-03
-610.0E-06,+1.8423835E+00,+0.0E+00,+69.8885E-03,-15.9014E-03
-600.0E-06,+1.8075313E+00,+31.7895E-03,-251.0458E-03,-16.0669E-03
-590.0E-06,+1.8075313E+00,+0.0E+00,+415.3707E-03,-20.0533E-03
-580.0E-06,+1.8075313E+00,+0.0E+00,-581.0988E-03,-14.7280E-03
-570.0E-06,+1.8075313E+00,+0.0E+00,+75.9676E-03,-18.0907E-03
-560.0E-06,+1.7817721E+00,+0.0E+00,+418.4102E-03,-16.9926E-03
-550.0E-06,+1.7405857E+00,+65.0987E-03,-232.5771E-03,-13.4630E-03
-540.0E-06,+1.7405857E+00,-47.8246E-03,-251.0458E-03,-16.8327E-03
-530.0E-06,+1.7740585E+00,+0.0E+00,-251.0458E-03,-12.8950E-03
-520.0E-06,+1.8008931E+00,+13.2764E-03,+152.8821E-03,-10.1802E-03
-510.0E-06,+1.8035336E+00,+0.0E+00,-251.0458E-03,-6.3747E-03
-500.0E-06,+1.7634226E+00,+45.6738E-03,-251.0458E-03,-4.9302E-03
-490.0E-06,+1.8075313E+00,+38.5459E-03,+134.4134E-03,-2.4749E-03
-480.0E-06,+1.8354413E+00,-55.8200E-03,-251.0458E-03,-4.4618E-03
-470.0E-06,+1.8106056E+00,+0.0E+00,-251.0458E-03,-4.0167E-03
-460.0E-06,+1.8292928E+00,-43.5230E-03,+217.4069E-03,-6.2261E-03
-450.0E-06,+1.8541286E+00,-66.9456E-03,+155.9216E-03,-2.9668E-03
-440.0E-06,+1.8744769E+00,-8.9748E-03,-251.0458E-03,-5.5351E-03
-430.0E-06,+1.8116810E+00,-58.6462E-03,-168.0523E-03,-4.5147E-03
-420.0E-06,+1.8744769E+00,-25.5735E-03,+162.6756E-03,-7.5220E-03
-410.0E-06,+1.8410041E+00,+0.0E+00,-492.0261E-03,-9.3724E-03
-400.0E-06,+1.8410041E+00,-60.1217E-03,-182.8066E-03,-10.0289E-03
-390.0E-06,+1.8410041E+00,+0.0E+00,-251.0458E-03,-8.0335E-03
-380.0E-06,+1.8744769E+00,+0.0E+00,-643.2590E-03,-8.9125E-03
-370.0E-06,+1.9085017E+00,-66.9456E-03,-31.5738E-03,-7.5504E-03
-360.0E-06,+1.9056132E+00,-62.2725E-03,+418.4102E-03,-11.9567E-03
-350.0E-06,+1.8807774E+00,-66.9456E-03,-794.4918E-03,-9.3724E-03
-340.0E-06,+1.8224689E+00,+37.0705E-03,-251.0458E-03,-9.6821E-03
-330.0E-06,+1.8645788E+00,+0.0E+00,-251.0458E-03,-10.5602E-03
-320.0E-06,+1.8422653E+00,+0.0E+00,-251.0458E-03,-14.5263E-03
-310.0E-06,+1.8931979E+00,+0.0E+00,-103.5274E-03,-8.9186E-03
-300.0E-06,+1.8570171E+00,-34.9197E-03,+69.2137E-03,-9.3145E-03
-290.0E-06,+1.8744769E+00,+0.0E+00,+241.9548E-03,-13.5966E-03
-280.0E-06,+1.8411899E+00,+0.0E+00,-251.0458E-03,-5.3631E-03
-270.0E-06,+1.8829283E+00,-66.9456E-03,+249.3836E-03,-7.0326E-03
-260.0E-06,+1.8908614E+00,-34.1768E-03,-251.0458E-03,-9.3724E-03
-250.0E-06,+1.8822243E+00,+0.0E+00,-96.0986E-03,-8.1328E-03
-240.0E-06,+1.8418938E+00,+0.0E+00,+382.8225E-03,-6.8369E-03
-230.0E-06,+1.8888962E+00,+0.0E+00,-441.5808E-03,-10.5156E-03
-220.0E-06,+1.8744769E+00,+0.0E+00,-251.0458E-03,-9.3724E-03
-210.0E-06,+1.9079497E+00,-13.3439E-03,-384.4847E-03,-7.2283E-03
-200.0E-06,+1.9394574E+00,+63.0154E-03,-920.5019E-03,-5.2770E-03
-190.0E-06,+1.9079497E+00,-21.2043E-03,-251.0458E-03,-9.7298E-03
-180.0E-06,+1.9414225E+00,-28.4672E-03,+133.7385E-03,-7.8332E-03
-170.0E-06,+1.9079497E+00,+0.0E+00,-27.1845E-03,-10.4874E-03
-160.0E-06,+1.9109903E+00,+60.8646E-03,+418.4102E-03,-9.2508E-03
-150.0E-06,+1.9515402E+00,-110.5361E-03,-251.0458E-03,-10.2442E-03
-140.0E-06,+1.8876351E+00,-26.3163E-03,-657.3384E-03,-6.6946E-03
-130.0E-06,+1.9459437E+00,+0.0E+00,-251.0458E-03,-10.3496E-03
-120.0E-06,+1.9120657E+00,-8.2319E-03,-251.0458E-03,-9.3724E-03
-110.0E-06,+1.9414225E+00,+0.0E+00,+418.4102E-03,-10.7113E-03
-100.0E-06,+1.9293398E+00,-24.1655E-03,-9.3906E-03,-8.0335E-03
-90.0E-06,+1.9113954E+00,+0.0E+00,-319.9599E-03,-10.5735E-03
-80.0E-06,+1.9414225E+00,-56.5629E-03,-251.0458E-03,-8.0335E-03
-70.0E-06,+1.9552509E+00,-11.6320E-03,-251.0458E-03,-8.8192E-03
-60.0E-06,+1.9528807E+00,+0.0E+00,-30.8989E-03,-9.7946E-03
-50.0E-06,+1.9437928E+00,-57.4644E-03,-203.6400E-03,-9.3724E-03
-40.0E-06,+1.9958346E+00,+0.0E+00,-669.8313E-03,-10.2100E-03
-30.0E-06,+1.9450877E+00,-37.1380E-03,-251.0458E-03,-9.3724E-03
-20.0E-06,+1.9178817E+00,+0.0E+00,-920.5019E-03,-11.4027E-03
-10.0E-06,+1.9105395E+00,+0.0E+00,-276.9434E-03,-12.1020E-03
-0.0E+00,+1.9414225E+00,+0.0E+00,-104.2023E-03,-10.2534E-03
+10.0E-06,+1.9589161E+00,-34.9871E-03,+98.8256E-03,-9.8904E-03
+20.0E-06,+1.9502791E+00,+49.2326E-03,+241.2799E-03,-10.0809E-03
+30.0E-06,+1.9418615E+00,+0.0E+00,-251.0458E-03,-12.0327E-03
+40.0E-06,+1.9163673E+00,+33.2752E-03,-82.6940E-03,-8.0335E-03
+50.0E-06,+1.9414225E+00,+0.0E+00,+90.0471E-03,-10.0037E-03
+60.0E-06,+1.9671142E+00,-66.9456E-03,-764.8798E-03,-10.4940E-03
+70.0E-06,+1.9748953E+00,+0.0E+00,+384.1722E-03,-9.2697E-03
+80.0E-06,+1.9748953E+00,+28.9736E-03,-251.0458E-03,-7.4540E-03
+90.0E-06,+1.9414225E+00,+30.6855E-03,-251.0458E-03,-7.9220E-03
+100.0E-06,+1.9748953E+00,-120.4798E-03,-251.0458E-03,-7.7675E-03
+110.0E-06,+2.0064368E+00,-63.0829E-03,-251.0458E-03,-10.7886E-03
+120.0E-06,+1.9748953E+00,-21.1368E-03,+207.0419E-03,-8.9496E-03
+130.0E-06,+1.9748953E+00,-28.5347E-03,-251.0458E-03,-4.2143E-03
+140.0E-06,+1.9470528E+00,+0.0E+00,-138.4403E-03,-10.0480E-03
+150.0E-06,+1.9748953E+00,+60.9320E-03,-251.0458E-03,-12.7878E-03
+160.0E-06,+1.9967243E+00,+20.3703E-03,-251.0458E-03,-11.0604E-03
+170.0E-06,+2.0286490E+00,-26.3838E-03,-251.0458E-03,-7.4664E-03
+180.0E-06,+1.9748953E+00,+0.0E+00,+327.3130E-03,-9.9190E-03
+190.0E-06,+2.0083681E+00,-66.9456E-03,+336.7664E-03,-5.8455E-03
+200.0E-06,+1.9748953E+00,+0.0E+00,-251.0458E-03,-7.2033E-03
+210.0E-06,+2.0176079E+00,-42.7126E-03,+176.0802E-03,-9.7420E-03
+220.0E-06,+2.0348821E+00,+0.0E+00,-251.0458E-03,-10.9897E-03
+230.0E-06,+2.0083681E+00,+0.0E+00,-251.0458E-03,-8.6524E-03
+240.0E-06,+1.9886900E+00,+39.3563E-03,-251.0458E-03,-10.4760E-03
+250.0E-06,+2.0194092E+00,+0.0E+00,+418.4102E-03,-7.5778E-03
+260.0E-06,+1.9797034E+00,+0.0E+00,+370.3296E-03,-6.7907E-03
+270.0E-06,+1.9748953E+00,+0.0E+00,-251.0458E-03,-7.9412E-03
+280.0E-06,+2.0083681E+00,+0.0E+00,+121.0087E-03,-11.1592E-03
+290.0E-06,+2.0653481E+00,+0.0E+00,-721.1884E-03,-8.4321E-03
+300.0E-06,+2.0083681E+00,-2.6572E-03,-251.0458E-03,-11.8376E-03
+310.0E-06,+1.9895122E+00,-14.6169E-03,+418.4102E-03,-7.2792E-03
+320.0E-06,+2.0258955E+00,-3.1636E-03,+99.5005E-03,-7.9069E-03
+330.0E-06,+2.0329507E+00,-35.5610E-03,-73.2406E-03,-10.7113E-03
+340.0E-06,+2.0088746E+00,-65.9328E-03,-915.4378E-03,-6.7553E-03
+350.0E-06,+2.0083681E+00,+0.0E+00,+418.4102E-03,-12.7159E-03
+360.0E-06,+2.0418410E+00,+0.0E+00,-262.4259E-03,-9.3724E-03
+370.0E-06,+2.0418410E+00,-66.9456E-03,+418.4102E-03,-11.6491E-03
+380.0E-06,+2.0083681E+00,+1.6444E-03,-251.0458E-03,-10.6455E-03
+390.0E-06,+2.0178274E+00,+18.9185E-03,-251.0458E-03,-12.0502E-03
+400.0E-06,+2.0753138E+00,+0.0E+00,-196.6492E-03,-6.5858E-03
+410.0E-06,+2.0418410E+00,-53.4667E-03,-251.0458E-03,-12.0502E-03
+420.0E-06,+2.0418410E+00,-3.7952E-03,-288.9983E-03,-11.9743E-03
+430.0E-06,+2.0418410E+00,+0.0E+00,-251.0458E-03,-13.3144E-03
+440.0E-06,+2.0512714E+00,-28.6021E-03,-251.0458E-03,-8.6055E-03
+450.0E-06,+2.0083681E+00,-11.3280E-03,-251.0458E-03,-8.2600E-03
+460.0E-06,+2.0753138E+00,-60.9995E-03,-920.5019E-03,-9.3724E-03
+470.0E-06,+2.0534510E+00,-43.7254E-03,-251.0458E-03,-9.4267E-03
+480.0E-06,+2.0753138E+00,-66.9456E-03,+13.4673E-03,-7.7526E-03
+490.0E-06,+2.0418410E+00,+9.1772E-03,+326.6382E-03,-9.5559E-03
+500.0E-06,+2.0499379E+00,-109.6005E-03,-251.0458E-03,-9.2104E-03
+510.0E-06,+2.0418410E+00,+0.0E+00,-251.0458E-03,-8.8650E-03
+520.0E-06,+2.0661414E+00,+0.0E+00,-8.0409E-03,-12.7840E-03
+530.0E-06,+2.0753138E+00,-66.9456E-03,-251.0458E-03,-5.7772E-03
+540.0E-06,+2.0418410E+00,+0.0E+00,+315.9330E-03,-13.7033E-03
+550.0E-06,+2.0556019E+00,-11.9019E-03,+143.1919E-03,-10.1609E-03
+560.0E-06,+2.0863886E+00,-66.9456E-03,-251.0458E-03,-10.2683E-03
+570.0E-06,+2.1063488E+00,+0.0E+00,-251.0458E-03,-9.3724E-03
+580.0E-06,+2.1025873E+00,-42.1485E-03,-127.0603E-03,-10.9593E-03
+590.0E-06,+2.0566773E+00,-37.2729E-03,-251.0458E-03,-8.9164E-03
+600.0E-06,+2.0318415E+00,+19.9988E-03,+218.4219E-03,-13.7891E-03
+610.0E-06,+2.0753138E+00,+2.7247E-03,-223.7986E-03,-11.9412E-03
+620.0E-06,+2.0491156E+00,-14.5494E-03,+418.4102E-03,-14.1461E-03
+630.0E-06,+2.0753138E+00,-31.8235E-03,-218.0596E-03,-9.9429E-03
+640.0E-06,+2.0753138E+00,+17.8480E-03,+552.4262E-03,-13.0322E-03
+650.0E-06,+2.0750268E+00,-66.3717E-03,-251.0458E-03,-13.3547E-03
+660.0E-06,+2.0418410E+00,+0.0E+00,-251.0458E-03,-8.7015E-03
+670.0E-06,+2.0753138E+00,-32.9713E-03,-241.0155E-03,-12.7297E-03
+680.0E-06,+2.0753138E+00,+15.6972E-03,-251.0458E-03,-10.9421E-03
+690.0E-06,+2.0753138E+00,+0.0E+00,-251.0458E-03,-10.6167E-03
+700.0E-06,+2.0753138E+00,+0.0E+00,-62.5354E-03,-7.8256E-03
+710.0E-06,+2.1268491E+00,+0.0E+00,-251.0458E-03,-9.1602E-03
+720.0E-06,+2.0553873E+00,+53.3993E-03,-386.5093E-03,-6.4236E-03
+730.0E-06,+2.0455687E+00,+0.0E+00,-251.0458E-03,-11.6774E-03
+740.0E-06,+2.0523419E+00,+0.0E+00,-251.0458E-03,-7.1146E-03
+750.0E-06,+2.0992549E+00,+28.6696E-03,+131.7139E-03,-8.0365E-03
+760.0E-06,+2.0418410E+00,+0.0E+00,-251.0458E-03,-11.1671E-03
+770.0E-06,+2.0782530E+00,-61.0670E-03,+418.4102E-03,-9.8427E-03
+780.0E-06,+2.0868901E+00,-20.6402E-03,+418.4102E-03,-10.2985E-03
+790.0E-06,+2.0753138E+00,+66.9456E-03,+153.2222E-03,-12.3284E-03
+800.0E-06,+2.0660691E+00,+0.0E+00,-251.0458E-03,-10.1566E-03
+810.0E-06,+2.0753138E+00,+0.0E+00,-251.0458E-03,-12.2108E-03
+820.0E-06,+2.1006173E+00,+0.0E+00,-667.4666E-03,-10.5638E-03
+830.0E-06,+2.0966026E+00,+42.5776E-03,-7.3661E-03,-11.5629E-03
+840.0E-06,+2.0453879E+00,-52.7579E-03,-251.0458E-03,-10.9951E-03
+850.0E-06,+2.0804039E+00,+0.0E+00,+316.6078E-03,-9.3724E-03
+860.0E-06,+2.0753138E+00,-39.4913E-03,-251.0458E-03,-7.7927E-03
+870.0E-06,+2.0976780E+00,-44.7285E-03,+196.2388E-03,-10.2670E-03
+880.0E-06,+2.0728422E+00,+0.0E+00,-201.6154E-03,-10.6124E-03
+890.0E-06,+2.0753138E+00,-12.3311E-03,+418.4102E-03,-10.4647E-03
+900.0E-06,+2.0605112E+00,-29.6052E-03,-251.0458E-03,-10.5566E-03
+910.0E-06,+2.0619073E+00,-20.0663E-03,-50.3826E-03,-8.4348E-03
+920.0E-06,+2.0753138E+00,+0.0E+00,+362.5661E-03,-13.2774E-03
+930.0E-06,+2.0825547E+00,-14.4819E-03,+418.4102E-03,-11.0009E-03
+940.0E-06,+2.1070698E+00,+3.4336E-03,-216.7099E-03,-11.9815E-03
+950.0E-06,+2.1087866E+00,-31.1146E-03,-71.8909E-03,-12.0502E-03
+960.0E-06,+2.1422594E+00,+0.0E+00,+411.9964E-03,-10.6985E-03
+970.0E-06,+2.1422594E+00,+0.0E+00,-251.0458E-03,-9.0397E-03
+980.0E-06,+2.1257400E+00,-33.9068E-03,-251.0458E-03,-9.9637E-03
+990.0E-06,+2.1087866E+00,+0.0E+00,-251.0458E-03,-12.7585E-03
+1.0000E-03,+2.0760685E+00,-65.4362E-03,-251.0458E-03,-12.0200E-03
+1.0100E-03,+2.1328676E+00,-48.1621E-03,-251.0458E-03,-9.1605E-03
+1.0200E-03,+2.1062017E+00,+0.0E+00,+57.8336E-03,-8.1369E-03
+1.0300E-03,+2.1087866E+00,-53.3318E-03,-648.2252E-03,-9.6447E-03
+1.0400E-03,+2.0436711E+00,-63.2853E-03,-251.0458E-03,-8.1799E-03
+1.0500E-03,+2.0983194E+00,+0.0E+00,-41.7020E-03,-14.3093E-03
+1.0600E-03,+2.0944180E+00,-28.7371E-03,-156.3321E-03,-7.0799E-03
+1.0700E-03,+2.0810453E+00,-55.4826E-03,-251.0458E-03,-13.1599E-03
+1.0800E-03,+2.0418410E+00,+0.0E+00,-251.0458E-03,-9.4886E-03
+1.0900E-03,+2.0868564E+00,+0.0E+00,-251.0458E-03,-12.1426E-03
+1.1000E-03,+2.1422594E+00,-26.5863E-03,-113.3155E-03,-8.5652E-03
+1.1100E-03,+2.1422594E+00,+0.0E+00,-251.0458E-03,-11.2700E-03
+1.1200E-03,+2.1382784E+00,+0.0E+00,+338.7909E-03,-8.9889E-03
+1.1300E-03,+2.1087866E+00,+0.0E+00,-251.0458E-03,-11.0408E-03
+1.1400E-03,+2.0875315E+00,+24.4355E-03,+418.4102E-03,-9.8611E-03
+1.1500E-03,+2.0753138E+00,+0.0E+00,+346.7967E-03,-12.0502E-03
+1.1600E-03,+2.0803701E+00,-56.8328E-03,-251.0458E-03,-15.0557E-03
+1.1700E-03,+2.0890072E+00,+0.0E+00,+22.8228E-03,-11.0156E-03
+1.1800E-03,+2.1311170E+00,+0.0E+00,-473.8921E-03,-8.9267E-03
+1.1900E-03,+2.1707216E+00,+0.0E+00,+418.4102E-03,-9.7732E-03
+1.2000E-03,+2.1026548E+00,+54.6820E-03,-251.0458E-03,-12.5408E-03
+1.2100E-03,+2.1087866E+00,-29.5377E-03,+44.3311E-03,-11.4595E-03
+1.2200E-03,+2.1656653E+00,+46.8118E-03,-49.7078E-03,-9.3724E-03
+1.2300E-03,+2.1087866E+00,-2.8597E-03,-251.0458E-03,-6.9233E-03
+1.2400E-03,+2.1350522E+00,-66.9456E-03,-251.0458E-03,-12.4217E-03
+1.2500E-03,+2.0911580E+00,-35.2571E-03,+101.5250E-03,-9.3724E-03
+1.2600E-03,+2.1087866E+00,+0.0E+00,-71.2161E-03,-9.7320E-03
+1.2700E-03,+2.1415505E+00,-66.2367E-03,-906.3245E-03,-12.0644E-03
+1.2800E-03,+2.1422594E+00,-50.3804E-03,-251.0458E-03,-10.3800E-03
+1.2900E-03,+2.1257062E+00,+0.0E+00,-251.0458E-03,-8.7103E-03
+1.3000E-03,+2.1422594E+00,-15.8321E-03,-409.3673E-03,-10.0057E-03
+1.3100E-03,+2.1415384E+00,-65.5036E-03,-236.6262E-03,-18.5429E-03
+1.3200E-03,+2.0846718E+00,-18.7161E-03,-251.0458E-03,-8.0335E-03
+1.3300E-03,+2.1242643E+00,+0.0E+00,-251.0458E-03,-7.8171E-03
+1.3400E-03,+2.1422594E+00,-13.6813E-03,+418.4102E-03,-6.7238E-03
+1.3500E-03,+2.1087866E+00,-3.5928E-03,+382.4824E-03,-9.3724E-03
+1.3600E-03,+2.1087866E+00,+0.0E+00,-251.0458E-03,-7.5292E-03
+1.3700E-03,+2.1613299E+00,-66.9456E-03,+418.4102E-03,-13.7785E-03
+1.3800E-03,+2.1087866E+00,+0.0E+00,-366.3507E-03,-11.5890E-03
+1.3900E-03,+2.1728604E+00,+0.0E+00,-251.0458E-03,-8.1483E-03
+1.4000E-03,+2.0983315E+00,-23.0177E-03,-41.9443E-03,-11.1295E-03
+1.4100E-03,+2.1555862E+00,+0.0E+00,+418.4102E-03,-8.0335E-03
+1.4200E-03,+2.1375695E+00,-57.5659E-03,+230.8170E-03,-12.6387E-03
+1.4300E-03,+2.1678377E+00,+0.0E+00,+339.4658E-03,-8.1914E-03
+1.4400E-03,+2.1213708E+00,-41.7771E-03,+418.4102E-03,-7.7013E-03
+1.4500E-03,+2.1545108E+00,-42.4427E-03,-251.0458E-03,-10.5800E-03
+1.4600E-03,+2.1983617E+00,+0.0E+00,+346.1219E-03,-13.1000E-03
+1.4700E-03,+2.1707095E+00,-10.0453E-03,-820.0492E-03,-12.5855E-03
+1.4800E-03,+2.1422594E+00,+0.0E+00,-127.9774E-03,-9.8647E-03
+1.4900E-03,+2.1757322E+00,+0.0E+00,-27.5247E-03,-11.1561E-03
+1.5000E-03,+2.1422594E+00,-5.0780E-03,-251.0458E-03,-11.8471E-03
+1.5100E-03,+2.1209827E+00,+0.0E+00,+174.4882E-03,-9.1285E-03
+1.5200E-03,+2.1609971E+00,+0.0E+00,-251.0458E-03,-9.8017E-03
+1.5300E-03,+2.1188872E+00,+0.0E+00,-718.4890E-03,-12.1770E-03
+1.5400E-03,+2.1407958E+00,+64.0184E-03,-221.7740E-03,-9.6066E-03
+1.5500E-03,+2.1422594E+00,-14.3469E-03,+131.4717E-03,-10.1374E-03
+1.5600E-03,+2.1264488E+00,+0.0E+00,+102.1999E-03,-7.3270E-03
+1.5700E-03,+2.1332341E+00,+0.0E+00,+237.9056E-03,-14.0060E-03
+1.5800E-03,+2.1422594E+00,+0.0E+00,-251.0458E-03,-10.7113E-03
+1.5900E-03,+2.1505082E+00,-16.4978E-03,+418.4102E-03,-9.0424E-03
+1.6000E-03,+2.1757322E+00,+0.0E+00,+418.4102E-03,-11.3987E-03
+1.6100E-03,+2.1933053E+00,-66.9456E-03,+259.4139E-03,-11.7322E-03
+1.6200E-03,+2.1743577E+00,+1.3745E-03,-251.0458E-03,-5.4931E-03
+1.6300E-03,+2.1181108E+00,+0.0E+00,-251.0458E-03,-7.2875E-03
+1.6400E-03,+2.1422594E+00,+0.0E+00,-251.0458E-03,-9.3724E-03
+1.6500E-03,+2.1491338E+00,+53.1968E-03,-251.0458E-03,-11.5003E-03
+1.6600E-03,+2.1739695E+00,+0.0E+00,-286.2989E-03,-11.9797E-03
+1.6700E-03,+2.1422594E+00,+0.0E+00,-251.0458E-03,-7.5265E-03
+1.6800E-03,+2.1422594E+00,+0.0E+00,+129.6894E-03,-9.9498E-03
+1.6900E-03,+2.1422594E+00,+0.0E+00,+418.4102E-03,-9.3724E-03
+1.7000E-03,+2.1422594E+00,+0.0E+00,-194.2845E-03,-15.4993E-03
+1.7100E-03,+2.1537345E+00,-66.9456E-03,+188.9078E-03,-11.5531E-03
+1.7200E-03,+2.1824837E+00,+0.0E+00,-518.2584E-03,-9.6367E-03
+1.7300E-03,+2.1757322E+00,-9.4471E-03,-251.0458E-03,-9.3724E-03
+1.7400E-03,+2.1461728E+00,+0.0E+00,+340.1406E-03,-12.6064E-03
+1.7500E-03,+2.1297088E+00,-41.8445E-03,+167.3996E-03,-11.2133E-03
+1.7600E-03,+2.1634469E+00,-42.3752E-03,-251.0458E-03,-9.2371E-03
+1.7700E-03,+2.1757322E+00,+7.2963E-03,-251.0458E-03,-9.8102E-03
+1.7800E-03,+2.1757322E+00,+0.0E+00,-820.7240E-03,-9.3724E-03
+1.7900E-03,+2.1224125E+00,+0.0E+00,-126.6277E-03,-14.1356E-03
+1.8000E-03,+2.1979952E+00,+44.5260E-03,-696.3059E-03,-8.9365E-03
+1.8100E-03,+2.1448321E+00,-61.8001E-03,-251.0458E-03,-10.4026E-03
+1.8200E-03,+2.1696679E+00,+0.0E+00,-799.2157E-03,-9.3724E-03
+1.8300E-03,+2.1610308E+00,+8.1402E-03,+42.9814E-03,-12.0502E-03
+1.8400E-03,+2.1655978E+00,+0.0E+00,-251.0458E-03,-11.1167E-03
+1.8500E-03,+2.1422594E+00,+0.0E+00,-221.0992E-03,-12.1101E-03
+1.8600E-03,+2.1828719E+00,+14.2794E-03,-251.0458E-03,-12.0502E-03
+1.8700E-03,+2.1422594E+00,-3.8385E-03,+64.4897E-03,-11.2656E-03
+1.8800E-03,+2.1757322E+00,-18.1179E-03,+237.2308E-03,-11.0737E-03
+1.8900E-03,+2.1100523E+00,+843.8E-06,-242.6074E-03,-9.4061E-03
+1.9000E-03,+2.1757322E+00,-16.4303E-03,-415.3485E-03,-13.0850E-03
+1.9100E-03,+2.1591115E+00,+0.0E+00,-251.0458E-03,-11.3946E-03
+1.9200E-03,+2.1757322E+00,+0.0E+00,-251.0458E-03,-9.7533E-03
+1.9300E-03,+2.2078980E+00,-2.6140E-03,+405.3403E-03,-8.0596E-03
+1.9400E-03,+2.1999144E+00,+0.0E+00,-436.8568E-03,-9.3724E-03
+1.9500E-03,+2.2092050E+00,+0.0E+00,-251.0458E-03,-8.3194E-03
+1.9600E-03,+2.2092050E+00,+0.0E+00,+280.2473E-03,-6.4610E-03
+1.9700E-03,+2.1740033E+00,+0.0E+00,-216.4676E-03,-15.6520E-03
+1.9800E-03,+2.1757322E+00,-46.2137E-03,+211.0910E-03,-11.1259E-03
+1.9900E-03,+2.1902019E+00,-38.0060E-03,+38.3499E-03,-7.4547E-03
+2.0000E-03,+2.1698994E+00,+0.0E+00,-134.3912E-03,-9.8390E-03
+2.0100E-03,+2.2064006E+00,+0.0E+00,-251.0458E-03,-9.3724E-03
+2.0200E-03,+2.1757322E+00,+0.0E+00,-251.0458E-03,-11.5926E-03
+2.0300E-03,+2.1757322E+00,-13.3681E-03,-384.7270E-03,-9.1040E-03
+2.0400E-03,+2.1757322E+00,+38.4017E-03,-251.0458E-03,-13.7766E-03
+2.0500E-03,+2.1796119E+00,+0.0E+00,+418.4102E-03,-10.2457E-03
+2.0600E-03,+2.2092050E+00,-41.9120E-03,-501.3816E-03,-6.1939E-03
+2.0700E-03,+2.2057209E+00,+0.0E+00,-74.3481E-03,-13.2498E-03
+2.0800E-03,+2.1459413E+00,-7.3638E-03,-251.0458E-03,-9.5197E-03
+2.0900E-03,+2.1856425E+00,-57.0353E-03,-251.0458E-03,-5.7521E-03
+2.1000E-03,+2.1757322E+00,+0.0E+00,+20.7983E-03,-9.6645E-03
+2.1100E-03,+2.2201907E+00,+0.0E+00,+193.5394E-03,-7.5837E-03
+2.1200E-03,+2.1757322E+00,-61.7326E-03,+366.2805E-03,-8.3463E-03
+2.1300E-03,+2.1697016E+00,+0.0E+00,+297.7989E-03,-10.4701E-03
+2.1400E-03,+2.1610645E+00,+0.0E+00,+418.4102E-03,-5.9424E-03
+2.1500E-03,+2.1757322E+00,+0.0E+00,-47.6832E-03,-9.4911E-03
+2.1600E-03,+2.2107360E+00,+0.0E+00,+387.7887E-03,-13.1441E-03
+2.1700E-03,+2.1686262E+00,+0.0E+00,-251.0458E-03,-12.3344E-03
+2.1800E-03,+2.1914752E+00,+0.0E+00,-920.5019E-03,-9.2929E-03
+2.1900E-03,+2.1757322E+00,-66.9456E-03,-614.7545E-03,-9.6202E-03
+2.2000E-03,+2.2092050E+00,-66.0343E-03,+409.2970E-03,-10.8024E-03
+2.2100E-03,+2.2181336E+00,+0.0E+00,-251.0458E-03,-9.3724E-03
+2.2200E-03,+2.1923865E+00,+0.0E+00,+85.3231E-03,-12.7295E-03
+2.2300E-03,+2.1917668E+00,-16.0346E-03,+258.0642E-03,-12.0502E-03
+2.2400E-03,+2.1763519E+00,-1.2395E-03,+418.4102E-03,-10.7361E-03
+2.2500E-03,+2.1664754E+00,+0.0E+00,-251.0458E-03,-12.6486E-03
+2.2600E-03,+2.1913111E+00,+0.0E+00,-251.0458E-03,-11.9576E-03
+2.2700E-03,+2.2357359E+00,-53.0618E-03,-112.2081E-03,-13.5679E-03
+2.2800E-03,+2.2109001E+00,+0.0E+00,-217.1425E-03,-6.7624E-03
+2.2900E-03,+2.2092050E+00,+0.0E+00,-457.6902E-03,-12.1493E-03
+2.3000E-03,+2.1947014E+00,-29.0071E-03,-161.7309E-03,-12.0502E-03
+2.3100E-03,+2.1757322E+00,+0.0E+00,-568.5134E-03,-11.1806E-03
+2.3200E-03,+2.2399072E+00,+61.4044E-03,-251.0458E-03,-13.2783E-03
+2.3300E-03,+2.1643245E+00,+44.1303E-03,-692.3492E-03,-11.9602E-03
+2.3400E-03,+2.1823487E+00,+0.0E+00,+418.4102E-03,-9.1077E-03
+2.3500E-03,+2.1853143E+00,-57.3635E-03,-251.0458E-03,-7.0778E-03
+2.3600E-03,+2.1757322E+00,+0.0E+00,-174.1259E-03,-6.8484E-03
+2.3700E-03,+2.2177117E+00,-24.9661E-03,-80.9117E-03,-10.3710E-03
+2.3800E-03,+2.1880849E+00,+0.0E+00,-251.0458E-03,-8.4637E-03
+2.3900E-03,+2.2389621E+00,+0.0E+00,-251.0458E-03,-5.5043E-03
+2.4000E-03,+2.1806536E+00,-9.8428E-03,+418.4102E-03,-10.7113E-03
+2.4100E-03,+2.2291193E+00,-66.9456E-03,+20.1234E-03,-8.5758E-03
+2.4200E-03,+2.1870094E+00,-44.3910E-03,-251.0458E-03,-8.9357E-03
+2.4300E-03,+2.2065647E+00,+0.0E+00,-251.0458E-03,-10.3945E-03
+2.4400E-03,+2.2152018E+00,-66.9456E-03,-800.5654E-03,-11.1910E-03
+2.4500E-03,+2.2761506E+00,-29.2678E-03,-251.0458E-03,-10.3749E-03
+2.4600E-03,+2.2324759E+00,+0.0E+00,+214.3728E-03,-8.7349E-03
+2.4700E-03,+2.2092050E+00,-3.1296E-03,-219.7495E-03,-9.4350E-03
+2.4800E-03,+2.2162772E+00,+0.0E+00,-109.6011E-03,-13.3136E-03
+2.4900E-03,+2.1914415E+00,-35.5270E-03,+104.2244E-03,-10.0008E-03
+2.5000E-03,+2.2244249E+00,+0.0E+00,-68.5167E-03,-9.3724E-03
+2.5100E-03,+2.2092050E+00,-64.9880E-03,+418.4102E-03,-14.6693E-03
+2.5200E-03,+2.2092050E+00,+0.0E+00,-251.0458E-03,-6.3334E-03
+2.5300E-03,+2.2092050E+00,+0.0E+00,-251.0458E-03,-11.3788E-03
+2.5400E-03,+2.1837832E+00,-16.1021E-03,-251.0458E-03,-10.3893E-03
+2.5500E-03,+2.2092050E+00,-65.7736E-03,-908.7817E-03,-9.4427E-03
+2.5600E-03,+2.1941783E+00,-18.4461E-03,-66.5845E-03,-9.9735E-03
+2.5700E-03,+2.1757322E+00,+0.0E+00,-920.5019E-03,-12.6747E-03
+2.5800E-03,+2.2357021E+00,+0.0E+00,-111.5332E-03,-7.7544E-03
+2.5900E-03,+2.2092050E+00,+63.6228E-03,-251.0458E-03,-6.6946E-03
+2.6000E-03,+2.2092050E+00,+0.0E+00,-251.0458E-03,-9.3724E-03
+2.6100E-03,+2.2048067E+00,-29.0745E-03,-251.0458E-03,-9.3724E-03
+2.6200E-03,+2.1816324E+00,-55.1452E-03,-251.0458E-03,-12.0502E-03
+2.6300E-03,+2.2734137E+00,-66.9456E-03,-251.0458E-03,-8.1429E-03
+2.6400E-03,+2.2205789E+00,-22.7478E-03,-1.1479797E+00,-11.1403E-03
+2.6500E-03,+2.2426778E+00,+0.0E+00,-120.0640E-03,-8.3100E-03
+2.6600E-03,+2.2426778E+00,+0.0E+00,-251.0458E-03,-8.9984E-03
+2.6700E-03,+2.2092050E+00,+51.6966E-03,+342.1652E-03,-10.5588E-03
+2.6800E-03,+2.2302285E+00,-17.1484E-03,-920.5019E-03,-11.8952E-03
+2.6900E-03,+2.2092050E+00,+42.1727E-03,-251.0458E-03,-12.0502E-03
+2.7000E-03,+2.2351790E+00,+0.0E+00,+343.4225E-03,-8.4834E-03
+2.7100E-03,+2.2329024E+00,+0.0E+00,+320.6569E-03,-10.3203E-03
+2.7200E-03,+2.2027816E+00,-27.0494E-03,+418.4102E-03,-13.1322E-03
+2.7300E-03,+2.2648395E+00,+0.0E+00,-251.0458E-03,-10.2957E-03
+2.7400E-03,+2.2118789E+00,-5.3479E-03,+418.4102E-03,-11.6224E-03
+2.7500E-03,+2.2151680E+00,+0.0E+00,+299.1487E-03,-12.9121E-03
+2.7600E-03,+2.2092050E+00,+0.0E+00,+40.9569E-03,-13.0473E-03
+2.7700E-03,+2.2556793E+00,+0.0E+00,+213.6979E-03,-8.8523E-03
+2.7800E-03,+2.2410792E+00,+0.0E+00,-219.0746E-03,-12.1142E-03
+2.7900E-03,+2.2356393E+00,-52.8686E-03,+277.6404E-03,-9.4412E-03
+2.8000E-03,+2.2248805E+00,+0.0E+00,+418.4102E-03,-10.7962E-03
+2.8100E-03,+2.2335176E+00,+0.0E+00,-251.0458E-03,-12.6563E-03
+2.8200E-03,+2.2102513E+00,-65.8993E-03,+407.9473E-03,-14.6234E-03
+2.8300E-03,+2.2345639E+00,+0.0E+00,-251.0458E-03,-11.4011E-03
+2.8400E-03,+2.2259268E+00,-33.5019E-03,+83.9734E-03,-10.0401E-03
+2.8500E-03,+2.2345930E+00,+0.0E+00,-251.0458E-03,-13.7579E-03
+2.8600E-03,+2.3079666E+00,+0.0E+00,-240.0005E-03,-8.0556E-03
+2.8700E-03,+2.2000156E+00,+0.0E+00,-434.8322E-03,-12.0502E-03
+2.8800E-03,+2.2605041E+00,+0.0E+00,-251.0458E-03,-8.7465E-03
+2.8900E-03,+2.2426778E+00,-14.0187E-03,-251.0458E-03,-10.2135E-03
+2.9000E-03,+2.2426778E+00,+63.6902E-03,-218.4922E-03,-9.4375E-03
+2.9100E-03,+2.2426778E+00,+0.0E+00,-45.7511E-03,-12.9785E-03
+2.9200E-03,+2.2426778E+00,-37.8036E-03,+418.4102E-03,-10.8845E-03
+2.9300E-03,+2.2151389E+00,-55.0777E-03,-132.3666E-03,-11.1860E-03
+2.9400E-03,+2.2119081E+00,+0.0E+00,-251.0458E-03,-4.3411E-03
+2.9500E-03,+2.2761506E+00,+0.0E+00,+418.4102E-03,-9.8041E-03
+2.9600E-03,+2.2426778E+00,-39.9544E-03,+148.4982E-03,-8.2927E-03
+2.9700E-03,+2.2761506E+00,-47.5114E-03,+321.2393E-03,-11.2943E-03
+2.9800E-03,+2.2167620E+00,+0.0E+00,-251.0458E-03,-8.6380E-03
+2.9900E-03,+2.2723767E+00,+0.0E+00,-672.1906E-03,-8.5301E-03
+3.0000E-03,+2.2972032E+00,-66.9456E-03,-78.3972E-03,-8.7241E-03
+3.0100E-03,+2.2685843E+00,+0.0E+00,+418.4102E-03,-9.3724E-03
+3.0200E-03,+2.2475317E+00,+47.5299E-03,+321.3318E-03,-8.8101E-03
+3.0300E-03,+2.2291868E+00,-26.9820E-03,+148.5907E-03,-10.4517E-03
+3.0400E-03,+2.2426778E+00,+44.2561E-03,-251.0458E-03,-12.9353E-03
+3.0500E-03,+2.2426778E+00,-61.5302E-03,+364.2559E-03,-13.3891E-03
+3.0600E-03,+2.2210636E+00,-11.8587E-03,-251.0458E-03,-12.6776E-03
+3.0700E-03,+2.2615842E+00,+0.0E+00,+418.4102E-03,-12.6329E-03
+3.0800E-03,+2.2426778E+00,+0.0E+00,+418.4102E-03,-15.3520E-03
+3.0900E-03,+2.2745183E+00,+0.0E+00,-283.6919E-03,-9.4377E-03
+3.1000E-03,+2.2496825E+00,-14.0095E-03,-110.9508E-03,-7.5351E-03
+3.1100E-03,+2.2605088E+00,+0.0E+00,+105.5741E-03,-11.8751E-03
+3.1200E-03,+2.3096234E+00,+0.0E+00,-251.0458E-03,-9.0046E-03
+3.1300E-03,+2.2103187E+00,+0.0E+00,+396.1347E-03,-15.9110E-03
+3.1400E-03,+2.2426778E+00,+0.0E+00,-251.0458E-03,-14.0816E-03
+3.1500E-03,+2.2593566E+00,+0.0E+00,-585.3902E-03,-11.3815E-03
+3.1600E-03,+2.2680320E+00,-16.2371E-03,-251.0458E-03,-7.6688E-03
+3.1700E-03,+2.2756320E+00,+0.0E+00,-251.0458E-03,-9.3516E-03
+3.1800E-03,+2.2518333E+00,+0.0E+00,-67.9343E-03,-9.7386E-03
+3.1900E-03,+2.2426778E+00,+31.3603E-03,-251.0458E-03,-11.9657E-03
+3.2000E-03,+2.2426778E+00,-52.8594E-03,+418.4102E-03,-15.0098E-03
+3.2100E-03,+2.2410838E+00,+0.0E+00,-251.0458E-03,-2.8691E-03
+3.2200E-03,+2.2529088E+00,+0.0E+00,+213.7904E-03,-11.6410E-03
+3.2300E-03,+2.2280730E+00,+0.0E+00,-251.0458E-03,-13.2186E-03
+3.2400E-03,+2.2546132E+00,-11.9354E-03,-251.0458E-03,-7.2653E-03
+3.2500E-03,+2.2426778E+00,+5.3387E-03,+365.0232E-03,-7.4420E-03
+3.2600E-03,+2.2426778E+00,-22.6128E-03,-251.0458E-03,-11.5801E-03
+3.2700E-03,+2.3231527E+00,-27.0587E-03,+147.8234E-03,-11.7376E-03
+3.2800E-03,+2.2712583E+00,-57.1610E-03,+320.5645E-03,-10.1242E-03
+3.2900E-03,+2.2426778E+00,+59.4561E-03,-176.1505E-03,-11.3105E-03
+3.3000E-03,+2.2426778E+00,+0.0E+00,-251.0458E-03,-11.8487E-03
+3.3100E-03,+2.2426778E+00,+24.9079E-03,+169.3317E-03,-10.7113E-03
+3.3200E-03,+2.2464946E+00,+0.0E+00,-251.0458E-03,-9.8304E-03
+3.3300E-03,+2.3048032E+00,+0.0E+00,-251.0458E-03,-13.9568E-03
+3.3400E-03,+2.2561350E+00,-26.9145E-03,-119.8791E-03,-10.9873E-03
+3.3500E-03,+2.2761506E+00,-44.1886E-03,+190.8399E-03,-10.2827E-03
+3.3600E-03,+2.2454192E+00,-61.4627E-03,-251.0458E-03,-10.8210E-03
+3.3700E-03,+2.2702550E+00,+0.0E+00,-251.0458E-03,-8.0335E-03
+3.3800E-03,+2.2470853E+00,-37.8803E-03,-251.0458E-03,-10.5350E-03
+3.3900E-03,+2.2529809E+00,-46.3394E-03,+212.3482E-03,-9.6820E-03
+3.4000E-03,+2.2761506E+00,-63.6135E-03,+418.4102E-03,-11.7836E-03
+3.4100E-03,+2.2761506E+00,-53.0036E-03,+278.9901E-03,-10.6560E-03
+3.4200E-03,+2.2605425E+00,+0.0E+00,-608.3406E-03,-10.8016E-03
+3.4300E-03,+2.2519055E+00,-48.4902E-03,-251.0458E-03,-9.3724E-03
+3.4400E-03,+2.2767412E+00,+65.7643E-03,-239.2332E-03,-13.3655E-03
+3.4500E-03,+2.2761506E+00,-16.0928E-03,-251.0458E-03,-9.6942E-03
+3.4600E-03,+2.3096234E+00,+33.5787E-03,-251.0458E-03,-8.0335E-03
+3.4700E-03,+2.3267916E+00,+0.0E+00,-88.0004E-03,-9.6985E-03
+3.4800E-03,+2.2431625E+00,-65.0065E-03,-251.0458E-03,-9.3142E-03
+3.4900E-03,+2.2670287E+00,+0.0E+00,-251.0458E-03,-12.0502E-03
+3.5000E-03,+2.2918645E+00,+0.0E+00,+63.2324E-03,-9.2088E-03
+3.5100E-03,+2.3025465E+00,+0.0E+00,-109.5086E-03,-11.9737E-03
+3.5200E-03,+2.3080632E+00,-66.9456E-03,-251.0458E-03,-8.0959E-03
+3.5300E-03,+2.2863478E+00,+0.0E+00,+418.4102E-03,-8.2109E-03
+3.5400E-03,+2.2719548E+00,+0.0E+00,-334.9619E-03,-9.6223E-03
+3.5500E-03,+2.3310933E+00,+0.0E+00,-131.0169E-03,-11.1914E-03
+3.5600E-03,+2.3069878E+00,-5.2712E-03,-198.3336E-03,-5.8828E-03
+3.5700E-03,+2.2761506E+00,-22.5453E-03,-251.0458E-03,-10.7113E-03
+3.5800E-03,+2.2562409E+00,+0.0E+00,-522.3075E-03,-10.7113E-03
+3.5900E-03,+2.2761506E+00,+0.0E+00,-251.0458E-03,-12.7980E-03
+3.6000E-03,+2.2463888E+00,+0.0E+00,-176.8254E-03,-9.0755E-03
+3.6100E-03,+2.2761506E+00,-17.5533E-03,+171.4487E-03,-9.3724E-03
+3.6200E-03,+2.3221110E+00,+0.0E+00,+168.6568E-03,-12.0709E-03
+3.6300E-03,+2.2761506E+00,-59.2444E-03,+341.3979E-03,-9.6804E-03
+3.6400E-03,+2.2809370E+00,+9.5729E-03,-251.0458E-03,-8.6078E-03
+3.6500E-03,+2.2895741E+00,+0.0E+00,+418.4102E-03,-14.1911E-03
+3.6600E-03,+2.2647383E+00,+22.8245E-03,-251.0458E-03,-10.2548E-03
+3.6700E-03,+2.3096234E+00,-61.3952E-03,-251.0458E-03,-10.7113E-03
+3.6800E-03,+2.2761506E+00,-66.9456E-03,-133.8088E-03,-11.1802E-03
+3.6900E-03,+2.2716756E+00,+0.0E+00,-251.0458E-03,-7.2745E-03
+3.7000E-03,+2.2633515E+00,-46.2719E-03,+4.9365E-03,-13.9996E-03
+3.7100E-03,+2.2426778E+00,+0.0E+00,-251.0458E-03,-11.9822E-03
+3.7200E-03,+2.3096234E+00,+0.0E+00,-251.0458E-03,-9.3724E-03
+3.7300E-03,+2.2894007E+00,+0.0E+00,-251.0458E-03,-8.6564E-03
+3.7400E-03,+2.3003619E+00,-29.8999E-03,-550.0447E-03,-7.2079E-03
+3.7500E-03,+2.3096234E+00,-65.6969E-03,+393.4352E-03,-12.0003E-03
+3.7600E-03,+2.3096234E+00,+0.0E+00,-90.7922E-03,-12.8050E-03
+3.7700E-03,+2.2763239E+00,+0.0E+00,+81.9488E-03,-7.3814E-03
+3.7800E-03,+2.2761506E+00,+0.0E+00,-920.5019E-03,-12.3777E-03
+3.7900E-03,+2.2761506E+00,-66.0435E-03,-242.0250E-03,-5.4459E-03
+3.8000E-03,+2.3005353E+00,+0.0E+00,-251.0458E-03,-11.4383E-03
+3.8100E-03,+2.2918982E+00,+0.0E+00,+418.4102E-03,-12.4428E-03
+3.8200E-03,+2.2903718E+00,-14.2212E-03,-251.0458E-03,-7.5478E-03
+3.8300E-03,+2.3430962E+00,+0.0E+00,+387.8812E-03,-9.3113E-03
+3.8400E-03,+2.2994599E+00,+20.3270E-03,-251.0458E-03,-8.8466E-03
+3.8500E-03,+2.2761506E+00,+29.3445E-03,+124.9654E-03,-9.3724E-03
+3.8600E-03,+2.2701154E+00,+0.0E+00,+297.7065E-03,-8.6482E-03
+3.8700E-03,+2.3096234E+00,+0.0E+00,-251.0458E-03,-7.0068E-03
+3.8800E-03,+2.2983845E+00,+0.0E+00,-251.0458E-03,-13.3989E-03
+3.8900E-03,+2.2698714E+00,-27.1937E-03,+690.3468E-03,-11.2552E-03
+3.9000E-03,+2.3381364E+00,-57.0261E-03,+418.4102E-03,-10.6615E-03
+3.9100E-03,+2.2835051E+00,+7.3546E-03,-177.5002E-03,-10.7113E-03
+3.9200E-03,+2.2973090E+00,-24.6287E-03,+172.1235E-03,-9.0948E-03
+3.9300E-03,+2.2761506E+00,-41.9028E-03,-617.5E-06,-11.5494E-03
+3.9400E-03,+2.3135077E+00,-59.1769E-03,+340.7230E-03,-15.1347E-03
+3.9500E-03,+2.2713979E+00,-57.4402E-03,-251.0458E-03,-9.1823E-03
+3.9600E-03,+2.3297064E+00,-40.1661E-03,-251.0458E-03,-13.3890E-03
+3.9700E-03,+2.3316502E+00,-22.8920E-03,-479.9658E-03,-9.8648E-03
+3.9800E-03,+2.3402872E+00,+0.0E+00,-194.8669E-03,-8.5953E-03
+3.9900E-03,+2.2936349E+00,+0.0E+00,+185.2859E-03,-10.7113E-03
+4.0000E-03,+2.2906157E+00,+0.0E+00,-251.0458E-03,-12.0167E-03
+4.0100E-03,+2.2992528E+00,+0.0E+00,-505.6784E-03,-11.6354E-03
+4.0200E-03,+2.2444113E+00,-63.4785E-03,-251.0458E-03,-10.8500E-03
+4.0300E-03,+2.3361927E+00,+0.0E+00,-251.0458E-03,-10.4769E-03
+4.0400E-03,+2.2940828E+00,-35.8645E-03,-561.8574E-03,-4.4470E-03
+4.0500E-03,+2.2761506E+00,-18.5903E-03,-436.9493E-03,-10.1160E-03
+4.0600E-03,+2.3102815E+00,-66.9456E-03,+418.4102E-03,-6.7735E-03
+4.0700E-03,+2.2921084E+00,+0.0E+00,-91.4671E-03,-8.0335E-03
+4.0800E-03,+2.2927666E+00,-33.2320E-03,+413.5938E-03,-11.3567E-03
+4.0900E-03,+2.3348764E+00,-34.0666E-03,-251.0458E-03,-8.3623E-03
+4.1000E-03,+2.2765679E+00,+834.6E-06,-251.0458E-03,-10.7113E-03
+4.1100E-03,+2.3005690E+00,+0.0E+00,-739.4149E-03,-11.1833E-03
+4.1200E-03,+2.2919320E+00,+0.0E+00,+380.2101E-03,-7.4786E-03
+4.1300E-03,+2.3167677E+00,+0.0E+00,-393.9327E-03,-10.8013E-03
+4.1400E-03,+2.3430962E+00,+0.0E+00,+358.7018E-03,-13.3294E-03
+4.1500E-03,+2.2761506E+00,+0.0E+00,-251.0458E-03,-11.7684E-03
+4.1600E-03,+2.3202685E+00,-29.4120E-03,-251.0458E-03,-8.1959E-03
+4.1700E-03,+2.3096234E+00,-66.9456E-03,+418.4102E-03,-9.0045E-03
+4.1800E-03,+2.2787187E+00,+0.0E+00,+367.0478E-03,-9.3724E-03
+4.1900E-03,+2.2985609E+00,-66.9456E-03,-251.0458E-03,-11.5963E-03
+4.2000E-03,+2.3430962E+00,-39.6845E-03,-647.8905E-03,-12.7956E-03
+4.2100E-03,+2.3096234E+00,-56.9586E-03,+318.5399E-03,-11.6507E-03
+4.2200E-03,+2.2761506E+00,+0.0E+00,+345.5395E-03,-8.3250E-03
+4.2300E-03,+2.3219040E+00,-42.3844E-03,+418.4102E-03,-11.7807E-03
+4.2400E-03,+2.3012609E+00,+0.0E+00,-251.0458E-03,-13.0546E-03
+4.2500E-03,+2.3391781E+00,-59.1094E-03,-842.1398E-03,-5.9825E-03
+4.2600E-03,+2.2761506E+00,+0.0E+00,-251.0458E-03,-12.6341E-03
+4.2700E-03,+2.3163842E+00,-26.7120E-03,+16.0743E-03,-8.5743E-03
+4.2800E-03,+2.3430962E+00,-22.9595E-03,-251.0458E-03,-11.1318E-03
+4.2900E-03,+2.3096234E+00,-5.6854E-03,+974.1588E-03,-14.6143E-03
+4.3000E-03,+2.2819449E+00,-11.5887E-03,+302.5229E-03,-10.9431E-03
+4.3100E-03,+2.3096234E+00,-66.9456E-03,-158.8466E-03,-11.1042E-03
+4.3200E-03,+2.2992190E+00,-20.8087E-03,-251.0458E-03,-10.6209E-03
+4.3300E-03,+2.3413289E+00,+0.0E+00,+347.7193E-03,-10.6406E-03
+4.3400E-03,+2.3628294E+00,+0.0E+00,-251.0458E-03,-12.5647E-03
+4.3500E-03,+2.3071642E+00,-35.9319E-03,-561.1825E-03,-7.5116E-03
+4.3600E-03,+2.2854795E+00,+0.0E+00,-251.0458E-03,-9.5918E-03
+4.3700E-03,+2.3089315E+00,+0.0E+00,+404.5730E-03,-10.6836E-03
+4.3800E-03,+2.3430962E+00,+0.0E+00,-92.1419E-03,-7.3302E-03
+4.3900E-03,+2.2927328E+00,-33.1645E-03,+80.5991E-03,-12.0379E-03
+4.4000E-03,+2.3091646E+00,-16.5070E-03,-251.0458E-03,-7.6850E-03
+4.4100E-03,+2.3427126E+00,-66.1785E-03,+410.7392E-03,-6.6946E-03
+4.4200E-03,+2.3430962E+00,+48.9044E-03,-251.0458E-03,-12.0502E-03
+4.4300E-03,+2.3114659E+00,+0.0E+00,-251.0458E-03,-9.3724E-03
+4.4400E-03,+2.3502743E+00,+0.0E+00,+418.4102E-03,-11.1888E-03
+4.4500E-03,+2.2790685E+00,-64.0277E-03,-221.8665E-03,-13.3308E-03
+4.4600E-03,+2.3563769E+00,+0.0E+00,-49.1254E-03,-12.3267E-03
+4.4700E-03,+2.2908903E+00,+0.0E+00,+43.7487E-03,-12.6398E-03
+4.4800E-03,+2.3369935E+00,-54.7403E-03,-251.0458E-03,-11.8061E-03
+4.4900E-03,+2.3096234E+00,+0.0E+00,-200.3582E-03,-10.2044E-03
+4.5000E-03,+2.3096234E+00,-66.9456E-03,-27.6171E-03,-9.8209E-03
+4.5100E-03,+2.3157675E+00,-39.6170E-03,+418.4102E-03,-9.9190E-03
+4.5200E-03,+2.3430962E+00,+0.0E+00,-351.5910E-03,-5.7578E-03
+4.5300E-03,+2.3096234E+00,-66.9456E-03,+346.2143E-03,-13.1003E-03
+4.5400E-03,+2.3520753E+00,-42.4519E-03,+173.4733E-03,-8.3926E-03
+4.5500E-03,+2.3305073E+00,+0.0E+00,-85.1457E-03,-11.2149E-03
+4.5600E-03,+2.3470480E+00,+0.0E+00,-330.0827E-03,-9.6885E-03
+4.5700E-03,+2.3430962E+00,+0.0E+00,+418.4102E-03,-11.8628E-03
+4.5800E-03,+2.3164516E+00,+0.0E+00,-517.4911E-03,-15.2743E-03
+4.5900E-03,+2.3096234E+00,-23.0270E-03,-20.7761E-03,-10.2508E-03
+4.6000E-03,+2.3708161E+00,-5.7529E-03,+303.3530E-03,-11.9352E-03
+4.6100E-03,+2.3430962E+00,+0.0E+00,+303.1978E-03,-14.0368E-03
+4.6200E-03,+2.3096234E+00,-38.1503E-03,+36.9077E-03,-7.8464E-03
+4.6300E-03,+2.3200614E+00,+0.0E+00,-42.2844E-03,-8.1198E-03
+4.6400E-03,+2.3412952E+00,-66.9456E-03,+382.3899E-03,-9.6605E-03
+4.6500E-03,+2.3697329E+00,-53.2735E-03,+281.6895E-03,-11.8334E-03
+4.6600E-03,+2.3096234E+00,-35.9994E-03,-251.0458E-03,-12.0502E-03
+4.6700E-03,+2.3524588E+00,+29.4950E-03,+231.1571E-03,-11.4603E-03
+4.6800E-03,+2.3423706E+00,-65.4944E-03,-251.0458E-03,-12.0212E-03
+4.6900E-03,+2.3351847E+00,+15.8229E-03,-409.2748E-03,-15.8236E-03
+4.7000E-03,+2.2926991E+00,+0.0E+00,-582.0159E-03,-6.7096E-03
+4.7100E-03,+2.3430962E+00,+50.3711E-03,+86.9205E-03,-15.4040E-03
+4.7200E-03,+2.3427464E+00,+0.0E+00,-251.0458E-03,-13.3471E-03
+4.7300E-03,+2.3275971E+00,+0.0E+00,+418.4102E-03,-12.6702E-03
+4.7400E-03,+2.3096234E+00,-35.2478E-03,-251.0458E-03,-11.9792E-03
+4.7500E-03,+2.3358843E+00,+14.4237E-03,+274.1736E-03,-10.2378E-03
+4.7600E-03,+2.3124738E+00,-64.0952E-03,-251.0458E-03,-9.3154E-03
+4.7700E-03,+2.3531585E+00,-20.1246E-03,-719.2563E-03,-11.6477E-03
+4.7800E-03,+2.3430962E+00,-37.3987E-03,-251.0458E-03,-9.8063E-03
+4.7900E-03,+2.3704326E+00,-54.6728E-03,-251.0458E-03,-10.7113E-03
+4.8000E-03,+2.3121240E+00,+0.0E+00,-251.0458E-03,-13.1891E-03
+4.8100E-03,+2.3207611E+00,+0.0E+00,-251.0458E-03,-7.5832E-03
+4.8200E-03,+2.3430962E+00,+39.5495E-03,-251.0458E-03,-14.7280E-03
+4.8300E-03,+2.3481572E+00,+0.0E+00,-251.0458E-03,-9.3724E-03
+4.8400E-03,+2.3430962E+00,-7.1521E-03,-251.0458E-03,-6.0709E-03
+4.8500E-03,+2.3218365E+00,+0.0E+00,-251.0458E-03,-11.6883E-03
+4.8600E-03,+2.3639463E+00,-66.9456E-03,-920.5019E-03,-9.2191E-03
+4.8700E-03,+2.3725834E+00,-66.9456E-03,-251.0458E-03,-9.8507E-03
+4.8800E-03,+2.3719175E+00,-57.6427E-03,+325.3809E-03,-14.5785E-03
+4.8900E-03,+2.2894391E+00,+0.0E+00,+14.7246E-03,-8.0335E-03
+4.9000E-03,+2.3869473E+00,+23.0945E-03,-481.9904E-03,-12.1437E-03
+4.9100E-03,+2.3067132E+00,-61.1253E-03,-192.8423E-03,-9.3724E-03
+4.9200E-03,+2.3430962E+00,-55.4918E-03,-136.5082E-03,-9.8305E-03
+4.9300E-03,+2.3574601E+00,+0.0E+00,+36.2329E-03,-9.5622E-03
+4.9400E-03,+2.3556253E+00,+0.0E+00,-41.6095E-03,-12.5514E-03
+4.9500E-03,+2.3114581E+00,+0.0E+00,-251.0458E-03,-9.1522E-03
+4.9600E-03,+2.3430962E+00,+0.0E+00,+282.3644E-03,-8.8497E-03
+4.9700E-03,+2.3405021E+00,+0.0E+00,-251.0458E-03,-11.9464E-03
+4.9800E-03,+2.3430962E+00,+0.0E+00,-251.0458E-03,-9.7482E-03
+4.9900E-03,+2.3430962E+00,-1.5187E-03,-905.3150E-03,-12.0198E-03
+5.0000E-03,+2.3864087E+00,+0.0E+00,-251.0458E-03,-15.5152E-03
+5.0100E-03,+2.3596109E+00,+0.0E+00,+88.1150E-03,-10.0862E-03
+5.0200E-03,+2.3262653E+00,+0.0E+00,+81.7936E-03,-10.0381E-03
+5.0300E-03,+2.3102555E+00,+0.0E+00,-244.7245E-03,-14.7027E-03
+5.0400E-03,+2.3430962E+00,+0.0E+00,-251.0458E-03,-11.0694E-03
+5.0500E-03,+2.3413886E+00,+0.0E+00,+736.0628E-03,-12.1185E-03
+5.0600E-03,+2.3955506E+00,-52.4545E-03,-251.0458E-03,-7.5640E-03
+5.0700E-03,+2.3751775E+00,-2.7830E-03,-223.2162E-03,-8.2005E-03
+5.0800E-03,+2.3731818E+00,+0.0E+00,-50.4751E-03,-12.4514E-03
+5.0900E-03,+2.3617618E+00,+37.3312E-03,-251.0458E-03,-9.6560E-03
+5.1000E-03,+2.3492663E+00,+0.0E+00,+295.0071E-03,-8.2803E-03
+5.1100E-03,+2.3406293E+00,+0.0E+00,+369.0723E-03,-11.7542E-03
+5.1200E-03,+2.3430962E+00,-22.2079E-03,-695.2038E-03,-9.3724E-03
+5.1300E-03,+2.3096234E+00,-39.4820E-03,-251.0458E-03,-12.5995E-03
+5.1400E-03,+2.3430962E+00,+0.0E+00,-251.0458E-03,-2.7654E-03
+5.1500E-03,+2.3167080E+00,+59.8610E-03,-251.0458E-03,-10.4279E-03
+5.1600E-03,+2.3643896E+00,+24.3587E-03,-251.0458E-03,-11.0759E-03
+5.1700E-03,+2.3765690E+00,+0.0E+00,+165.2825E-03,-9.8786E-03
+5.1800E-03,+2.3725496E+00,-58.9069E-03,-331.4324E-03,-7.1769E-03
+5.1900E-03,+2.3673335E+00,-57.7102E-03,-828.1474E-03,-11.4961E-03
+5.2000E-03,+2.3835322E+00,+0.0E+00,-251.0458E-03,-10.9898E-03
+5.2100E-03,+2.3765690E+00,+0.0E+00,-19.4264E-03,-10.1973E-03
+5.2200E-03,+2.3736251E+00,+0.0E+00,-251.0458E-03,-7.1656E-03
+5.2300E-03,+2.3096234E+00,+11.3863E-03,+304.5475E-03,-12.2779E-03
+5.2400E-03,+2.3622388E+00,+0.0E+00,-347.2942E-03,-13.9666E-03
+5.2500E-03,+2.3660634E+00,+0.0E+00,-251.0458E-03,-11.6300E-03
+5.2600E-03,+2.3449647E+00,-3.7370E-03,+418.4102E-03,-11.6018E-03
+5.2700E-03,+2.3498647E+00,-13.5371E-03,-115.6748E-03,-6.9653E-03
+5.2800E-03,+2.3430962E+00,+5.3232E-03,+57.0663E-03,-8.5432E-03
+5.2900E-03,+2.4006116E+00,-18.8603E-03,+418.4102E-03,-15.8970E-03
+5.3000E-03,+2.3757759E+00,-65.3594E-03,-251.0458E-03,-10.8065E-03
+5.3100E-03,+2.3331553E+00,+0.0E+00,+261.5309E-03,-11.0251E-03
+5.3200E-03,+2.3765690E+00,-66.9456E-03,-251.0458E-03,-10.6909E-03
+5.3300E-03,+2.3849237E+00,-33.5267E-03,-251.0458E-03,-10.7135E-03
+5.3400E-03,+2.3762867E+00,+66.3810E-03,-256.6923E-03,-10.7113E-03
+5.3500E-03,+2.3430962E+00,+0.0E+00,-563.7267E-03,-12.5874E-03
+5.3600E-03,+2.3447362E+00,-31.8327E-03,+451.2115E-03,-11.4136E-03
+5.3700E-03,+2.3430962E+00,+14.5586E-03,+418.4102E-03,-9.1982E-03
+5.3800E-03,+2.3458117E+00,-64.2301E-03,+418.4102E-03,-8.0878E-03
+5.3900E-03,+2.3630858E+00,-19.9896E-03,+418.4102E-03,-8.4333E-03
+5.4000E-03,+2.3617280E+00,+37.2637E-03,-251.0458E-03,-10.7113E-03
+5.4100E-03,+2.4038379E+00,-12.4078E-03,+418.4102E-03,-8.7779E-03
+5.4200E-03,+2.3430962E+00,+0.0E+00,+418.4102E-03,-9.2751E-03
+5.4300E-03,+2.3765690E+00,-44.8052E-03,+418.4102E-03,-9.8047E-03
+5.4400E-03,+2.3903345E+00,-27.5311E-03,-251.0458E-03,-10.1607E-03
+5.4500E-03,+2.3714405E+00,+66.9456E-03,-251.0458E-03,-10.9164E-03
+5.4600E-03,+2.3466047E+00,+0.0E+00,-321.2172E-03,-9.5127E-03
+5.4700E-03,+2.3736049E+00,+0.0E+00,+418.4102E-03,-9.9768E-03
+5.4800E-03,+2.3638788E+00,-66.9456E-03,+256.5593E-03,-11.2189E-03
+5.4900E-03,+2.3725159E+00,+42.6272E-03,-251.0458E-03,-12.3745E-03
+5.5000E-03,+2.3476802E+00,+0.0E+00,-828.8223E-03,-8.2168E-03
+5.5100E-03,+2.3695382E+00,+0.0E+00,-251.0458E-03,-9.9012E-03
+5.5200E-03,+2.3547109E+00,+0.0E+00,-251.0458E-03,-13.7989E-03
+5.5300E-03,+2.3765690E+00,+55.0350E-03,-191.4926E-03,-12.7936E-03
+5.5400E-03,+2.3487556E+00,+0.0E+00,+305.2223E-03,-10.2585E-03
+5.5500E-03,+2.3622725E+00,+0.0E+00,-251.0458E-03,-10.8928E-03
+5.5600E-03,+2.3430962E+00,+0.0E+00,+418.4102E-03,-14.3065E-03
+5.5700E-03,+2.4081395E+00,+0.0E+00,-213.0009E-03,-9.4485E-03
+5.5800E-03,+2.3698342E+00,-120.4216E-03,+418.4102E-03,-9.9112E-03
+5.5900E-03,+2.3430962E+00,+0.0E+00,+56.3914E-03,-9.5907E-03
+5.6000E-03,+2.3525601E+00,+0.0E+00,-61.7681E-03,-9.7509E-03
+5.6100E-03,+2.3439230E+00,+0.0E+00,+401.8736E-03,-15.9677E-03
+5.6200E-03,+2.3252438E+00,+0.0E+00,-94.8414E-03,-11.4254E-03
+5.6300E-03,+2.3430962E+00,-66.9456E-03,+418.4102E-03,-10.7113E-03
+5.6400E-03,+2.3347077E+00,-50.1687E-03,-83.2764E-03,-9.7079E-03
+5.6500E-03,+2.4095446E+00,-66.4484E-03,-251.0458E-03,-6.7244E-03
+5.6600E-03,+2.4011561E+00,+0.0E+00,+240.6975E-03,-12.4056E-03
+5.6700E-03,+2.3925191E+00,+31.9002E-03,-251.0458E-03,-5.9308E-03
+5.6800E-03,+2.3765690E+00,+0.0E+00,+272.1491E-03,-7.8647E-03
+5.6900E-03,+2.3752450E+00,+64.2976E-03,-251.0458E-03,-9.5313E-03
+5.7000E-03,+2.3666079E+00,+0.0E+00,-251.0458E-03,-9.2288E-03
+5.7100E-03,+2.4100418E+00,+0.0E+00,-251.0458E-03,-7.5874E-03
+5.7200E-03,+2.3703313E+00,+0.0E+00,-251.0458E-03,-12.8901E-03
+5.7300E-03,+2.3454956E+00,+0.0E+00,-299.0340E-03,-10.8073E-03
+5.7400E-03,+2.3541326E+00,+0.0E+00,-30.3165E-03,-13.3891E-03
+5.7500E-03,+2.3706947E+00,-27.5986E-03,+142.4246E-03,-8.8204E-03
+5.7600E-03,+2.3585829E+00,+0.0E+00,+315.1656E-03,-12.2567E-03
+5.7700E-03,+2.3765690E+00,+0.0E+00,-181.5493E-03,-9.5114E-03
+5.7800E-03,+2.3979299E+00,+42.7218E-03,-251.0458E-03,-12.5347E-03
+5.7900E-03,+2.3638451E+00,+0.0E+00,-666.0245E-03,-9.3724E-03
+5.8000E-03,+2.3765690E+00,-58.7720E-03,+336.6739E-03,-12.5718E-03
+5.8100E-03,+2.3765690E+00,+0.0E+00,-251.0458E-03,-8.5795E-03
+5.8200E-03,+2.3694708E+00,+0.0E+00,-1.0624662E+00,-12.5777E-03
+5.8300E-03,+2.3765690E+00,+20.3518E-03,-47.5280E-03,-14.2621E-03
+5.8400E-03,+2.3735576E+00,-66.9456E-03,-311.2739E-03,-10.8318E-03
+5.8500E-03,+2.3987905E+00,+0.0E+00,+305.8972E-03,-10.9363E-03
+5.8600E-03,+2.3908317E+00,+38.4202E-03,-251.0458E-03,-8.2314E-03
+5.8700E-03,+2.3888957E+00,+0.0E+00,+206.9494E-03,-10.7113E-03
+5.8800E-03,+2.3765690E+00,+0.0E+00,+418.4102E-03,-12.1276E-03
+5.8900E-03,+2.3497972E+00,+0.0E+00,-251.0458E-03,-10.9793E-03
+5.9000E-03,+2.3947037E+00,+0.0E+00,-195.1146E-03,-10.7113E-03
+5.9100E-03,+2.4005442E+00,-18.9953E-03,-61.0933E-03,-11.4711E-03
+5.9200E-03,+2.3439567E+00,+0.0E+00,-251.0458E-03,-7.9991E-03
+5.9300E-03,+2.3765690E+00,+0.0E+00,-251.0458E-03,-10.4949E-03
+5.9400E-03,+2.3929825E+00,+0.0E+00,-238.1311E-03,-12.0760E-03
+5.9500E-03,+2.3180456E+00,-50.1012E-03,-82.6015E-03,-9.0355E-03
+5.9600E-03,+2.4096121E+00,+0.0E+00,-251.0458E-03,-10.7027E-03
+5.9700E-03,+2.4100418E+00,+0.0E+00,-74.0079E-03,-7.0486E-03
+5.9800E-03,+2.3765690E+00,+0.0E+00,-220.9440E-03,-11.3507E-03
+5.9900E-03,+2.4100418E+00,-14.6936E-03,+271.4742E-03,-10.2540E-03
+6.0000E-03,+2.4100418E+00,-66.9456E-03,+444.2153E-03,-9.6820E-03
+6.0100E-03,+2.3666417E+00,-19.8546E-03,-251.0458E-03,-9.5200E-03
+6.0200E-03,+2.3580046E+00,-29.8169E-03,-251.0458E-03,-8.6298E-03
+6.0300E-03,+2.4037704E+00,+0.0E+00,-190.4E-06,-5.2710E-03
+6.0400E-03,+2.3765690E+00,+0.0E+00,+371.0969E-03,-11.9556E-03
+6.0500E-03,+2.3430962E+00,+22.0054E-03,-251.0458E-03,-6.2359E-03
+6.0600E-03,+2.3707622E+00,-39.2796E-03,-527.7064E-03,-7.9447E-03
+6.0700E-03,+2.3817649E+00,+35.7698E-03,-147.1264E-03,-9.3724E-03
+6.0800E-03,+2.3800101E+00,-66.9456E-03,-182.2242E-03,-10.5737E-03
+6.0900E-03,+2.3979636E+00,-24.1563E-03,-251.0458E-03,-10.2282E-03
+6.1000E-03,+2.3893266E+00,-41.4304E-03,+4.1064E-03,-14.3440E-03
+6.1100E-03,+2.4059212E+00,+0.0E+00,-333.4570E-03,-7.8687E-03
+6.1200E-03,+2.4344816E+00,+0.0E+00,-160.7159E-03,-13.2085E-03
+6.1300E-03,+2.3897225E+00,+0.0E+00,-777.1878E-03,-10.9508E-03
+6.1400E-03,+2.3664606E+00,+0.0E+00,-920.5019E-03,-12.9218E-03
+6.1500E-03,+2.4039515E+00,-60.8553E-03,-190.1429E-03,-10.9549E-03
+6.1600E-03,+2.4044499E+00,+0.0E+00,-251.0458E-03,-12.4944E-03
+6.1700E-03,+2.3715541E+00,-38.4877E-03,+318.1127E-03,-10.3101E-03
+6.1800E-03,+2.3537030E+00,-21.2136E-03,-251.0458E-03,-7.5431E-03
+6.1900E-03,+2.4080720E+00,-63.0061E-03,+379.0156E-03,-15.5154E-03
+6.2000E-03,+2.3832363E+00,+0.0E+00,-117.6994E-03,-9.9058E-03
+6.2100E-03,+2.4100418E+00,+0.0E+00,+112.3227E-03,-9.7161E-03
+6.2200E-03,+2.4100418E+00,-47.8829E-03,-729.8745E-03,-12.4405E-03
+6.2300E-03,+2.3448848E+00,+1.7886E-03,-251.0458E-03,-11.9429E-03
+6.2400E-03,+2.3765690E+00,+15.4855E-03,-251.0458E-03,-7.7238E-03
+6.2500E-03,+2.3936620E+00,+0.0E+00,+76.5500E-03,-11.4235E-03
+6.2600E-03,+2.3765690E+00,+50.0337E-03,-751.3827E-03,-7.0328E-03
+6.2700E-03,+2.4102229E+00,-66.5834E-03,-916.8799E-03,-10.7185E-03
+6.2800E-03,+2.3924055E+00,+17.6363E-03,-427.4089E-03,-9.0197E-03
+6.2900E-03,+2.3591138E+00,-32.0352E-03,+69.3061E-03,-7.9760E-03
+6.3000E-03,+2.4287535E+00,+52.1845E-03,-103.4350E-03,-6.2413E-03
+6.3100E-03,+2.3778255E+00,-2.5130E-03,+418.4102E-03,-8.1843E-03
+6.3200E-03,+2.3864625E+00,+0.0E+00,-448.9171E-03,-16.0669E-03
+6.3300E-03,+2.3765690E+00,-29.8844E-03,-251.0458E-03,-9.9701E-03
+6.3400E-03,+2.3765690E+00,-12.6103E-03,-794.3993E-03,-8.2857E-03
+6.3500E-03,+2.3765690E+00,+4.6638E-03,-251.0458E-03,-14.4482E-03
+6.3600E-03,+2.4100418E+00,-21.9380E-03,-251.0458E-03,-10.2725E-03
+6.3700E-03,+2.3961750E+00,+0.0E+00,+141.0748E-03,-11.4955E-03
+6.3800E-03,+2.3765690E+00,+0.0E+00,-146.4515E-03,-11.0043E-03
+6.3900E-03,+2.3833837E+00,-120.2619E-03,-251.0458E-03,-9.3724E-03
+6.4000E-03,+2.4435146E+00,+0.0E+00,-251.0458E-03,-11.6748E-03
+6.4100E-03,+2.3765690E+00,+0.0E+00,-251.0458E-03,-15.8709E-03
+6.4200E-03,+2.4100418E+00,+58.6370E-03,+418.4102E-03,-11.2098E-03
+6.4300E-03,+2.4300663E+00,-66.9456E-03,+328.7552E-03,-11.6916E-03
+6.4400E-03,+2.3896888E+00,+0.0E+00,+156.0141E-03,-9.1369E-03
+6.4500E-03,+2.3765690E+00,+0.0E+00,-251.0458E-03,-10.6443E-03
+6.4600E-03,+2.4100418E+00,-66.9456E-03,+418.4102E-03,-8.4029E-03
+6.4700E-03,+2.3765690E+00,-11.1163E-03,-251.0458E-03,-13.8387E-03
+6.4800E-03,+2.3765690E+00,+0.0E+00,+418.4102E-03,-9.3724E-03
+6.4900E-03,+2.3765690E+00,-24.3835E-03,-707.6913E-03,-7.0581E-03
+6.5000E-03,+2.4120453E+00,+62.9387E-03,+378.3408E-03,-9.3724E-03
+6.5100E-03,+2.4100418E+00,+0.0E+00,-251.0458E-03,-8.5764E-03
+6.5200E-03,+2.4100418E+00,-30.5413E-03,+54.3669E-03,-10.8286E-03
+6.5300E-03,+2.3622264E+00,+0.0E+00,-729.1996E-03,-10.5202E-03
+6.5400E-03,+2.4091137E+00,-66.9456E-03,+418.4102E-03,-5.4670E-03
+6.5500E-03,+2.4100418E+00,+0.0E+00,+57.3140E-03,-6.1753E-03
+6.5600E-03,+2.4108225E+00,+0.0E+00,-593.5809E-03,-9.3412E-03
+6.5700E-03,+2.4350249E+00,-16.9794E-03,-81.2518E-03,-11.3710E-03
+6.5800E-03,+2.3765690E+00,+0.0E+00,-251.0458E-03,-6.7122E-03
+6.5900E-03,+2.4012574E+00,+49.3768E-03,-251.0458E-03,-13.3225E-03
+6.6000E-03,+2.3765690E+00,-2.7402E-03,+69.9810E-03,-10.7113E-03
+6.6100E-03,+2.4435146E+00,+0.0E+00,+270.1245E-03,-13.9909E-03
+6.6200E-03,+2.3765690E+00,+0.0E+00,-251.0458E-03,-8.1802E-03
+6.6300E-03,+2.4336548E+00,+0.0E+00,+221.2138E-03,-9.3724E-03
+6.6400E-03,+2.3950659E+00,-96.8975E-03,+418.4102E-03,-14.1290E-03
+6.6500E-03,+2.3702301E+00,-12.6777E-03,-377.8233E-03,-9.8795E-03
+6.6600E-03,+2.4100418E+00,+57.7529E-03,-874.5382E-03,-11.9583E-03
+6.6700E-03,+2.3875042E+00,+0.0E+00,+199.7055E-03,-13.9066E-03
+6.6800E-03,+2.4239423E+00,+0.0E+00,+418.4102E-03,-8.8164E-03
+6.6900E-03,+2.3995149E+00,-10.5269E-03,+877.3280E-03,-11.4186E-03
+6.7000E-03,+2.3532170E+00,+0.0E+00,-251.0458E-03,-10.3065E-03
+6.7100E-03,+2.3885796E+00,-24.0213E-03,+178.1972E-03,-7.8287E-03
+6.7200E-03,+2.4100418E+00,+0.0E+00,-251.0458E-03,-11.2243E-03
+6.7300E-03,+2.3472842E+00,-8.3761E-03,-251.0458E-03,-12.0502E-03
+6.7400E-03,+2.4144908E+00,-8.8980E-03,+329.4300E-03,-8.6605E-03
+6.7500E-03,+2.3765690E+00,+0.0E+00,+156.6890E-03,-10.1272E-03
+6.7600E-03,+2.3883187E+00,-23.4994E-03,-486.0395E-03,-7.7056E-03
+6.7700E-03,+2.3765690E+00,+0.0E+00,-251.0458E-03,-6.9436E-03
+6.7800E-03,+2.3820934E+00,+0.0E+00,-251.0458E-03,-14.2861E-03
+6.7900E-03,+2.4100418E+00,+0.0E+00,-251.0458E-03,-9.3724E-03
+6.8000E-03,+2.4221660E+00,+45.5971E-03,-251.0458E-03,-12.0502E-03
+6.8100E-03,+2.4100418E+00,+0.0E+00,+418.4102E-03,-13.0632E-03
+6.8200E-03,+2.3765690E+00,+13.1997E-03,+286.4135E-03,-9.1084E-03
+6.8300E-03,+2.3795680E+00,-66.9456E-03,+418.4102E-03,-9.8619E-03
+6.8400E-03,+2.4053655E+00,+0.0E+00,-251.0458E-03,-7.0785E-03
+6.8500E-03,+2.3775308E+00,+0.0E+00,-251.0458E-03,-13.2352E-03
+6.8600E-03,+2.3946913E+00,+0.0E+00,-251.0458E-03,-9.6794E-03
+6.8700E-03,+2.3765690E+00,+0.0E+00,-251.0458E-03,-13.3891E-03
+6.8800E-03,+2.3765690E+00,+0.0E+00,+247.9414E-03,-10.3704E-03
+6.8900E-03,+2.4099282E+00,+0.0E+00,-248.7736E-03,-13.3755E-03
+6.9000E-03,+2.4100418E+00,+0.0E+00,-251.0458E-03,-8.7947E-03
+6.9100E-03,+2.4113444E+00,+0.0E+00,+70.6558E-03,-10.6592E-03
+6.9200E-03,+2.3840170E+00,-66.9456E-03,-102.0852E-03,-8.3314E-03
+6.9300E-03,+2.3765690E+00,-64.5676E-03,-251.0458E-03,-8.0810E-03
+6.9400E-03,+2.3863951E+00,+0.0E+00,-251.0458E-03,-9.9252E-03
+6.9500E-03,+2.4100418E+00,+30.0193E-03,-320.1151E-03,-9.3724E-03
+6.9600E-03,+2.3829416E+00,+0.0E+00,+290.9579E-03,-16.7055E-03
+6.9700E-03,+2.4100418E+00,-4.5289E-03,-829.9243E-03,-11.6879E-03
+6.9800E-03,+2.3983720E+00,+0.0E+00,-33.0159E-03,-13.8252E-03
+6.9900E-03,+2.3961075E+00,+0.0E+00,-251.0458E-03,-11.4928E-03
+7.0000E-03,+2.4329202E+00,-10.5944E-03,-251.0458E-03,-10.4994E-03
+7.0100E-03,+2.3765690E+00,+60.2659E-03,-317.8429E-03,-11.9166E-03
+7.0200E-03,+2.3885459E+00,-19.0380E-03,-490.5840E-03,-10.1339E-03
+7.0300E-03,+2.4177969E+00,+0.0E+00,-251.0458E-03,-14.5239E-03
+7.0400E-03,+2.4058200E+00,+0.0E+00,-251.0458E-03,-14.2214E-03
+7.0500E-03,+2.4144570E+00,+0.0E+00,-251.0458E-03,-10.7113E-03
+7.0600E-03,+2.4304623E+00,-26.1046E-03,-251.0458E-03,-10.4166E-03
+7.0700E-03,+2.3883524E+00,-23.5669E-03,-920.5019E-03,-10.6362E-03
+7.0800E-03,+2.4068954E+00,-66.9456E-03,+355.4828E-03,-13.5150E-03
+7.0900E-03,+2.3820597E+00,+0.0E+00,+418.4102E-03,-9.5920E-03
+7.1000E-03,+2.3906967E+00,+0.0E+00,+418.4102E-03,-9.1637E-03
+7.1100E-03,+2.3872770E+00,+66.9456E-03,-36.8856E-03,-10.1751E-03
+7.1200E-03,+2.4728455E+00,+0.0E+00,-209.6266E-03,-11.0427E-03
+7.1300E-03,+2.4303824E+00,+0.0E+00,-382.3677E-03,-10.4230E-03
+7.1400E-03,+2.4283114E+00,+0.0E+00,-555.1088E-03,-11.3194E-03
+7.1500E-03,+2.4338820E+00,+0.0E+00,-251.0458E-03,-10.3260E-03
+7.1600E-03,+2.4100418E+00,-66.9456E-03,+398.4993E-03,-8.0733E-03
+7.1700E-03,+2.4100418E+00,-36.3796E-03,-251.0458E-03,-13.0835E-03
+7.1800E-03,+2.4100418E+00,+32.5571E-03,+92.8390E-03,-13.3525E-03
+7.1900E-03,+2.4435146E+00,+0.0E+00,+247.2665E-03,-14.3857E-03
+7.2000E-03,+2.4100418E+00,-66.7859E-03,+418.4102E-03,-13.3955E-03
+7.2100E-03,+2.4435146E+00,-17.4338E-03,-251.0458E-03,-10.3626E-03
+7.2200E-03,+2.4261606E+00,+0.0E+00,+96.0337E-03,-14.2315E-03
+7.2300E-03,+2.4360328E+00,+0.0E+00,-101.4104E-03,-9.0731E-03
+7.2400E-03,+2.3777243E+00,+0.0E+00,-227.9402E-03,-16.0207E-03
+7.2500E-03,+2.3765690E+00,+0.0E+00,-55.1991E-03,-13.2253E-03
+7.2600E-03,+2.4134278E+00,+0.0E+00,-619.6337E-03,-9.8387E-03
+7.2700E-03,+2.4435146E+00,+0.0E+00,-251.0458E-03,-9.0585E-03
+7.2800E-03,+2.3765690E+00,+0.0E+00,-206.4319E-03,-9.3724E-03
+7.2900E-03,+2.4552519E+00,-21.7355E-03,-33.6908E-03,-10.2766E-03
+7.3000E-03,+2.4045050E+00,+0.0E+00,+139.0503E-03,-8.5922E-03
+7.3100E-03,+2.4381836E+00,-10.6619E-03,-251.0458E-03,-10.0121E-03
+7.3200E-03,+2.4100418E+00,-6.6122E-03,+352.2880E-03,-12.0502E-03
+7.3300E-03,+2.3885121E+00,-23.8863E-03,-489.9091E-03,-8.1277E-03
+7.3400E-03,+2.4229344E+00,+0.0E+00,+264.6575E-03,-10.9195E-03
+7.3500E-03,+2.3808245E+00,+0.0E+00,-251.0458E-03,-8.7144E-03
+7.3600E-03,+2.4144233E+00,+0.0E+00,+330.7797E-03,-12.2255E-03
+7.3700E-03,+2.4304960E+00,+26.0372E-03,-251.0458E-03,-7.7360E-03
+7.3800E-03,+2.4100418E+00,+66.9456E-03,-251.0458E-03,-13.8618E-03
+7.3900E-03,+2.3797491E+00,+0.0E+00,-314.6481E-03,-10.7113E-03
+7.4000E-03,+2.3765690E+00,+0.0E+00,+309.2715E-03,-5.1081E-03
+7.4100E-03,+2.3959478E+00,+0.0E+00,-356.7422E-03,-9.8657E-03
+7.4200E-03,+2.4100418E+00,-21.4835E-03,-465.8809E-03,-8.4631E-03
+7.4300E-03,+2.4100418E+00,-62.7362E-03,-251.0458E-03,-9.7933E-03
+7.4400E-03,+2.4100418E+00,+0.0E+00,-381.6929E-03,-10.4500E-03
+7.4500E-03,+2.4069078E+00,+0.0E+00,-554.4340E-03,-8.1588E-03
+7.4600E-03,+2.4338482E+00,-19.3327E-03,+418.4102E-03,-8.9857E-03
+7.4700E-03,+2.3786276E+00,+2.0586E-03,-251.0458E-03,-9.3312E-03
+7.4800E-03,+2.3917845E+00,+51.7301E-03,-768.3466E-03,-10.7113E-03
+7.4900E-03,+2.4262866E+00,+0.0E+00,-251.0458E-03,-6.6552E-03
+7.5000E-03,+2.4100418E+00,+0.0E+00,+418.4102E-03,-9.7160E-03
+7.5100E-03,+2.4434685E+00,+0.0E+00,-250.1233E-03,-6.7019E-03
+7.5200E-03,+2.4348314E+00,+0.0E+00,-424.7094E-03,-12.0502E-03
+7.5300E-03,+2.3938892E+00,-2.3353E-03,+72.0055E-03,-6.7880E-03
+7.5400E-03,+2.4025263E+00,+0.0E+00,-100.7355E-03,-13.0885E-03
+7.5500E-03,+2.4435146E+00,-2.2431E-03,-228.6150E-03,-15.9324E-03
+7.5600E-03,+2.4672288E+00,-47.4284E-03,-251.0458E-03,-8.5917E-03
+7.5700E-03,+2.4468331E+00,-6.6370E-03,-618.9588E-03,-11.3144E-03
+7.5800E-03,+2.4036017E+00,+0.0E+00,-662.8979E-03,-8.2911E-03
+7.5900E-03,+2.3765690E+00,-62.5517E-03,-251.0458E-03,-9.4603E-03
+7.6000E-03,+2.4326806E+00,-45.2776E-03,-251.0458E-03,-5.7502E-03
+7.6100E-03,+2.3960400E+00,+0.0E+00,+138.3754E-03,-9.1536E-03
+7.6200E-03,+2.3819337E+00,-10.7294E-03,-251.0458E-03,-9.3724E-03
+7.6300E-03,+2.4435146E+00,+0.0E+00,+352.9629E-03,-9.6342E-03
+7.6400E-03,+2.4219512E+00,-23.8188E-03,-12.8574E-03,-11.5738E-03
+7.6500E-03,+2.4100418E+00,+0.0E+00,-251.0458E-03,-10.4991E-03
+7.6600E-03,+2.4100418E+00,-8.5785E-03,+332.6248E-03,-7.8619E-03
+7.6700E-03,+2.3896123E+00,+0.0E+00,+157.5433E-03,-6.5730E-03
+7.6800E-03,+2.4100418E+00,-40.9759E-03,+418.4102E-03,-13.4700E-03
+7.6900E-03,+2.4198128E+00,+23.7018E-03,-251.0458E-03,-8.8983E-03
+7.7000E-03,+2.4100418E+00,-6.4277E-03,-251.0458E-03,-11.4074E-03
+7.7100E-03,+2.4100418E+00,-10.8464E-03,-251.0458E-03,-6.0064E-03
+7.7200E-03,+2.4381623E+00,-28.1205E-03,+418.4102E-03,-11.2737E-03
+7.7300E-03,+2.4327391E+00,+0.0E+00,-251.0458E-03,-14.8656E-03
+7.7400E-03,+2.3787074E+00,+4.2769E-03,-251.0458E-03,-10.8824E-03
+7.7500E-03,+2.4100418E+00,+0.0E+00,-381.0180E-03,-10.7113E-03
+7.7600E-03,+2.3917046E+00,-6.4029E-03,+51.6675E-03,-11.3167E-03
+7.7700E-03,+2.4338145E+00,+47.5454E-03,-57.0441E-03,-8.9844E-03
+7.7800E-03,+2.3765690E+00,+64.8195E-03,-251.0458E-03,-14.4304E-03
+7.7900E-03,+2.4359406E+00,+0.0E+00,-920.5019E-03,-11.8743E-03
+7.8000E-03,+2.4424639E+00,-32.4222E-03,-251.0458E-03,-10.0629E-03
+7.8100E-03,+2.4262652E+00,+0.0E+00,-748.0085E-03,-14.0381E-03
+7.8200E-03,+2.4100418E+00,+66.9208E-03,-251.0458E-03,-14.7270E-03
+7.8300E-03,+2.4262157E+00,-17.2989E-03,+245.4215E-03,-9.6734E-03
+7.8400E-03,+2.4111420E+00,-34.5730E-03,+94.6840E-03,-10.6673E-03
+7.8500E-03,+2.4510638E+00,+0.0E+00,+116.4400E-03,-12.3522E-03
+7.8600E-03,+2.4100418E+00,-2.1756E-03,-251.0458E-03,-6.9556E-03
+7.8700E-03,+2.4435146E+00,+0.0E+00,-251.0458E-03,-10.8832E-03
+7.8800E-03,+2.4467656E+00,-30.2218E-03,+116.1923E-03,-9.2423E-03
+7.8900E-03,+2.4370407E+00,+53.9979E-03,-251.0458E-03,-9.3724E-03
+7.9000E-03,+2.4100418E+00,+0.0E+00,-294.3101E-03,-6.9541E-03
+7.9100E-03,+2.4100418E+00,+0.0E+00,-35.0405E-03,-12.9142E-03
+7.9200E-03,+2.4154436E+00,+0.0E+00,+29.6638E-03,-14.3827E-03
+7.9300E-03,+2.3819674E+00,-56.1487E-03,-359.0144E-03,-8.7246E-03
+7.9400E-03,+2.4705101E+00,+0.0E+00,-251.0458E-03,-10.4522E-03
+7.9500E-03,+2.4435146E+00,+0.0E+00,-251.0458E-03,-9.5447E-03
+7.9600E-03,+2.4435146E+00,+0.0E+00,+8.1556E-03,-8.3356E-03
+7.9700E-03,+2.4348686E+00,-58.2996E-03,-337.5061E-03,-7.2133E-03
+7.9800E-03,+2.4143558E+00,-8.6281E-03,+332.1295E-03,-12.0502E-03
+7.9900E-03,+2.4305635E+00,+0.0E+00,-251.0458E-03,-10.9265E-03
+8.0000E-03,+2.4122229E+00,+62.5833E-03,-13.3527E-03,-12.0502E-03
+8.0100E-03,+2.3830642E+00,+0.0E+00,-251.0458E-03,-8.0335E-03
+8.0200E-03,+2.4100418E+00,+0.0E+00,-251.0458E-03,-10.0191E-03
+8.0300E-03,+2.4100418E+00,+0.0E+00,+418.4102E-03,-12.4838E-03
+8.0400E-03,+2.4100418E+00,-21.6185E-03,-488.1322E-03,-10.7113E-03
+8.0500E-03,+2.4748152E+00,-4.3444E-03,-877.0581E-03,-14.3805E-03
+8.0600E-03,+2.4640577E+00,+41.0861E-03,-251.0458E-03,-11.0158E-03
+8.0700E-03,+2.4133107E+00,+0.0E+00,-553.0843E-03,-11.3154E-03
+8.0800E-03,+2.4435146E+00,+0.0E+00,+418.4102E-03,-11.8317E-03
+8.0900E-03,+2.4769874E+00,+0.0E+00,+396.4748E-03,-9.5040E-03
