x-axis,1,2,3,4
second,Volt,Volt,Volt,Ampere
-4.400000E-03,,,,
-4.397500E-03,+1.532818998E+00,+0.0E+00,+418.410242E-03,-12.834728E-03
-4.395000E-03,+1.498213002E+00,+0.0E+00,+257.148039E-03,-14.356695E-03
-4.392500E-03,+1.516692778E+00,+0.0E+00,-251.045823E-03,-13.061367E-03
-4.390000E-03,+1.481956029E+00,+0.0E+00,-159.518627E-03,-14.911088E-03
-4.387500E-03,+1.506276112E+00,+0.0E+00,-251.045823E-03,-12.832985E-03
-4.385000E-03,+1.473892919E+00,-2.179219E-03,-251.045823E-03,-13.301953E-03
-4.382500E-03,+1.522358748E+00,-32.165271E-03,+70.606895E-03,-7.981172E-03
-4.380000E-03,+1.537351774E+00,-57.357042E-03,-203.103006E-03,-9.755928E-03
-4.377500E-03,+1.518871997E+00,+41.753834E-03,+418.410242E-03,-14.065551E-03
-4.375000E-03,+1.506276112E+00,+55.177823E-03,+300.732418E-03,-14.963390E-03
-4.372500E-03,+1.497166977E+00,+0.0E+00,+236.227536E-03,-12.414575E-03
-4.370000E-03,+1.506276112E+00,-48.204322E-03,-251.045823E-03,-14.942469E-03
-4.367500E-03,+1.506276112E+00,+0.0E+00,-251.045823E-03,-10.271967E-03
-4.365000E-03,+1.534649542E+00,-25.714783E-03,-663.354050E-03,-15.038355E-03
-4.362500E-03,+1.506276112E+00,+62.674336E-03,-251.045823E-03,-14.728034E-03
-4.360000E-03,+1.507060631E+00,-1.569038E-03,-593.619044E-03,-19.429917E-03
-4.357500E-03,+1.506276112E+00,-66.945605E-03,+391.387927E-03,-12.158299E-03
-4.355000E-03,+1.472803310E+00,-27.283821E-03,+21.792391E-03,-11.752092E-03
-4.352500E-03,+1.472803310E+00,-57.269873E-03,-251.045823E-03,-10.904812E-03
-4.350000E-03,+1.516431272E+00,-46.635285E-03,+215.307034E-03,-15.254533E-03
-4.347500E-03,+1.506276112E+00,+0.0E+00,-251.045823E-03,-12.716179E-03
-4.345000E-03,+1.506276112E+00,+0.0E+00,-117.677623E-03,-16.605649E-03
-4.342500E-03,+1.561410351E+00,+0.0E+00,-14.818488E-03,-11.656207E-03
-4.340000E-03,+1.533385595E+00,+0.0E+00,-251.045823E-03,-14.218968E-03
-4.337500E-03,+1.521574229E+00,-36.349371E-03,-251.045823E-03,-11.438285E-03
-4.335000E-03,+1.539748915E+00,+0.0E+00,+418.410242E-03,-14.703627E-03
-4.332500E-03,+1.487491245E+00,-37.569734E-03,+42.712893E-03,-12.050210E-03
-4.330000E-03,+1.506276112E+00,+59.361923E-03,-175.209003E-03,-18.441423E-03
-4.327500E-03,+1.484004495E+00,+22.402370E-03,-29.637177E-03,-13.389122E-03
-4.325000E-03,+1.472803310E+00,-14.557182E-03,-251.045823E-03,-12.923641E-03
-4.322500E-03,+1.513990547E+00,+0.0E+00,+418.410242E-03,-10.402720E-03
-4.320000E-03,+1.506276112E+00,-21.530683E-03,-705.195055E-03,-10.280684E-03
-4.317500E-03,+1.472803310E+00,+0.0E+00,-251.045823E-03,-6.539400E-03
-4.315000E-03,+1.525496823E+00,+28.504183E-03,-251.045823E-03,-13.587867E-03
-4.312500E-03,+1.507017046E+00,+0.0E+00,+418.410242E-03,-14.757671E-03
-4.310000E-03,+1.524014954E+00,+0.0E+00,-251.045823E-03,-13.228731E-03
-4.307500E-03,+1.509021928E+00,-61.453973E-03,+308.577606E-03,-14.728034E-03
-4.305000E-03,+1.497297730E+00,-24.494421E-03,-6.101612E-03,-14.858787E-03
-4.302500E-03,+1.560756585E+00,-12.465132E-03,-126.394499E-03,-10.711297E-03
-4.300000E-03,+1.522227994E+00,+0.0E+00,-251.045823E-03,-12.400628E-03
-4.297500E-03,+1.530029598E+00,+0.0E+00,+418.410242E-03,-13.172943E-03
-4.295000E-03,+1.506276112E+00,+0.0E+00,+312.936044E-03,-9.794282E-03
-4.292500E-03,+1.526542848E+00,-40.533472E-03,-392.259212E-03,-10.146444E-03
-4.290000E-03,+1.537961955E+00,+3.573919E-03,-251.045823E-03,-9.443864E-03
-4.287500E-03,+1.539748915E+00,-33.559971E-03,+418.410242E-03,-12.721409E-03
-4.285000E-03,+1.506276112E+00,-66.945605E-03,-251.045823E-03,-13.253138E-03
-4.282500E-03,+1.506276112E+00,-26.586471E-03,+152.545528E-03,-13.645398E-03
-4.280000E-03,+1.477989851E+00,+0.0E+00,-251.045823E-03,-13.690726E-03
-4.277500E-03,+1.529942429E+00,+0.0E+00,+222.280535E-03,-17.013599E-03
-4.275000E-03,+1.481476601E+00,+66.945605E-03,+418.410242E-03,-11.356346E-03
-4.272500E-03,+1.512595847E+00,-12.639470E-03,-251.045823E-03,-9.877964E-03
-4.270000E-03,+1.472803310E+00,+0.0E+00,-7.844987E-03,-12.902720E-03
-4.267500E-03,+1.506276112E+00,-66.945605E-03,-863.842195E-03,-17.292539E-03
-4.265000E-03,+1.488450101E+00,+0.0E+00,+61.890020E-03,-17.405858E-03
-4.262500E-03,+1.538441383E+00,-1.307531E-03,-251.045823E-03,-16.040795E-03
-4.260000E-03,+1.511070394E+00,-28.678521E-03,-251.045823E-03,-13.007323E-03
-4.257500E-03,+1.539748915E+00,+0.0E+00,-168.235503E-03,-17.240238E-03
-4.255000E-03,+1.517128622E+00,-21.705020E-03,-33.995615E-03,-12.955021E-03
-4.252500E-03,+1.539748915E+00,-51.691073E-03,+265.864914E-03,-19.897141E-03
-4.250000E-03,+1.480169069E+00,+52.214085E-03,-251.045823E-03,-17.860879E-03
-4.247500E-03,+1.528634898E+00,+0.0E+00,+196.129908E-03,-16.511507E-03
-4.245000E-03,+1.539748915E+00,+0.0E+00,-328.626018E-03,-12.923641E-03
-4.242500E-03,+1.491675345E+00,+0.0E+00,-251.045823E-03,-12.634240E-03
-4.240000E-03,+1.538964396E+00,+784.519E-06,-912.656699E-03,-10.711297E-03
-4.237500E-03,+1.508978343E+00,+0.0E+00,+110.704524E-03,-14.619945E-03
-4.235000E-03,+1.512465094E+00,+0.0E+00,-189.156005E-03,-13.265342E-03
-4.232500E-03,+1.518174647E+00,+0.0E+00,-13.075113E-03,-14.252092E-03
-4.230000E-03,+1.472803310E+00,+0.0E+00,-119.420998E-03,-14.991284E-03
-4.227500E-03,+1.481215095E+00,-50.122035E-03,+250.174538E-03,-16.732915E-03
-4.225000E-03,+1.519612932E+00,+20.135983E-03,-251.045823E-03,-13.117155E-03
-4.222500E-03,+1.482653379E+00,+0.0E+00,-349.546520E-03,-9.766388E-03
-4.220000E-03,+1.539748915E+00,+0.0E+00,+20.049016E-03,-9.117852E-03
-4.217500E-03,+1.538310630E+00,-64.069036E-03,+418.410242E-03,-13.389122E-03
-4.215000E-03,+1.522097241E+00,+34.082984E-03,-591.875668E-03,-10.054045E-03
-4.212500E-03,+1.506276112E+00,+0.0E+00,-251.045823E-03,-11.039052E-03
-4.210000E-03,+1.498692430E+00,+0.0E+00,-251.045823E-03,-12.871339E-03
-4.207500E-03,+1.478338526E+00,-11.070432E-03,-251.045823E-03,-9.361925E-03
-4.205000E-03,+1.525191732E+00,+0.0E+00,-251.045823E-03,-9.925035E-03
-4.202500E-03,+1.548770881E+00,+0.0E+00,+237.970912E-03,-11.689331E-03
-4.200000E-03,+1.527806795E+00,+0.0E+00,-131.624624E-03,-9.994770E-03
-4.197500E-03,+1.514731481E+00,+0.0E+00,-871.486E-06,-12.550558E-03
-4.195000E-03,+1.534780295E+00,+0.0E+00,-251.045823E-03,-6.793933E-03
-4.192500E-03,+1.506276112E+00,+0.0E+00,-251.045823E-03,-13.448396E-03
-4.190000E-03,+1.507278553E+00,-64.940724E-03,+398.361427E-03,-9.412483E-03
-4.187500E-03,+1.525758329E+00,+0.0E+00,+418.410242E-03,-11.610879E-03
-4.185000E-03,+1.477292501E+00,+0.0E+00,-251.045823E-03,-13.389122E-03
-4.182500E-03,+1.516779947E+00,+24.930264E-03,+208.333534E-03,-12.968968E-03
-4.180000E-03,+1.506276112E+00,+0.0E+00,-251.045823E-03,-13.389122E-03
-4.177500E-03,+1.493854564E+00,+14.034170E-03,-251.045823E-03,-15.786263E-03
-4.175000E-03,+1.551211606E+00,+0.0E+00,-251.045823E-03,-12.894003E-03
-4.172500E-03,+1.506276112E+00,+0.0E+00,-920.501888E-03,-15.784519E-03
-4.170000E-03,+1.539748915E+00,-37.046722E-03,-251.045823E-03,-13.389122E-03
-4.167500E-03,+1.506276112E+00,+0.0E+00,-250.174135E-03,-13.392608E-03
-4.165000E-03,+1.521312723E+00,-30.073221E-03,-251.045823E-03,-11.448745E-03
-4.162500E-03,+1.509719278E+00,+0.0E+00,-251.045823E-03,-11.262204E-03
-4.160000E-03,+1.517825972E+00,-66.945605E-03,-251.045823E-03,-13.342051E-03
-4.157500E-03,+1.559361885E+00,-53.085773E-03,-112.447497E-03,-13.389122E-03
-4.155000E-03,+1.514339222E+00,+34.693165E-03,-251.045823E-03,-15.050558E-03
-4.152500E-03,+1.539748915E+00,-20.833333E-03,-503.835223E-03,-15.233613E-03
-4.150000E-03,+1.472803310E+00,-9.152719E-03,-251.045823E-03,-10.470712E-03
-4.147500E-03,+1.481040757E+00,+0.0E+00,+140.341902E-03,-16.520224E-03
-4.145000E-03,+1.537569696E+00,-64.766386E-03,-251.045823E-03,-9.459554E-03
-4.142500E-03,+1.524973810E+00,+0.0E+00,-251.045823E-03,-9.963389E-03
-4.140000E-03,+1.506276112E+00,-4.794282E-03,-298.988640E-03,-10.903069E-03
-4.137500E-03,+1.493680227E+00,-66.945605E-03,+166.492530E-03,-12.726639E-03
-4.135000E-03,+1.539748915E+00,+0.0E+00,-133.367999E-03,-16.066946E-03
-4.132500E-03,+1.530639779E+00,-48.727335E-03,-68.863118E-03,-13.999303E-03
-4.130000E-03,+1.530378273E+00,+18.741283E-03,+230.997411E-03,-11.246514E-03
-4.127500E-03,+1.472803310E+00,+0.0E+00,-251.045823E-03,-11.600419E-03
-4.125000E-03,+1.519133504E+00,+0.0E+00,+161.262404E-03,-12.874826E-03
-4.122500E-03,+1.539748915E+00,-62.674336E-03,+375.697550E-03,-13.303696E-03
-4.120000E-03,+1.506276112E+00,-66.945605E-03,-593.619044E-03,-16.035565E-03
-4.117500E-03,+1.504924996E+00,+2.702231E-03,+364.365612E-03,-16.229080E-03
-4.115000E-03,+1.526107004E+00,+0.0E+00,-251.045823E-03,-16.314505E-03
-4.112500E-03,+1.534911049E+00,-9.675732E-03,-154.288501E-03,-14.147490E-03
-4.110000E-03,+1.506276112E+00,+0.0E+00,+418.410242E-03,-12.576709E-03
-4.107500E-03,+1.539748915E+00,-50.296373E-03,-84.553495E-03,-9.705370E-03
-4.105000E-03,+1.479471719E+00,+0.0E+00,-117.677623E-03,-13.122385E-03
-4.102500E-03,+1.496426043E+00,-23.622733E-03,-684.274553E-03,-15.988494E-03
-4.100000E-03,+1.509457772E+00,+6.363319E-03,-251.045823E-03,-13.007323E-03
-4.097500E-03,+1.506276112E+00,+0.0E+00,+112.447900E-03,-11.935147E-03
-4.095000E-03,+1.472803310E+00,+0.0E+00,+418.410242E-03,-12.062413E-03
-4.092500E-03,+1.525060979E+00,+0.0E+00,+418.410242E-03,-9.372385E-03
-4.090000E-03,+1.506276112E+00,+7.583682E-03,-251.045823E-03,-13.692469E-03
-4.087500E-03,+1.517477297E+00,+0.0E+00,-251.045823E-03,-11.596932E-03
-4.085000E-03,+1.498997521E+00,-66.945605E-03,+272.838415E-03,-13.854603E-03
-4.082500E-03,+1.488232179E+00,+0.0E+00,+264.121539E-03,-14.728034E-03
-4.080000E-03,+1.528983573E+00,-45.414922E-03,+203.103408E-03,-15.252790E-03
-4.077500E-03,+1.539748915E+00,+0.0E+00,-166.492127E-03,-10.373083E-03
-4.075000E-03,+1.525496823E+00,+28.504183E-03,+133.368402E-03,-11.480126E-03
-4.072500E-03,+1.507017046E+00,+0.0E+00,-905.683199E-03,-10.740935E-03
-4.070000E-03,+1.488537270E+00,+0.0E+00,-251.045823E-03,-13.938285E-03
-4.067500E-03,+1.511767744E+00,+5.491632E-03,-251.045823E-03,-6.804394E-03
-4.065000E-03,+1.506276112E+00,-42.451184E-03,-430.613465E-03,-12.899233E-03
-4.062500E-03,+1.545981481E+00,+0.0E+00,+293.758917E-03,-11.052999E-03
-4.060000E-03,+1.490324230E+00,-49.424685E-03,-426.255028E-03,-14.089959E-03
-4.057500E-03,+1.492241942E+00,-19.438633E-03,+418.410242E-03,-14.900628E-03
-4.055000E-03,+1.506276112E+00,-66.945605E-03,-145.571625E-03,-14.938982E-03
-4.052500E-03,+1.552954981E+00,-66.945605E-03,-515.167161E-03,-12.578452E-03
-4.050000E-03,+1.539748915E+00,+3.573919E-03,-215.306632E-03,-15.995468E-03
-4.047500E-03,+1.506276112E+00,-33.559971E-03,-251.045823E-03,-12.050210E-03
-4.045000E-03,+1.507975903E+00,-63.546023E-03,-217.050007E-03,-13.525105E-03
-4.042500E-03,+1.472803310E+00,-40.359134E-03,-251.045823E-03,-16.066946E-03
-4.040000E-03,+1.568035176E+00,+0.0E+00,-251.045823E-03,-17.500001E-03
-4.037500E-03,+1.492416280E+00,-19.612970E-03,-251.045823E-03,-13.321130E-03
-4.035000E-03,+1.531075623E+00,-17.346583E-03,-747.036059E-03,-17.058927E-03
-4.032500E-03,+1.472803310E+00,+0.0E+00,+292.015542E-03,-13.136332E-03
-4.030000E-03,+1.539748915E+00,+0.0E+00,-251.045823E-03,-12.536611E-03
-4.027500E-03,+1.539748915E+00,-66.945605E-03,-863.842195E-03,-11.936890E-03
-4.025000E-03,+1.521922904E+00,-31.293584E-03,-251.045823E-03,-14.014993E-03
-4.022500E-03,+1.506276112E+00,+0.0E+00,-251.045823E-03,-13.519875E-03
-4.020000E-03,+1.491936852E+00,+0.0E+00,-251.045823E-03,-12.240237E-03
-4.017500E-03,+1.539748915E+00,+0.0E+00,-251.045823E-03,-8.199094E-03
-4.015000E-03,+1.528896404E+00,+0.0E+00,-251.045823E-03,-12.520921E-03
-4.012500E-03,+1.513903378E+00,+66.945605E-03,+265.864914E-03,-11.440028E-03
-4.010000E-03,+1.480169069E+00,-14.731520E-03,-251.045823E-03,-15.022664E-03
-4.007500E-03,+1.495031342E+00,+0.0E+00,-28.765489E-03,-16.511507E-03
-4.005000E-03,+1.510155122E+00,+0.0E+00,-173.465628E-03,-13.699443E-03
-4.002500E-03,+1.506276112E+00,+0.0E+00,+126.394901E-03,-10.540447E-03
-4.000000E-03,+1.539356655E+00,-65.376567E-03,-258.891011E-03,-9.403766E-03
-3.997500E-03,+1.506276112E+00,-36.175034E-03,+56.659894E-03,-11.434798E-03
-3.995000E-03,+1.503181621E+00,+0.0E+00,+418.410242E-03,-14.480475E-03
-3.992500E-03,+1.494377577E+00,+0.0E+00,-13.075112E-03,-14.252092E-03
-3.990000E-03,+1.485965792E+00,+0.0E+00,-119.420998E-03,-17.405858E-03
-3.987500E-03,+1.497864327E+00,+33.298465E-03,-584.030480E-03,-13.396095E-03
-3.985000E-03,+1.529680923E+00,+0.0E+00,+217.050410E-03,-12.583682E-03
-3.982500E-03,+1.477728344E+00,-66.945605E-03,+319.909544E-03,-13.389122E-03
-3.980000E-03,+1.559666975E+00,+27.109483E-03,-251.045823E-03,-11.508020E-03
-3.977500E-03,+1.538310630E+00,-64.069036E-03,+447.175932E-03,-6.982218E-03
-3.975000E-03,+1.523317604E+00,+0.0E+00,+418.410242E-03,-12.780684E-03
-3.972500E-03,+1.510373044E+00,-66.945605E-03,-251.045823E-03,-13.225244E-03
-3.970000E-03,+1.506276112E+00,-66.945605E-03,+418.410242E-03,-14.210251E-03
-3.967500E-03,+1.511811328E+00,-11.070432E-03,+307.705919E-03,-12.493027E-03
-3.965000E-03,+1.515733922E+00,+0.0E+00,-440.202029E-03,-9.750698E-03
-3.962500E-03,+1.472803310E+00,-18.043933E-03,-70.606493E-03,-11.433055E-03
-3.960000E-03,+1.533777855E+00,-55.003485E-03,-131.624624E-03,-12.289052E-03
-3.957500E-03,+1.527240198E+00,-66.945605E-03,-251.045823E-03,-13.389122E-03
-3.955000E-03,+1.508760422E+00,-57.008367E-03,-300.732016E-03,-13.289749E-03
-3.952500E-03,+1.539748915E+00,+34.954671E-03,-251.045823E-03,-13.389122E-03
-3.950000E-03,+1.473805750E+00,+0.0E+00,-210.948195E-03,-12.090307E-03
-3.947500E-03,+1.539748915E+00,-66.945605E-03,-141.213188E-03,-12.609833E-03
-3.945000E-03,+1.535259724E+00,+0.0E+00,-830.718067E-03,-13.568689E-03
-3.942500E-03,+1.529245079E+00,+0.0E+00,-40.969115E-03,-18.403069E-03
-3.940000E-03,+1.531772973E+00,-15.951882E-03,-251.045823E-03,-10.711297E-03
-3.937500E-03,+1.472803310E+00,+0.0E+00,-251.045823E-03,-13.108438E-03
-3.935000E-03,+1.484266001E+00,-22.925383E-03,-480.299658E-03,-15.149931E-03
-3.932500E-03,+1.543279249E+00,+0.0E+00,-251.045823E-03,-13.671549E-03
-3.930000E-03,+1.521225554E+00,+37.046722E-03,+119.421400E-03,-13.675035E-03
-3.927500E-03,+1.506319696E+00,-66.945605E-03,-251.045823E-03,-17.405858E-03
-3.925000E-03,+1.491239502E+00,+0.0E+00,-251.045823E-03,-15.329498E-03
-3.922500E-03,+1.476246475E+00,+0.0E+00,+349.546923E-03,-16.066946E-03
-3.920000E-03,+1.539748915E+00,+0.0E+00,+187.413032E-03,-11.126221E-03
-3.917500E-03,+1.532818998E+00,-53.085773E-03,-112.447497E-03,-13.896444E-03
-3.915000E-03,+1.531685805E+00,-16.126220E-03,-89.783620E-03,-13.389122E-03
-3.912500E-03,+1.529332248E+00,+0.0E+00,+418.410242E-03,-16.572525E-03
-3.910000E-03,+1.510852472E+00,+0.0E+00,-159.518627E-03,-14.544980E-03
-3.907500E-03,+1.545414884E+00,-11.331938E-03,+140.341902E-03,-16.293585E-03
-3.905000E-03,+1.473892919E+00,-2.179219E-03,+418.410242E-03,-13.389122E-03
-3.902500E-03,+1.523666279E+00,-32.165271E-03,-251.045823E-03,-13.336820E-03
-3.900000E-03,+1.506276112E+00,+0.0E+00,-298.988640E-03,-9.755928E-03
-3.897500E-03,+1.506276112E+00,+0.0E+00,+871.889E-06,-11.042539E-03
-3.895000E-03,+1.478687201E+00,+0.0E+00,-368.723647E-03,-13.153766E-03
-3.892500E-03,+1.515385247E+00,-48.727335E-03,-738.319183E-03,-17.405858E-03
-3.890000E-03,+1.472803310E+00,+0.0E+00,-251.045823E-03,-10.336472E-03
-3.887500E-03,+1.506276112E+00,-55.700835E-03,-251.045823E-03,-13.389122E-03
-3.885000E-03,+1.539748915E+00,+0.0E+00,+161.262404E-03,-13.699443E-03
-3.882500E-03,+1.508411747E+00,+0.0E+00,-251.045823E-03,-12.050210E-03
-3.880000E-03,+1.505491593E+00,-66.945605E-03,-266.736200E-03,-11.987448E-03
-3.877500E-03,+1.506276112E+00,+2.702231E-03,+391.387927E-03,-14.673989E-03
-3.875000E-03,+1.539748915E+00,-39.661784E-03,-251.045823E-03,-14.728034E-03
-3.872500E-03,+1.534911049E+00,-66.945605E-03,+321.652920E-03,-10.904812E-03
-3.870000E-03,+1.496120952E+00,-46.635285E-03,+215.307034E-03,-10.997211E-03
-3.867500E-03,+1.481127926E+00,-50.296373E-03,+251.917913E-03,-11.044282E-03
-3.865000E-03,+1.533080505E+00,+0.0E+00,-117.677623E-03,-13.655858E-03
-3.862500E-03,+1.494464746E+00,-43.322872E-03,-251.045823E-03,-9.923292E-03
-3.860000E-03,+1.506276112E+00,-6.363319E-03,+354.777048E-03,-9.626918E-03
-3.857500E-03,+1.506276112E+00,+0.0E+00,+54.916519E-03,-12.892260E-03
-3.855000E-03,+1.505971021E+00,+66.945605E-03,-251.045823E-03,-13.376918E-03
-3.852500E-03,+1.506276112E+00,+37.569734E-03,-251.045823E-03,-9.372385E-03
-3.850000E-03,+1.535957074E+00,+0.0E+00,-251.045823E-03,-10.559624E-03
-3.847500E-03,+1.528678482E+00,+0.0E+00,-251.045823E-03,-13.831939E-03
-3.845000E-03,+1.532470323E+00,+0.0E+00,+127.266589E-03,-14.145747E-03
-3.842500E-03,+1.532034480E+00,+0.0E+00,+264.121539E-03,-13.389122E-03
-3.840000E-03,+1.528983573E+00,+0.0E+00,-251.045823E-03,-16.497560E-03
-3.837500E-03,+1.539748915E+00,+0.0E+00,-166.492127E-03,-13.727337E-03
-3.835000E-03,+1.539748915E+00,+0.0E+00,+133.368402E-03,-13.587867E-03
-3.832500E-03,+1.539007980E+00,+0.0E+00,-236.227134E-03,-14.728034E-03
-3.830000E-03,+1.506276112E+00,-35.477684E-03,+418.410242E-03,-17.955021E-03
-3.827500E-03,+1.506276112E+00,+55.962342E-03,-196.129505E-03,-13.169456E-03
-3.825000E-03,+1.548727296E+00,+0.0E+00,-6.101612E-03,-16.556835E-03
-3.822500E-03,+1.472803310E+00,+0.0E+00,+169.107593E-03,-11.708508E-03
-3.820000E-03,+1.472803310E+00,+17.520920E-03,+243.201037E-03,-11.412134E-03
-3.817500E-03,+1.506276112E+00,-28.068340E-03,+224.023911E-03,-12.222804E-03
-3.815000E-03,+1.506276112E+00,-10.547420E-03,-40.097427E-03,-12.472106E-03
-3.812500E-03,+1.472803310E+00,-26.412133E-03,+13.075515E-03,-14.728034E-03
-3.810000E-03,+1.506276112E+00,-63.371686E-03,+382.671050E-03,-15.852511E-03
-3.807500E-03,+1.506276112E+00,-66.945605E-03,-252.789199E-03,-12.050210E-03
-3.805000E-03,+1.538049124E+00,+0.0E+00,-251.045823E-03,-14.524059E-03
-3.802500E-03,+1.519569347E+00,+0.0E+00,+14.818890E-03,-13.132846E-03
-3.800000E-03,+1.534562374E+00,+10.373082E-03,-251.045823E-03,-16.481869E-03
-3.797500E-03,+1.506276112E+00,+0.0E+00,-54.916116E-03,-15.282427E-03
-3.795000E-03,+1.539748915E+00,+0.0E+00,+244.944413E-03,-13.687239E-03
-3.792500E-03,+1.539748915E+00,+12.639470E-03,+292.015542E-03,-9.952929E-03
-3.790000E-03,+1.561061676E+00,-24.320083E-03,-251.045823E-03,-12.902720E-03
-3.787500E-03,+1.534082945E+00,+0.0E+00,-863.842195E-03,-12.822525E-03
-3.785000E-03,+1.524102123E+00,+0.0E+00,-251.045823E-03,-13.301953E-03
-3.782500E-03,+1.472803310E+00,+0.0E+00,+392.259615E-03,-13.389122E-03
-3.780000E-03,+1.491936852E+00,-28.678521E-03,+418.410242E-03,-13.772664E-03
-3.777500E-03,+1.481084341E+00,-58.664573E-03,-251.045823E-03,-11.042539E-03
-3.775000E-03,+1.527981132E+00,+0.0E+00,+201.360033E-03,-13.823222E-03
-3.772500E-03,+1.550339918E+00,+36.436540E-03,-251.045823E-03,-9.253836E-03
-3.770000E-03,+1.498910352E+00,-14.731520E-03,+271.095040E-03,-13.683752E-03
-3.767500E-03,+1.506276112E+00,+0.0E+00,-251.045823E-03,-12.500000E-03
-3.765000E-03,+1.510155122E+00,+0.0E+00,-251.045823E-03,-10.866458E-03
-3.762500E-03,+1.506276112E+00,+0.0E+00,-251.045823E-03,-13.389122E-03
-3.760000E-03,+1.539356655E+00,+0.0E+00,-251.045823E-03,-9.435147E-03
-3.757500E-03,+1.506276112E+00,+0.0E+00,+56.659894E-03,-8.249652E-03
-3.755000E-03,+1.536654424E+00,+6.188982E-03,+356.520423E-03,-13.141562E-03
-3.752500E-03,+1.530073183E+00,+0.0E+00,-13.075112E-03,-12.139122E-03
-3.750000E-03,+1.546330156E+00,+0.0E+00,-251.045823E-03,-12.862622E-03
-3.747500E-03,+1.514687897E+00,-33.298465E-03,-251.045823E-03,-12.043236E-03
-3.745000E-03,+1.492939292E+00,+0.0E+00,-49.685991E-03,-8.969666E-03
-3.742500E-03,+1.511201147E+00,-9.850070E-03,-723.500493E-03,-12.798118E-03
-3.740000E-03,+1.519830854E+00,+0.0E+00,+147.315403E-03,-9.914575E-03
-3.737500E-03,+1.538310630E+00,+0.0E+00,-251.045823E-03,-10.941423E-03
-3.735000E-03,+1.506886293E+00,-32.862621E-03,+89.784022E-03,-9.347978E-03
-3.732500E-03,+1.508324578E+00,+0.0E+00,+377.440925E-03,-10.875175E-03
-3.730000E-03,+1.526804354E+00,+0.0E+00,-251.045823E-03,-12.264645E-03
-3.727500E-03,+1.534213699E+00,+0.0E+00,-140.341500E-03,-13.389122E-03
-3.725000E-03,+1.573221717E+00,-18.915620E-03,-251.045823E-03,-12.806834E-03
-3.722500E-03,+1.521704982E+00,+0.0E+00,+726.987647E-03,-12.306486E-03
-3.720000E-03,+1.500305052E+00,+0.0E+00,-251.045823E-03,-12.289052E-03
-3.717500E-03,+1.493767396E+00,-41.928172E-03,-670.327551E-03,-13.389122E-03
-3.715000E-03,+1.508760422E+00,-4.968619E-03,-821.129503E-03,-13.587867E-03
-3.712500E-03,+1.522271579E+00,+0.0E+00,-221.408445E-03,-11.291841E-03
-3.710000E-03,+1.505273671E+00,-2.004881E-03,+418.410242E-03,-13.349024E-03
-3.707500E-03,+1.525758329E+00,-38.964434E-03,+138.598527E-03,-11.051256E-03
-3.705000E-03,+1.506276112E+00,+0.0E+00,-251.045823E-03,-12.050210E-03
-3.702500E-03,+1.506276112E+00,-45.937935E-03,-40.969115E-03,-14.649582E-03
-3.700000E-03,+1.506276112E+00,+0.0E+00,-251.045823E-03,-12.369247E-03
-3.697500E-03,+1.513293197E+00,+0.0E+00,-251.045823E-03,-17.060670E-03
-3.695000E-03,+1.539748915E+00,-44.020222E-03,-461.994219E-03,-13.352511E-03
-3.692500E-03,+1.509806447E+00,+0.0E+00,-251.045823E-03,-10.711297E-03
-3.690000E-03,+1.502702193E+00,+0.0E+00,+489.888624E-03,-14.728034E-03
-3.687500E-03,+1.539705330E+00,-66.858436E-03,-251.045823E-03,-17.397141E-03
-3.685000E-03,+1.551385944E+00,-30.073221E-03,-251.045823E-03,-16.804394E-03
-3.682500E-03,+1.539748915E+00,+60.059273E-03,-782.775250E-03,-14.865761E-03
-3.680000E-03,+1.539748915E+00,+0.0E+00,-251.045823E-03,-12.927127E-03
-3.677500E-03,+1.506276112E+00,+0.0E+00,-112.447497E-03,-15.282427E-03
-3.675000E-03,+1.539748915E+00,+0.0E+00,-251.045823E-03,-11.727685E-03
-3.672500E-03,+1.529332248E+00,+0.0E+00,-42.712491E-03,-14.728034E-03
-3.670000E-03,+1.501699752E+00,-66.945605E-03,-251.045823E-03,-13.755231E-03
-3.667500E-03,+1.506276112E+00,+0.0E+00,+140.341902E-03,-17.405858E-03
-3.665000E-03,+1.473892919E+00,+0.0E+00,-876.917508E-03,-8.077057E-03
-3.662500E-03,+1.507583643E+00,+0.0E+00,-251.045823E-03,-13.546026E-03
-3.660000E-03,+1.506276112E+00,+0.0E+00,-203.103006E-03,-9.372385E-03
-3.657500E-03,+1.552344800E+00,-41.753834E-03,+166.492529E-03,-12.554045E-03
-3.655000E-03,+1.533865023E+00,-11.767782E-03,-251.045823E-03,-12.756277E-03
-3.652500E-03,+1.472803310E+00,+0.0E+00,+236.227536E-03,-14.363668E-03
-3.650000E-03,+1.472803310E+00,+0.0E+00,+230.997411E-03,-10.336472E-03
-3.647500E-03,+1.534126530E+00,+0.0E+00,+418.410242E-03,-11.610879E-03
-3.645000E-03,+1.526891523E+00,+0.0E+00,+573.570632E-03,-9.682706E-03
-3.642500E-03,+1.506276112E+00,+0.0E+00,-251.045823E-03,-13.303696E-03
-3.640000E-03,+1.488362933E+00,-32.688284E-03,+75.837021E-03,-11.333682E-03
-3.637500E-03,+1.538397799E+00,-2.702231E-03,-224.023508E-03,-15.958857E-03
-3.635000E-03,+1.466614328E+00,-12.377963E-03,+21.792391E-03,-10.216179E-03
-3.632500E-03,+1.501438246E+00,-66.945605E-03,+321.652920E-03,-9.952929E-03
-3.630000E-03,+1.472803310E+00,+0.0E+00,+12.203827E-03,-13.915621E-03
-3.627500E-03,+1.514600728E+00,-16.649232E-03,+251.917913E-03,-12.050210E-03
-3.625000E-03,+1.506276112E+00,-53.608785E-03,+15.690578E-03,-14.194561E-03
-3.622500E-03,+1.494464746E+00,+0.0E+00,-684.274553E-03,-14.098675E-03
-3.620000E-03,+1.503094452E+00,-60.582286E-03,-856.868694E-03,-12.304742E-03
-3.617500E-03,+1.509152681E+00,+0.0E+00,+112.447900E-03,-9.984310E-03
-3.615000E-03,+1.539443824E+00,-66.335424E-03,+412.308429E-03,-12.038006E-03
-3.612500E-03,+1.491588177E+00,-29.375871E-03,+42.712893E-03,-15.479429E-03
-3.610000E-03,+1.506276112E+00,+0.0E+00,-251.045823E-03,-10.862971E-03
-3.607500E-03,+1.528547729E+00,+0.0E+00,-27.022114E-03,-14.285217E-03
-3.605000E-03,+1.513554703E+00,+0.0E+00,-251.045823E-03,-15.775802E-03
-3.602500E-03,+1.547463350E+00,+15.428870E-03,-251.045823E-03,-17.819038E-03
-3.600000E-03,+1.495510771E+00,+45.414922E-03,-705.195055E-03,-13.866807E-03
-3.597500E-03,+1.510503797E+00,-8.455369E-03,-166.492127E-03,-11.881102E-03
-3.595000E-03,+1.520528204E+00,+0.0E+00,+33.996017E-03,-10.711297E-03
-3.592500E-03,+1.506276112E+00,+0.0E+00,-236.227134E-03,-12.168759E-03
-3.590000E-03,+1.506276112E+00,-35.477684E-03,-565.725041E-03,-18.035217E-03
-3.587500E-03,+1.509021928E+00,-5.491632E-03,-251.045823E-03,-18.525105E-03
-3.585000E-03,+1.506276112E+00,-42.451184E-03,-251.045823E-03,-12.768480E-03
-3.582500E-03,+1.560756585E+00,+0.0E+00,-126.394499E-03,-13.389122E-03
-3.580000E-03,+1.506276112E+00,+0.0E+00,-75.836618E-03,-9.435147E-03
-3.577500E-03,+1.506276112E+00,-47.506972E-03,-251.045823E-03,-13.000349E-03
-3.575000E-03,+1.472803310E+00,+0.0E+00,-815.027690E-03,-15.149931E-03
-3.572500E-03,+1.546809584E+00,+0.0E+00,+13.075515E-03,-16.349373E-03
-3.570000E-03,+1.539748915E+00,+59.797767E-03,+382.671050E-03,-17.119945E-03
-3.567500E-03,+1.506276112E+00,+0.0E+00,+82.810521E-03,-11.382497E-03
-3.565000E-03,+1.536349333E+00,-66.945605E-03,-251.045823E-03,-11.982218E-03
-3.562500E-03,+1.492982877E+00,+26.586471E-03,+14.818890E-03,-11.774756E-03
-3.560000E-03,+1.421417328E+00,-56.572523E-03,-816.771066E-03,-15.652023E-03
-3.557500E-03,+1.516082597E+00,-47.332635E-03,+222.280535E-03,-12.050210E-03
-3.555000E-03,+1.522402332E+00,+0.0E+00,-251.045823E-03,-13.437936E-03
-3.552500E-03,+1.527109445E+00,-12.639470E-03,-251.045823E-03,-9.877964E-03
-3.550000E-03,+1.472803310E+00,+66.945605E-03,-251.045823E-03,-12.656904E-03
-3.547500E-03,+1.539748915E+00,-5.665969E-03,-194.386130E-03,-11.936890E-03
-3.545000E-03,+1.488450101E+00,+0.0E+00,-251.045823E-03,-11.337169E-03
-3.542500E-03,+1.506276112E+00,-65.638074E-03,+405.334928E-03,-9.398536E-03
-3.540000E-03,+1.539748915E+00,-76.534168E-03,-251.045823E-03,-12.050210E-03
-3.537500E-03,+1.535608399E+00,-58.664573E-03,+335.599921E-03,-10.380056E-03
-3.535000E-03,+1.528896404E+00,+0.0E+00,-33.995614E-03,-13.859833E-03
-3.532500E-03,+1.488057842E+00,+0.0E+00,-251.045823E-03,-11.745119E-03
-3.530000E-03,+1.525017395E+00,-14.731520E-03,+418.410242E-03,-15.611925E-03
-3.527500E-03,+1.495162096E+00,+66.945605E-03,+418.410242E-03,-12.939331E-03
-3.525000E-03,+1.539748915E+00,-59.187586E-03,-251.045823E-03,-14.728034E-03
-3.522500E-03,+1.539748915E+00,-29.201533E-03,+126.394901E-03,-8.617504E-03
-3.520000E-03,+1.538964396E+00,-66.161086E-03,-251.045823E-03,-9.372385E-03
-3.517500E-03,+1.490890827E+00,+30.770571E-03,+418.410242E-03,-11.218620E-03
-3.515000E-03,+1.506276112E+00,+0.0E+00,+418.410242E-03,-15.819387E-03
-3.512500E-03,+1.506276112E+00,+0.0E+00,-251.045823E-03,-22.463390E-03
-3.510000E-03,+1.506276112E+00,+0.0E+00,-251.045823E-03,-28.666319E-03
-3.507500E-03,+1.497864327E+00,-50.122035E-03,+250.174538E-03,-18.078801E-03
-3.505000E-03,+1.462735318E+00,+0.0E+00,-49.685991E-03,-18.875524E-03
-3.502500E-03,+1.529898845E+00,+57.095535E-03,-251.045823E-03,-16.657950E-03
-3.500000E-03,+1.499912793E+00,+0.0E+00,+147.315403E-03,-19.541493E-03
-3.497500E-03,+1.472803310E+00,-2.876569E-03,-251.045823E-03,-16.182009E-03
-3.495000E-03,+1.523317604E+00,+0.0E+00,-251.045823E-03,-21.349373E-03
-3.492500E-03,+1.476900241E+00,-62.848673E-03,-251.045823E-03,-22.843446E-03
-3.490000E-03,+1.485747870E+00,-66.945605E-03,-509.937036E-03,-21.940377E-03
-3.487500E-03,+1.495205680E+00,+11.070432E-03,-251.045823E-03,-20.305091E-03
-3.485000E-03,+1.496818302E+00,-66.945605E-03,+418.410242E-03,-20.083683E-03
-3.482500E-03,+1.481825276E+00,+0.0E+00,-251.045823E-03,-20.083683E-03
-3.480000E-03,+1.472803310E+00,-11.942120E-03,-801.080688E-03,-22.522665E-03
-3.477500E-03,+1.493767396E+00,+0.0E+00,+168.235905E-03,-23.437937E-03
-3.475000E-03,+1.506276112E+00,+0.0E+00,+368.724049E-03,-20.183055E-03
-3.472500E-03,+1.488798776E+00,+34.954671E-03,+98.500899E-03,-19.443864E-03
-3.470000E-03,+1.473805750E+00,+0.0E+00,-251.045823E-03,-22.681312E-03
-3.467500E-03,+1.506276112E+00,+0.0E+00,-640.690173E-03,-19.864017E-03
-3.465000E-03,+1.477292501E+00,+57.967223E-03,-340.829644E-03,-22.581939E-03
-3.462500E-03,+1.495772277E+00,-66.945605E-03,-251.045823E-03,-20.083683E-03
-3.460000E-03,+1.447306448E+00,+0.0E+00,-251.045823E-03,-28.117156E-03
-3.457500E-03,+1.499259027E+00,+0.0E+00,-251.045823E-03,-18.528592E-03
-3.455000E-03,+1.472803310E+00,-44.020222E-03,-251.045823E-03,-25.017435E-03
-3.452500E-03,+1.476333644E+00,-66.945605E-03,+418.410242E-03,-19.309624E-03
-3.450000E-03,+1.457853868E+00,-29.898883E-03,-251.045823E-03,-19.342748E-03
-3.447500E-03,+1.472846894E+00,-87.169E-06,+418.410242E-03,-24.093446E-03
-3.445000E-03,+1.472803310E+00,-36.872384E-03,-183.054192E-03,-20.685147E-03
-3.442500E-03,+1.472803310E+00,+0.0E+00,+349.546923E-03,-20.496863E-03
-3.440000E-03,+1.516649194E+00,+0.0E+00,-482.043033E-03,-24.100419E-03
-3.437500E-03,+1.499346196E+00,+13.859832E-03,-112.447498E-03,-23.593097E-03
-3.435000E-03,+1.472803310E+00,+0.0E+00,-251.045823E-03,-22.438983E-03
-3.432500E-03,+1.460163840E+00,+25.278939E-03,-251.045823E-03,-23.594840E-03
-3.430000E-03,+1.506276112E+00,+0.0E+00,-737.447494E-03,-18.927825E-03
-3.427500E-03,+1.467137340E+00,+11.331938E-03,-251.045823E-03,-22.205370E-03
-3.425000E-03,+1.506276112E+00,+0.0E+00,-229.253633E-03,-26.691075E-03
-3.422500E-03,+1.471495778E+00,-34.780334E-03,-251.045823E-03,-22.709206E-03
-3.420000E-03,+1.503878971E+00,-4.794282E-03,-824.616254E-03,-21.326709E-03
-3.417500E-03,+1.472803310E+00,+0.0E+00,-251.045823E-03,-20.760112E-03
-3.415000E-03,+1.478687201E+00,-11.767782E-03,-133.368000E-03,-20.481172E-03
-3.412500E-03,+1.448439642E+00,-18.218270E-03,-68.863118E-03,-23.736054E-03
-3.410000E-03,+1.439330507E+00,-18.741283E-03,-63.632993E-03,-21.422595E-03
-3.407500E-03,+1.439330507E+00,+0.0E+00,-138.598124E-03,-24.325315E-03
-3.405000E-03,+1.431572488E+00,-66.945605E-03,+161.262405E-03,-23.275803E-03
-3.402500E-03,+1.468532040E+00,+0.0E+00,-208.333131E-03,-21.678871E-03
-3.400000E-03,+1.439330507E+00,+0.0E+00,-251.045823E-03,-24.131800E-03
-3.397500E-03,+1.503573881E+00,-61.541142E-03,+418.410242E-03,-26.724199E-03
-3.395000E-03,+1.452972417E+00,-39.661784E-03,-251.045823E-03,-24.944213E-03
-3.392500E-03,+1.467965444E+00,-57.269873E-03,+321.652920E-03,-25.052302E-03
-3.390000E-03,+1.459640827E+00,-20.310320E-03,+215.307034E-03,-21.949094E-03
-3.387500E-03,+1.497951496E+00,-66.945605E-03,-84.553495E-03,-28.450140E-03
-3.385000E-03,+1.472803310E+00,+0.0E+00,-251.045823E-03,-25.439331E-03
-3.382500E-03,+1.472803310E+00,+0.0E+00,+418.410242E-03,-28.511158E-03
-3.380000E-03,+1.503094452E+00,-60.582286E-03,-187.412629E-03,-22.506974E-03
-3.377500E-03,+1.490977995E+00,-30.596233E-03,-251.045823E-03,-28.959206E-03
-3.375000E-03,+1.472498219E+00,-610.181E-06,-244.944010E-03,-20.083683E-03
-3.372500E-03,+1.420545640E+00,+0.0E+00,+124.651525E-03,-26.942121E-03
-3.370000E-03,+1.469011469E+00,+0.0E+00,+342.573422E-03,-24.403766E-03
-3.367500E-03,+1.405988458E+00,+0.0E+00,-251.045823E-03,-27.674338E-03
-3.365000E-03,+1.439330507E+00,-52.388423E-03,-774.930062E-03,-27.942818E-03
-3.362500E-03,+1.421286575E+00,-51.516735E-03,-251.045823E-03,-30.899583E-03
-3.360000E-03,+1.450095848E+00,+0.0E+00,-251.045823E-03,-26.825315E-03
-3.357500E-03,+1.435102822E+00,+0.0E+00,+333.856546E-03,-25.777546E-03
-3.355000E-03,+1.439330507E+00,+0.0E+00,+133.368402E-03,-21.793934E-03
-3.352500E-03,+1.439330507E+00,+0.0E+00,+403.591552E-03,-30.617156E-03
-3.350000E-03,+1.457069349E+00,+0.0E+00,-251.045823E-03,-27.487797E-03
-3.347500E-03,+1.442076323E+00,-5.491632E-03,+308.577607E-03,-29.675733E-03
-3.345000E-03,+1.451577717E+00,+0.0E+00,-6.101612E-03,-26.778243E-03
-3.342500E-03,+1.391082600E+00,-66.945605E-03,+418.410242E-03,-30.545677E-03
-3.340000E-03,+1.381145362E+00,-49.424685E-03,+243.201037E-03,-27.416319E-03
-3.337500E-03,+1.463083993E+00,-66.945605E-03,+418.410242E-03,-25.828104E-03
-3.335000E-03,+1.411131414E+00,-66.945605E-03,-356.520021E-03,-26.283125E-03
-3.332500E-03,+1.439330507E+00,-40.533472E-03,-251.045823E-03,-28.645398E-03
-3.330000E-03,+1.471016350E+00,+0.0E+00,-920.501888E-03,-26.706765E-03
-3.327500E-03,+1.422463353E+00,-33.385634E-03,+82.810521E-03,-30.134241E-03
-3.325000E-03,+1.407557495E+00,-127.092047E-03,-217.050008E-03,-27.981172E-03
-3.322500E-03,+1.439330507E+00,-66.945605E-03,-251.045823E-03,-27.566249E-03
-3.320000E-03,+1.434143966E+00,-66.945605E-03,-354.776645E-03,-26.570782E-03
-3.317500E-03,+1.419717537E+00,-19.612970E-03,+418.410242E-03,-28.671549E-03
-3.315000E-03,+1.430657216E+00,+49.599022E-03,+244.944413E-03,-26.480126E-03
-3.312500E-03,+1.412177439E+00,-54.306135E-03,-251.045823E-03,-25.944910E-03
-3.310000E-03,+1.451490549E+00,+0.0E+00,-251.045823E-03,-25.073223E-03
-3.307500E-03,+1.439330507E+00,-5.665969E-03,+361.750548E-03,-22.988146E-03
-3.305000E-03,+1.439330507E+00,+31.293584E-03,-294.630203E-03,-23.474547E-03
-3.302500E-03,+1.406511470E+00,-65.638074E-03,-251.045823E-03,-28.038704E-03
-3.300000E-03,+1.424991247E+00,+0.0E+00,-251.045823E-03,-27.351814E-03
-3.297500E-03,+1.443471023E+00,+0.0E+00,+418.410242E-03,-27.785914E-03
-3.295000E-03,+1.439330507E+00,-45.240585E-03,+201.360033E-03,-25.475942E-03
-3.292500E-03,+1.439330507E+00,+0.0E+00,-98.500496E-03,-27.812065E-03
-3.290000E-03,+1.405857705E+00,-52.214085E-03,+43.584581E-03,-29.001047E-03
-3.287500E-03,+1.428085737E+00,+0.0E+00,-28.765490E-03,-29.461298E-03
-3.285000E-03,+1.405857705E+00,+51.429566E-03,+418.410242E-03,-26.933404E-03
-3.282500E-03,+1.405857705E+00,+0.0E+00,+418.410242E-03,-28.872037E-03
-3.280000E-03,+1.438938248E+00,-784.519E-06,+410.565053E-03,-26.762553E-03
-3.277500E-03,+1.423945222E+00,-66.945605E-03,+56.659895E-03,-25.439331E-03
-3.275000E-03,+1.381668375E+00,+0.0E+00,-251.045823E-03,-33.349025E-03
-3.272500E-03,+1.405857705E+00,+43.148534E-03,-13.075112E-03,-28.206068E-03
-3.270000E-03,+1.439330507E+00,+13.162482E-03,-788.877063E-03,-30.531730E-03
-3.267500E-03,+1.380796687E+00,-16.823570E-03,-251.045823E-03,-30.465482E-03
-3.265000E-03,+1.415925696E+00,-46.809622E-03,+217.050410E-03,-29.325315E-03
-3.262500E-03,+1.434405472E+00,+0.0E+00,-251.045823E-03,-30.006974E-03
-3.260000E-03,+1.439330507E+00,+0.0E+00,+20.049015E-03,-29.456068E-03
-3.257500E-03,+1.469926741E+00,-64.069036E-03,-222.280132E-03,-26.893306E-03
-3.255000E-03,+1.389426394E+00,+0.0E+00,-251.045823E-03,-30.843795E-03
-3.252500E-03,+1.466657912E+00,+66.945605E-03,+377.440926E-03,-32.215831E-03
-3.250000E-03,+1.431746825E+00,+0.0E+00,-251.045823E-03,-33.169457E-03
-3.247500E-03,+1.433795291E+00,+55.875173E-03,-699.093242E-03,-30.120294E-03
-3.245000E-03,+1.439330507E+00,-29.114365E-03,-61.889617E-03,-27.738843E-03
-3.242500E-03,+1.405857705E+00,-48.901672E-03,-70.606494E-03,-25.183055E-03
-3.240000E-03,+1.439330507E+00,-66.945605E-03,+298.989042E-03,-30.317295E-03
-3.237500E-03,+1.439330507E+00,+16.910739E-03,-839.434944E-03,-26.616110E-03
-3.235000E-03,+1.436846197E+00,+0.0E+00,+418.410242E-03,-33.572177E-03
-3.232500E-03,+1.439330507E+00,+31.990934E-03,+418.410242E-03,-30.095887E-03
-3.230000E-03,+1.437325626E+00,+0.0E+00,-251.045823E-03,-32.133892E-03
-3.227500E-03,+1.405857705E+00,-66.945605E-03,+28.765892E-03,-31.574269E-03
-3.225000E-03,+1.430352125E+00,+0.0E+00,+328.626421E-03,-30.435845E-03
-3.222500E-03,+1.372384902E+00,-24.930264E-03,+208.333533E-03,-29.534520E-03
-3.220000E-03,+1.405857705E+00,+0.0E+00,-91.526996E-03,-36.150629E-03
-3.217500E-03,+1.405857705E+00,+0.0E+00,-780.160186E-03,-29.736751E-03
-3.215000E-03,+1.427867816E+00,-44.020222E-03,-21.791989E-03,-28.575663E-03
-3.212500E-03,+1.435800172E+00,+0.0E+00,-251.045823E-03,-28.117156E-03
-3.210000E-03,+1.420807146E+00,+37.046722E-03,-179.567440E-03,-32.276849E-03
-3.207500E-03,+1.372384902E+00,+0.0E+00,-250.174135E-03,-25.442818E-03
-3.205000E-03,+1.409257286E+00,-36.872384E-03,-251.045823E-03,-31.997909E-03
-3.202500E-03,+1.432444175E+00,+6.886332E-03,-782.775250E-03,-26.127965E-03
-3.200000E-03,+1.382757984E+00,+0.0E+00,+187.413031E-03,-33.425733E-03
-3.197500E-03,+1.372384902E+00,+0.0E+00,+418.410242E-03,-29.963390E-03
-3.195000E-03,+1.388511122E+00,+16.126220E-03,-89.783620E-03,-28.117156E-03
-3.192500E-03,+1.405857705E+00,+0.0E+00,-251.045823E-03,-29.544980E-03
-3.190000E-03,+1.434754147E+00,-9.152719E-03,-645.920297E-03,-32.923641E-03
-3.187500E-03,+1.439330507E+00,-27.806833E-03,+418.410242E-03,-30.794980E-03
-3.185000E-03,+1.405857705E+00,+64.766386E-03,-229.253633E-03,-29.586821E-03
-3.182500E-03,+1.405857705E+00,-2.615063E-03,-572.698542E-03,-33.472804E-03
-3.180000E-03,+1.403460564E+00,-4.794282E-03,-298.988640E-03,-32.133892E-03
-3.177500E-03,+1.418453590E+00,+0.0E+00,-251.045823E-03,-29.959903E-03
-3.175000E-03,+1.399973814E+00,+0.0E+00,-251.045823E-03,-32.369248E-03
-3.172500E-03,+1.363275767E+00,+18.218270E-03,-738.319182E-03,-31.159345E-03
-3.170000E-03,+1.420589224E+00,-48.204322E-03,-251.045823E-03,-31.973502E-03
-3.167500E-03,+1.400235320E+00,-44.456066E-03,-251.045823E-03,-33.247909E-03
-3.165000E-03,+1.372384902E+00,+0.0E+00,+418.410242E-03,-31.309276E-03
-3.162500E-03,+1.376656171E+00,-62.674336E-03,-251.045823E-03,-33.301954E-03
-3.160000E-03,+1.405857705E+00,-32.688284E-03,+434.100619E-03,-28.833683E-03
-3.157500E-03,+1.407208820E+00,-2.702231E-03,-251.045823E-03,-34.595538E-03
-3.155000E-03,+1.399668723E+00,+0.0E+00,-251.045823E-03,-34.564157E-03
-3.152500E-03,+1.439330507E+00,+0.0E+00,-154.288502E-03,-29.456068E-03
-3.150000E-03,+1.382540062E+00,+0.0E+00,+215.307034E-03,-33.879011E-03
-3.147500E-03,+1.380709518E+00,-33.647140E-03,+418.410242E-03,-32.799862E-03
-3.145000E-03,+1.425993687E+00,+0.0E+00,+418.410242E-03,-34.273014E-03
-3.142500E-03,+1.417669071E+00,+0.0E+00,-14.818488E-03,-33.394352E-03
-3.140000E-03,+1.378748221E+00,+0.0E+00,-187.412629E-03,-38.446654E-03
-3.137500E-03,+1.387683019E+00,+0.0E+00,-251.045823E-03,-33.472804E-03
-3.135000E-03,+1.372689993E+00,+0.0E+00,-251.045823E-03,-30.831591E-03
-3.132500E-03,+1.391169769E+00,-29.375871E-03,-626.743171E-03,-31.710252E-03
-3.130000E-03,+1.402065864E+00,+0.0E+00,+494.247061E-03,-30.946654E-03
-3.127500E-03,+1.361314470E+00,-44.543235E-03,-27.022113E-03,-37.041493E-03
-3.125000E-03,+1.372384902E+00,+0.0E+00,-251.045823E-03,-35.277198E-03
-3.122500E-03,+1.380099337E+00,+15.428870E-03,-766.213185E-03,-36.872386E-03
-3.120000E-03,+1.372384902E+00,+0.0E+00,+203.103409E-03,-29.839610E-03
-3.117500E-03,+1.405857705E+00,+0.0E+00,-835.948192E-03,-30.625873E-03
-3.115000E-03,+1.372384902E+00,+66.945605E-03,+33.996016E-03,-31.365064E-03
-3.112500E-03,+1.341134903E+00,-65.463736E-03,-236.227134E-03,-30.794980E-03
-3.110000E-03,+1.405857705E+00,+66.945605E-03,+63.633395E-03,-33.312414E-03
-3.107500E-03,+1.344403731E+00,+0.0E+00,-251.045823E-03,-33.472804E-03
-3.105000E-03,+1.393610494E+00,-66.945605E-03,-6.101611E-03,-35.889122E-03
-3.102500E-03,+1.372384902E+00,+54.480473E-03,-795.850564E-03,-32.632497E-03
-3.100000E-03,+1.372384902E+00,+0.0E+00,-251.045823E-03,-27.128662E-03
-3.097500E-03,+1.429611191E+00,-66.945605E-03,-445.432154E-03,-32.306486E-03
-3.095000E-03,+1.372384902E+00,+45.850766E-03,-251.045823E-03,-33.683753E-03
-3.092500E-03,+1.379445571E+00,-40.533472E-03,+418.410242E-03,-33.190378E-03
-3.090000E-03,+1.342486019E+00,+0.0E+00,-251.045823E-03,-33.544283E-03
-3.087500E-03,+1.389077719E+00,-33.559971E-03,-251.045823E-03,-37.493028E-03
-3.085000E-03,+1.342311681E+00,-3.399581E-03,-251.045823E-03,-29.524059E-03
-3.082500E-03,+1.352205335E+00,+0.0E+00,+152.545528E-03,-34.811717E-03
-3.080000E-03,+1.382757984E+00,-56.572523E-03,-251.045823E-03,-34.905859E-03
-3.077500E-03,+1.348718585E+00,+0.0E+00,-54.916116E-03,-37.327407E-03
-3.075000E-03,+1.421983925E+00,-17.346582E-03,-251.045823E-03,-30.101117E-03
-3.072500E-03,+1.399537970E+00,-12.639470E-03,-794.107188E-03,-33.725594E-03
-3.070000E-03,+1.360224861E+00,-42.625522E-03,-251.045823E-03,-30.794980E-03
-3.067500E-03,+1.405857705E+00,+0.0E+00,-251.045823E-03,-35.923990E-03
-3.065000E-03,+1.372384902E+00,+0.0E+00,+61.890019E-03,-33.021270E-03
-3.062500E-03,+1.340219631E+00,-65.638074E-03,-237.970510E-03,-34.785566E-03
-3.060000E-03,+1.372384902E+00,-28.678521E-03,+418.410242E-03,-33.472804E-03
-3.057500E-03,+1.368244386E+00,+0.0E+00,-333.856143E-03,-34.646096E-03
-3.055000E-03,+1.372384902E+00,+0.0E+00,-468.096032E-03,-32.133892E-03
-3.052500E-03,+1.398230438E+00,+51.691073E-03,-251.045823E-03,-33.472804E-03
-3.050000E-03,+1.372384902E+00,-66.945605E-03,-398.361025E-03,-34.811717E-03
-3.047500E-03,+1.383498919E+00,-44.717572E-03,-251.045823E-03,-33.028244E-03
-3.045000E-03,+1.372384902E+00,-66.945605E-03,+340.830046E-03,-34.966877E-03
-3.042500E-03,+1.353512866E+00,+29.201533E-03,-251.045823E-03,-34.227686E-03
-3.040000E-03,+1.339696618E+00,+0.0E+00,+410.565053E-03,-34.811717E-03
-3.037500E-03,+1.372384902E+00,+30.770571E-03,-251.045823E-03,-32.749304E-03
-3.035000E-03,+1.405857705E+00,+0.0E+00,-251.045823E-03,-31.413878E-03
-3.032500E-03,+1.338912100E+00,-43.148534E-03,-251.045823E-03,-36.715482E-03
-3.030000E-03,+1.378966143E+00,-53.783123E-03,-251.045823E-03,-34.571131E-03
-3.027500E-03,+1.405857705E+00,-83.769175E-03,-251.045823E-03,-39.164924E-03
-3.025000E-03,+1.348980091E+00,-20.135983E-03,-251.045823E-03,-31.066947E-03
-3.022500E-03,+1.372384902E+00,+9.850070E-03,+319.909544E-03,-35.756626E-03
-3.020000E-03,+1.378748221E+00,-27.109483E-03,-123.779435E-03,-35.099373E-03
-3.017500E-03,+1.404419420E+00,+0.0E+00,-251.045823E-03,-34.869248E-03
-3.015000E-03,+1.388816213E+00,-66.945605E-03,+418.410242E-03,-38.171201E-03
-3.012500E-03,+1.372384902E+00,+0.0E+00,-292.015139E-03,-37.407602E-03
-3.010000E-03,+1.372384902E+00,-25.889121E-03,+7.845390E-03,-37.792888E-03
-3.007500E-03,+1.344447316E+00,+0.0E+00,+307.705919E-03,-32.798118E-03
-3.005000E-03,+1.386942084E+00,+18.915620E-03,-251.045823E-03,-34.637379E-03
-3.002500E-03,+1.363362936E+00,-18.043933E-03,-251.045823E-03,-31.516737E-03
-3.000000E-03,+1.350854219E+00,+11.942120E-03,-370.467023E-03,-35.672944E-03
-2.997500E-03,+1.372384902E+00,-25.017433E-03,+168.235905E-03,-33.296723E-03
-2.995000E-03,+1.369900593E+00,+57.008367E-03,-251.045823E-03,-37.191424E-03
-2.992500E-03,+1.388380369E+00,+0.0E+00,-221.408444E-03,-34.171898E-03
-2.990000E-03,+1.372384902E+00,+0.0E+00,-230.997009E-03,-34.851814E-03
-2.987500E-03,+1.391867119E+00,+38.964434E-03,-251.045823E-03,-31.014645E-03
-2.985000E-03,+1.405857705E+00,-57.967223E-03,+418.410242E-03,-34.632149E-03
-2.982500E-03,+1.338912100E+00,-21.007670E-03,-251.045823E-03,-33.052651E-03
-2.980000E-03,+1.354863982E+00,-66.945605E-03,-251.045823E-03,-38.828453E-03
-2.977500E-03,+1.372384902E+00,-52.911435E-03,-251.045823E-03,-34.531033E-03
-2.975000E-03,+1.350374791E+00,-21.094839E-03,-251.045823E-03,-36.609136E-03
-2.972500E-03,+1.379445571E+00,-7.060669E-03,-180.439128E-03,-34.670503E-03
-2.970000E-03,+1.338912100E+00,-66.945605E-03,-621.513047E-03,-33.472804E-03
-2.967500E-03,+1.372341318E+00,-66.771267E-03,-251.045823E-03,-29.463041E-03
-2.965000E-03,+1.390821094E+00,+6.799163E-03,+49.686394E-03,-34.210252E-03
-2.962500E-03,+1.405857705E+00,+0.0E+00,+418.410242E-03,-32.271619E-03
-2.960000E-03,+1.350461960E+00,+0.0E+00,+187.413031E-03,-37.027546E-03
-2.957500E-03,+1.338912100E+00,+0.0E+00,+279.811916E-03,-31.579499E-03
-2.955000E-03,+1.364321792E+00,+0.0E+00,+257.148038E-03,-35.828104E-03
-2.952500E-03,+1.395441038E+00,+20.833333E-03,-251.045823E-03,-31.300559E-03
-2.950000E-03,+1.376961262E+00,+0.0E+00,+326.883045E-03,-34.021968E-03
-2.947500E-03,+1.372384902E+00,+0.0E+00,+418.410242E-03,-35.038355E-03
-2.945000E-03,+1.338912100E+00,+0.0E+00,-272.838013E-03,-36.324966E-03
-2.942500E-03,+1.388467538E+00,-101.725939E-03,-598.849169E-03,-32.133892E-03
-2.940000E-03,+1.338912100E+00,-62.151323E-03,+418.410242E-03,-33.664576E-03
-2.937500E-03,+1.326316214E+00,+0.0E+00,+166.492529E-03,-34.653069E-03
-2.935000E-03,+1.344795991E+00,-66.945605E-03,+418.410242E-03,-35.679917E-03
-2.932500E-03,+1.381494037E+00,+0.0E+00,-251.045823E-03,-35.540447E-03
-2.930000E-03,+1.372384902E+00,+0.0E+00,-251.045823E-03,-36.365064E-03
-2.927500E-03,+1.366762517E+00,+0.0E+00,+418.410242E-03,-31.694562E-03
-2.925000E-03,+1.331154080E+00,-41.230822E-03,-251.045823E-03,-34.395050E-03
-2.922500E-03,+1.403722070E+00,+0.0E+00,-835.076504E-03,-37.318690E-03
-2.920000E-03,+1.372384902E+00,-34.257321E-03,+402.719864E-03,-37.552302E-03
-2.917500E-03,+1.403155473E+00,-64.243374E-03,+391.387927E-03,-35.988495E-03
-2.915000E-03,+1.366195920E+00,+66.945605E-03,-251.045823E-03,-41.506277E-03
-2.912500E-03,+1.377222768E+00,+9.675732E-03,-251.045823E-03,-36.344143E-03
-2.910000E-03,+1.372384902E+00,-26.324964E-03,-454.149031E-03,-40.573572E-03
-2.907500E-03,+1.372384902E+00,-50.296373E-03,-251.045823E-03,-36.150629E-03
-2.905000E-03,+1.365716492E+00,-66.945605E-03,-117.677622E-03,-36.150629E-03
-2.902500E-03,+1.360573536E+00,-66.945605E-03,-251.045823E-03,-34.339262E-03
-2.900000E-03,+1.375566562E+00,-60.582286E-03,-314.679017E-03,-37.489541E-03
-2.897500E-03,+1.390559588E+00,-30.596233E-03,-614.539546E-03,-37.259415E-03
-2.895000E-03,+1.372384902E+00,-610.181E-06,-244.944011E-03,-36.187240E-03
-2.892500E-03,+1.338912100E+00,-29.375871E-03,-251.045823E-03,-38.568690E-03
-2.890000E-03,+1.372384902E+00,+0.0E+00,-175.209004E-03,-35.847281E-03
-2.887500E-03,+1.405857705E+00,-22.402370E-03,-251.045823E-03,-32.133892E-03
-2.885000E-03,+1.365106311E+00,+0.0E+00,-251.045823E-03,-35.394004E-03
-2.882500E-03,+1.398143270E+00,+0.0E+00,-251.045823E-03,-36.872386E-03
-2.880000E-03,+1.338912100E+00,-21.530683E-03,-251.045823E-03,-38.350768E-03
-2.877500E-03,+1.405857705E+00,+0.0E+00,-251.045823E-03,-37.320433E-03
-2.875000E-03,+1.358132810E+00,+0.0E+00,+33.996016E-03,-36.349373E-03
-2.872500E-03,+1.338912100E+00,-1.481869E-03,+403.591552E-03,-36.150629E-03
-2.870000E-03,+1.370380021E+00,+0.0E+00,+418.410242E-03,-38.038704E-03
-2.867500E-03,+1.400366073E+00,-61.453973E-03,-251.045823E-03,-33.582637E-03
-2.865000E-03,+1.360137692E+00,-42.451184E-03,-251.045823E-03,-36.150629E-03
-2.862500E-03,+1.405857705E+00,+54.480473E-03,-251.045823E-03,-29.363669E-03
-2.860000E-03,+1.381145362E+00,+0.0E+00,-251.045823E-03,-32.196654E-03
-2.857500E-03,+1.338912100E+00,+0.0E+00,-251.045823E-03,-32.522665E-03
-2.855000E-03,+1.344185809E+00,+0.0E+00,-145.571625E-03,-33.894701E-03
-2.852500E-03,+1.338912100E+00,-26.412133E-03,-251.045823E-03,-36.678871E-03
-2.850000E-03,+1.402283786E+00,-3.573919E-03,-251.045823E-03,-42.773711E-03
-2.847500E-03,+1.338912100E+00,+33.559971E-03,+82.810521E-03,-37.489541E-03
-2.845000E-03,+1.404157914E+00,+0.0E+00,-886.506073E-03,-34.811717E-03
-2.842500E-03,+1.379271234E+00,-26.586471E-03,-516.910537E-03,-36.682358E-03
-2.840000E-03,+1.344098641E+00,+0.0E+00,+314.679420E-03,-33.680266E-03
-2.837500E-03,+1.338912100E+00,+0.0E+00,-251.045823E-03,-38.436194E-03
-2.835000E-03,+1.338912100E+00,-17.346582E-03,-251.045823E-03,-37.836473E-03
-2.832500E-03,+1.311759032E+00,+0.0E+00,+292.015541E-03,-40.747909E-03
-2.830000E-03,+1.338912100E+00,+0.0E+00,-7.844988E-03,-36.516738E-03
-2.827500E-03,+1.369551917E+00,+0.0E+00,+418.410242E-03,-37.602860E-03
-2.825000E-03,+1.354558891E+00,+31.293584E-03,-563.981665E-03,-36.863669E-03
-2.822500E-03,+1.306093063E+00,+1.307531E-03,-264.121136E-03,-36.124478E-03
-2.820000E-03,+1.372384902E+00,-28.678521E-03,-346.931456E-03,-38.063111E-03
-2.817500E-03,+1.338912100E+00,-58.664573E-03,+418.410242E-03,-38.828453E-03
-2.815000E-03,+1.338912100E+00,+0.0E+00,+201.360033E-03,-38.394353E-03
-2.812500E-03,+1.346539366E+00,+0.0E+00,+265.864915E-03,-40.285915E-03
-2.810000E-03,+1.338912100E+00,+0.0E+00,-103.730621E-03,-38.239192E-03
-2.807500E-03,+1.338912100E+00,+0.0E+00,-28.765490E-03,-41.061717E-03
-2.805000E-03,+1.338912100E+00,-7.758019E-03,-251.045823E-03,-38.983613E-03
-2.802500E-03,+1.338912100E+00,+0.0E+00,+40.969517E-03,-42.261159E-03
-2.800000E-03,+1.305439297E+00,-66.161086E-03,+410.565053E-03,-38.812763E-03
-2.797500E-03,+1.356999617E+00,+36.175034E-03,-612.796170E-03,-39.660043E-03
-2.795000E-03,+1.338912100E+00,+0.0E+00,+356.520424E-03,-38.704673E-03
-2.792500E-03,+1.338912100E+00,-43.148534E-03,-251.045823E-03,-38.441424E-03
-2.790000E-03,+1.312020538E+00,-66.945605E-03,+418.410242E-03,-35.074966E-03
-2.787500E-03,+1.338912100E+00,+0.0E+00,-251.045823E-03,-41.513251E-03
-2.785000E-03,+1.338912100E+00,+0.0E+00,-49.685992E-03,-42.311717E-03
-2.782500E-03,+1.367459867E+00,+0.0E+00,+319.909544E-03,-40.718272E-03
-2.780000E-03,+1.372384902E+00,+0.0E+00,+418.410242E-03,-33.760461E-03
-2.777500E-03,+1.338912100E+00,+61.192467E-03,-862.970506E-03,-39.937240E-03
-2.775000E-03,+1.338912100E+00,-66.945605E-03,+77.580397E-03,-36.199443E-03
-2.772500E-03,+1.372384902E+00,-66.945605E-03,+377.440926E-03,-38.664576E-03
-2.770000E-03,+1.338912100E+00,+0.0E+00,+418.410242E-03,-37.489541E-03
-2.767500E-03,+1.338912100E+00,+0.0E+00,-251.045823E-03,-42.845190E-03
-2.765000E-03,+1.324354917E+00,+0.0E+00,-251.045823E-03,-37.111228E-03
-2.762500E-03,+1.305439297E+00,+30.857740E-03,-251.045823E-03,-38.467574E-03
-2.760000E-03,+1.399886645E+00,+0.0E+00,-801.080688E-03,-41.267435E-03
-2.757500E-03,+1.338912100E+00,+0.0E+00,-501.220159E-03,-40.167365E-03
-2.755000E-03,+1.343880719E+00,+0.0E+00,-251.045823E-03,-37.489541E-03
-2.752500E-03,+1.356389435E+00,-34.954671E-03,+418.410242E-03,-38.070085E-03
-2.750000E-03,+1.338912100E+00,-2.004881E-03,-251.045823E-03,-37.409346E-03
-2.747500E-03,+1.358394317E+00,+0.0E+00,+28.765892E-03,-35.591005E-03
-2.745000E-03,+1.347890481E+00,-57.967223E-03,-1.410390311E+00,-36.150629E-03
-2.742500E-03,+1.349415935E+00,-45.937935E-03,-710.425179E-03,-38.750001E-03
-2.740000E-03,+1.364408961E+00,-66.945605E-03,-251.045823E-03,-40.167365E-03
-2.737500E-03,+1.391823535E+00,+0.0E+00,+278.068540E-03,-38.828453E-03
-2.735000E-03,+1.394395013E+00,-22.925383E-03,-21.791989E-03,-37.948049E-03
-2.732500E-03,+1.368854567E+00,-66.945605E-03,-251.045823E-03,-33.755231E-03
-2.730000E-03,+1.353861541E+00,+0.0E+00,+119.421401E-03,-38.542540E-03
-2.727500E-03,+1.272053663E+00,+0.0E+00,-251.045823E-03,-40.169109E-03
-2.725000E-03,+1.338912100E+00,+30.073221E-03,+185.669655E-03,-41.642261E-03
-2.722500E-03,+1.342355265E+00,+0.0E+00,+418.410242E-03,-40.955371E-03
-2.720000E-03,+1.338912100E+00,+0.0E+00,-43.584179E-03,-41.506277E-03
-2.717500E-03,+1.372384902E+00,-13.859832E-03,-781.903562E-03,-37.719666E-03
-2.715000E-03,+1.288092715E+00,-50.819385E-03,-89.783619E-03,-37.812065E-03
-2.712500E-03,+1.326272630E+00,+46.112272E-03,-42.712491E-03,-38.917365E-03
-2.710000E-03,+1.367808542E+00,+0.0E+00,-828.974691E-03,-37.855650E-03
-2.707500E-03,+1.391954288E+00,+0.0E+00,-251.045823E-03,-41.630057E-03
-2.705000E-03,+1.338912100E+00,+2.179219E-03,+374.825861E-03,-45.392261E-03
-2.702500E-03,+1.305439297E+00,+0.0E+00,-572.698542E-03,-40.862972E-03
-2.700000E-03,+1.341309240E+00,+0.0E+00,+418.410242E-03,-41.218620E-03
-2.697500E-03,+1.313720329E+00,+0.0E+00,-251.045823E-03,-37.993376E-03
-2.695000E-03,+1.344795991E+00,-55.177823E-03,+418.410242E-03,-39.299164E-03
-2.692500E-03,+1.338912100E+00,-36.436540E-03,-738.319182E-03,-38.218272E-03
-2.690000E-03,+1.372384902E+00,-29.463040E-03,-251.045823E-03,-38.239192E-03
-2.687500E-03,+1.366762517E+00,-44.456066E-03,+193.514844E-03,-40.167365E-03
-2.685000E-03,+1.326054708E+00,-15.516039E-03,-251.045823E-03,-41.195957E-03
-2.682500E-03,+1.307574932E+00,+62.674336E-03,-877.789196E-03,-37.574966E-03
-2.680000E-03,+1.339696618E+00,-34.257321E-03,+418.410242E-03,-40.915273E-03
-2.677500E-03,+1.371033786E+00,+64.243374E-03,-251.045823E-03,-37.543586E-03
-2.675000E-03,+1.358742992E+00,+39.661784E-03,+418.410242E-03,-40.910043E-03
-2.672500E-03,+1.334074234E+00,-66.945605E-03,-251.045823E-03,-40.747909E-03
-2.670000E-03,+1.338912100E+00,-46.635285E-03,-920.501888E-03,-43.251396E-03
-2.667500E-03,+1.364060286E+00,+0.0E+00,+85.425586E-03,-36.816598E-03
-2.665000E-03,+1.338912100E+00,-13.336820E-03,+821.129904E-03,-42.578453E-03
-2.662500E-03,+1.348762169E+00,+23.622733E-03,-487.273158E-03,-38.355998E-03
-2.660000E-03,+1.342093759E+00,+6.363319E-03,-314.679017E-03,-38.701187E-03
-2.657500E-03,+1.323613983E+00,+36.349372E-03,-557.008165E-03,-36.647491E-03
-2.655000E-03,+1.339217190E+00,-610.181E-06,-244.944011E-03,-37.513948E-03
-2.652500E-03,+1.305439297E+00,-75.139468E-03,+42.712893E-03,-38.404813E-03
-2.650000E-03,+1.309231138E+00,-59.361923E-03,-251.045823E-03,-36.908997E-03
-2.647500E-03,+1.283167680E+00,+44.543235E-03,-27.022113E-03,-37.489541E-03
-2.645000E-03,+1.365106311E+00,+0.0E+00,+127.266590E-03,-39.759415E-03
-2.642500E-03,+1.356956032E+00,+0.0E+00,-251.045823E-03,-36.872386E-03
-2.640000E-03,+1.328146758E+00,-21.530683E-03,-489.888222E-03,-40.167365E-03
-2.637500E-03,+1.334684415E+00,-58.490236E-03,-335.599519E-03,-37.151326E-03
-2.635000E-03,+1.353164191E+00,+0.0E+00,-251.045823E-03,-39.796026E-03
-2.632500E-03,+1.338912100E+00,-1.481869E-03,-265.864513E-03,-36.091354E-03
-2.630000E-03,+1.338912100E+00,-31.467921E-03,+103.731023E-03,-38.828453E-03
-2.627500E-03,+1.308185113E+00,-66.945605E-03,-251.045823E-03,-35.251047E-03
-2.625000E-03,+1.305439297E+00,+24.494421E-03,+418.410242E-03,-37.979429E-03
-2.622500E-03,+1.345144666E+00,+0.0E+00,-251.045823E-03,-44.525803E-03
-2.620000E-03,+1.363624442E+00,+0.0E+00,+243.201037E-03,-37.201884E-03
-2.617500E-03,+1.305439297E+00,+0.0E+00,-56.659492E-03,-41.895050E-03
-2.615000E-03,+1.305439297E+00,+0.0E+00,+418.410242E-03,-39.323572E-03
-2.612500E-03,+1.331851430E+00,-26.412133E-03,+13.075514E-03,-42.034520E-03
-2.610000E-03,+1.307226257E+00,-63.371686E-03,-251.045823E-03,-39.042888E-03
-2.607500E-03,+1.322219283E+00,+0.0E+00,-586.645544E-03,-42.848676E-03
-2.605000E-03,+1.340611890E+00,+0.0E+00,-251.045823E-03,-38.760461E-03
-2.602500E-03,+1.325618864E+00,-40.359134E-03,+152.545528E-03,-37.489541E-03
-2.600000E-03,+1.300252756E+00,+0.0E+00,-251.045823E-03,-39.959904E-03
-2.597500E-03,+1.305439297E+00,+0.0E+00,-251.045823E-03,-39.220712E-03
-2.595000E-03,+1.314112588E+00,+0.0E+00,-424.511652E-03,-43.143307E-03
-2.592500E-03,+1.311759032E+00,+0.0E+00,-124.651123E-03,-40.925733E-03
-2.590000E-03,+1.360224861E+00,+24.320083E-03,-251.045823E-03,-42.358788E-03
-2.587500E-03,+1.366718933E+00,+61.279636E-03,-251.045823E-03,-36.377267E-03
-2.585000E-03,+1.321086089E+00,-35.652021E-03,+418.410242E-03,-38.202581E-03
-2.582500E-03,+1.338258334E+00,-65.638074E-03,-237.970510E-03,-37.541842E-03
-2.580000E-03,+1.319778558E+00,-38.267084E-03,-251.045823E-03,-44.184102E-03
-2.577500E-03,+1.338912100E+00,+0.0E+00,+418.410242E-03,-45.026152E-03
-2.575000E-03,+1.316291807E+00,-45.240585E-03,-251.045823E-03,-42.411089E-03
-2.572500E-03,+1.279593761E+00,-51.691073E-03,-251.045823E-03,-41.506277E-03
-2.570000E-03,+1.346277860E+00,+0.0E+00,-625.871483E-03,-38.373432E-03
-2.567500E-03,+1.350156869E+00,-44.717572E-03,-251.045823E-03,-42.845190E-03
-2.565000E-03,+1.305439297E+00,+0.0E+00,-251.045823E-03,-38.673293E-03
-2.562500E-03,+1.324311333E+00,-29.201533E-03,-251.045823E-03,-41.506277E-03
-2.560000E-03,+1.305439297E+00,+0.0E+00,-251.045823E-03,-41.459206E-03
-2.557500E-03,+1.320824583E+00,+0.0E+00,-251.045823E-03,-40.890866E-03
-2.555000E-03,+1.305439297E+00,+0.0E+00,-251.045823E-03,-39.076012E-03
-2.552500E-03,+1.305439297E+00,+0.0E+00,-489.016534E-03,-42.756277E-03
-2.550000E-03,+1.338912100E+00,+0.0E+00,+286.785417E-03,-38.301954E-03
-2.547500E-03,+1.313851082E+00,+0.0E+00,+418.410242E-03,-41.835775E-03
-2.545000E-03,+1.338912100E+00,+0.0E+00,-251.045823E-03,-38.697700E-03
-2.542500E-03,+1.338912100E+00,-9.850070E-03,+319.909544E-03,-40.364367E-03
-2.540000E-03,+1.305439297E+00,+0.0E+00,+147.315404E-03,-40.167365E-03
-2.537500E-03,+1.337473815E+00,+64.069036E-03,-862.970506E-03,-41.391215E-03
-2.535000E-03,+1.355953591E+00,+0.0E+00,+77.580397E-03,-36.832288E-03
-2.532500E-03,+1.399712307E+00,+0.0E+00,+336.471610E-03,-36.314506E-03
-2.530000E-03,+1.318383857E+00,-25.889121E-03,-509.937036E-03,-37.275106E-03
-2.527500E-03,+1.338912100E+00,+0.0E+00,-140.341501E-03,-44.184102E-03
-2.525000E-03,+1.305439297E+00,-18.915620E-03,-251.045823E-03,-38.246166E-03
-2.522500E-03,+1.296417331E+00,+0.0E+00,+237.970912E-03,-41.250001E-03
-2.520000E-03,+1.317381417E+00,-66.945605E-03,-131.624623E-03,-35.528244E-03
-2.517500E-03,+1.305439297E+00,+0.0E+00,-251.045823E-03,-41.344144E-03
-2.515000E-03,+1.336427790E+00,+0.0E+00,-821.129502E-03,-35.209206E-03
-2.512500E-03,+1.322916633E+00,+34.954671E-03,-251.045823E-03,-40.866459E-03
-2.510000E-03,+1.306441738E+00,+2.004881E-03,+398.361428E-03,-38.828453E-03
-2.507500E-03,+1.305439297E+00,+10.983263E-03,-251.045823E-03,-39.947700E-03
-2.505000E-03,+1.329933718E+00,-57.967223E-03,-251.045823E-03,-34.191075E-03
-2.502500E-03,+1.305439297E+00,+0.0E+00,-461.122532E-03,-41.506277E-03
-2.500000E-03,+1.330936158E+00,-66.945605E-03,-251.045823E-03,-38.509415E-03
-2.497500E-03,+1.305439297E+00,+0.0E+00,-251.045823E-03,-43.967923E-03
-2.495000E-03,+1.338912100E+00,+0.0E+00,-251.045823E-03,-41.047770E-03
-2.492500E-03,+1.312499966E+00,+0.0E+00,-251.045823E-03,-37.771968E-03
-2.490000E-03,+1.342486019E+00,+0.0E+00,+47.943018E-03,-39.426431E-03
-2.487500E-03,+1.338868515E+00,+87.169E-06,+417.538553E-03,-44.180615E-03
-2.485000E-03,+1.305439297E+00,-36.872384E-03,+49.686394E-03,-39.701884E-03
-2.482500E-03,+1.305439297E+00,+0.0E+00,-182.182505E-03,-42.569736E-03
-2.480000E-03,+1.338912100E+00,-23.099721E-03,-920.501888E-03,-38.875524E-03
-2.477500E-03,+1.331982183E+00,+0.0E+00,-781.903563E-03,-38.828453E-03
-2.475000E-03,+1.297376187E+00,-16.126220E-03,-89.783619E-03,-36.521968E-03
-2.472500E-03,+1.328495433E+00,+0.0E+00,-920.501888E-03,-39.661786E-03
-2.470000E-03,+1.334335740E+00,-57.792885E-03,-251.045823E-03,-40.350420E-03
-2.467500E-03,+1.319342714E+00,-39.138772E-03,-642.433549E-03,-44.637379E-03
-2.465000E-03,+1.337822490E+00,-64.766386E-03,-251.045823E-03,-45.392261E-03
-2.462500E-03,+1.304131766E+00,+0.0E+00,+96.757522E-03,-41.453976E-03
-2.460000E-03,+1.336514959E+00,+0.0E+00,-251.045823E-03,-42.653418E-03
-2.457500E-03,+1.326316214E+00,-25.191771E-03,-251.045823E-03,-42.010113E-03
-2.455000E-03,+1.311323188E+00,+0.0E+00,+300.732418E-03,-41.741633E-03
-2.452500E-03,+1.305439297E+00,+0.0E+00,+236.227536E-03,-41.387728E-03
-2.450000E-03,+1.300078418E+00,+0.0E+00,-251.045823E-03,-44.398537E-03
-2.447500E-03,+1.327667330E+00,-11.244770E-03,-251.045823E-03,-45.523014E-03
-2.445000E-03,+1.305439297E+00,-25.714783E-03,+6.102014E-03,-41.195957E-03
-2.442500E-03,+1.368113633E+00,-62.674336E-03,+418.410242E-03,-43.671549E-03
-2.440000E-03,+1.339696618E+00,-66.945605E-03,+75.837020E-03,-40.852512E-03
-2.437500E-03,+1.305439297E+00,+0.0E+00,-224.023509E-03,-37.543586E-03
-2.435000E-03,+1.311628279E+00,-12.377963E-03,-523.884038E-03,-41.506277E-03
-2.432500E-03,+1.338912100E+00,+47.594141E-03,-726.987245E-03,-46.281382E-03
-2.430000E-03,+1.338912100E+00,-20.310320E-03,+418.410242E-03,-45.643307E-03
-2.427500E-03,+1.330587483E+00,+0.0E+00,-251.045823E-03,-39.827407E-03
-2.425000E-03,+1.332243690E+00,+0.0E+00,-251.045823E-03,-39.361926E-03
-2.422500E-03,+1.327100733E+00,-23.622733E-03,-684.274553E-03,-37.489541E-03
-2.420000E-03,+1.308620957E+00,+0.0E+00,-187.412629E-03,-41.506277E-03
-2.417500E-03,+1.305439297E+00,+0.0E+00,+112.447900E-03,-38.943516E-03
-2.415000E-03,+1.305744388E+00,+0.0E+00,-251.045823E-03,-42.845190E-03
-2.412500E-03,+1.324224164E+00,+0.0E+00,-251.045823E-03,-36.738146E-03
-2.410000E-03,+1.338912100E+00,-51.778241E-03,-326.882642E-03,-41.051256E-03
-2.407500E-03,+1.294368865E+00,+0.0E+00,-251.045823E-03,-35.707811E-03
-2.405000E-03,+1.312717888E+00,+0.0E+00,-105.473997E-03,-39.119597E-03
-2.402500E-03,+1.279680930E+00,+0.0E+00,-766.213185E-03,-39.032428E-03
-2.400000E-03,+1.305439297E+00,+0.0E+00,-251.045823E-03,-42.367505E-03
-2.397500E-03,+1.305439297E+00,+0.0E+00,+333.856545E-03,-38.490238E-03
-2.395000E-03,+1.333943480E+00,+0.0E+00,+133.368402E-03,-40.737449E-03
-2.392500E-03,+1.272707429E+00,+65.463736E-03,-251.045823E-03,-38.798816E-03
-2.390000E-03,+1.289705337E+00,-35.477684E-03,+418.410242E-03,-39.297421E-03
-2.387500E-03,+1.274712310E+00,-61.453973E-03,-251.045823E-03,-38.389122E-03
-2.385000E-03,+1.338912100E+00,+0.0E+00,-71.478182E-03,-40.167365E-03
-2.382500E-03,+1.317904429E+00,+0.0E+00,-375.697147E-03,-40.758369E-03
-2.380000E-03,+1.338912100E+00,-66.945605E-03,-75.836618E-03,-42.144353E-03
-2.377500E-03,+1.305439297E+00,+47.506972E-03,-56.659493E-03,-36.711996E-03
-2.375000E-03,+1.305439297E+00,+0.0E+00,-40.097426E-03,-41.011159E-03
-2.372500E-03,+1.338912100E+00,-40.533472E-03,+418.410242E-03,-39.921549E-03
-2.370000E-03,+1.275540414E+00,+0.0E+00,-251.045823E-03,-40.453279E-03
-2.367500E-03,+1.338912100E+00,-174.338E-06,+418.410242E-03,-41.506277E-03
-2.365000E-03,+1.305439297E+00,+63.546024E-03,+384.414427E-03,-40.235357E-03
-2.362500E-03,+1.285259730E+00,+0.0E+00,-251.045823E-03,-38.296724E-03
-2.360000E-03,+1.362011820E+00,+10.373082E-03,-251.045823E-03,-38.828453E-03
-2.357500E-03,+1.305439297E+00,+0.0E+00,-251.045823E-03,-43.237449E-03
-2.355000E-03,+1.322785880E+00,-17.346582E-03,-251.045823E-03,-40.118551E-03
-2.352500E-03,+1.305439297E+00,-12.639470E-03,-251.045823E-03,-46.103558E-03
-2.350000E-03,+1.360224861E+00,+24.320083E-03,-251.045823E-03,-42.358788E-03
-2.347500E-03,+1.305439297E+00,-5.665969E-03,+361.750548E-03,-39.714088E-03
-2.345000E-03,+1.305439297E+00,+31.293584E-03,-607.566046E-03,-38.915622E-03
-2.342500E-03,+1.338912100E+00,+0.0E+00,-251.045823E-03,-42.792888E-03
-2.340000E-03,+1.338912100E+00,-28.678521E-03,+35.739393E-03,-43.226989E-03
-2.337500E-03,+1.334771584E+00,-58.664573E-03,-251.045823E-03,-43.010810E-03
-2.335000E-03,+1.317207079E+00,+0.0E+00,-251.045823E-03,-47.766738E-03
-2.332500E-03,+1.271966495E+00,+0.0E+00,-251.045823E-03,-42.540099E-03
-2.330000E-03,+1.312805057E+00,+52.214085E-03,-103.730621E-03,-43.594841E-03
-2.327500E-03,+1.327798083E+00,+0.0E+00,-251.045823E-03,-37.039750E-03
-2.325000E-03,+1.279724514E+00,+0.0E+00,-173.465627E-03,-40.477686E-03
-2.322500E-03,+1.324311333E+00,-29.201533E-03,-251.045823E-03,-42.674339E-03
-2.320000E-03,+1.371992643E+00,+66.161086E-03,-251.045823E-03,-38.875524E-03
-2.317500E-03,+1.320824583E+00,+0.0E+00,-251.045823E-03,-42.445957E-03
-2.315000E-03,+1.308533788E+00,+0.0E+00,-251.045823E-03,-40.414925E-03
-2.312500E-03,+1.327013564E+00,+0.0E+00,+180.439530E-03,-41.328453E-03
-2.310000E-03,+1.298858056E+00,-13.162482E-03,+286.785417E-03,-37.203627E-03
-2.307500E-03,+1.288790065E+00,+16.823570E-03,-251.045823E-03,-38.828453E-03
-2.305000E-03,+1.282034486E+00,-66.945605E-03,+418.410242E-03,-39.361926E-03
-2.302500E-03,+1.305439297E+00,+0.0E+00,-251.045823E-03,-42.451187E-03
-2.300000E-03,+1.338912100E+00,-27.109483E-03,-776.673439E-03,-40.676431E-03
-2.297500E-03,+1.308315866E+00,-2.876569E-03,+389.644551E-03,-40.109834E-03
-2.295000E-03,+1.305439297E+00,+0.0E+00,-251.045823E-03,-41.506277E-03
-2.292500E-03,+1.309536229E+00,+0.0E+00,-251.045823E-03,-41.506277E-03
-2.290000E-03,+1.325967539E+00,+0.0E+00,+7.845390E-03,-35.632846E-03
-2.287500E-03,+1.338912100E+00,+0.0E+00,-809.797565E-03,-41.506277E-03
-2.285000E-03,+1.295981487E+00,-66.945605E-03,+229.254035E-03,-40.749653E-03
-2.282500E-03,+1.271966495E+00,-48.901672E-03,-70.606494E-03,-40.528244E-03
-2.280000E-03,+1.338912100E+00,-11.942120E-03,-12.203424E-03,-40.406208E-03
-2.277500E-03,+1.305439297E+00,+0.0E+00,-871.487E-06,-42.344841E-03
-2.275000E-03,+1.333943480E+00,-61.976986E-03,+368.724049E-03,-39.126570E-03
-2.272500E-03,+1.321434764E+00,+2.963738E-03,-600.592545E-03,-42.845190E-03
-2.270000E-03,+1.306441738E+00,+0.0E+00,-251.045823E-03,-38.868551E-03
-2.267500E-03,+1.299947666E+00,+27.981171E-03,-530.857538E-03,-40.726989E-03
-2.265000E-03,+1.363406520E+00,+57.967223E-03,+328.626421E-03,-39.808230E-03
-2.262500E-03,+1.338912100E+00,-66.945605E-03,-40.969115E-03,-45.024409E-03
-2.260000E-03,+1.287918377E+00,+50.993723E-03,-251.045823E-03,-37.489541E-03
-2.257500E-03,+1.312456382E+00,+0.0E+00,-110.704121E-03,-36.776500E-03
-2.255000E-03,+1.283429186E+00,+0.0E+00,-40.097426E-03,-43.303697E-03
-2.252500E-03,+1.331851430E+00,+0.0E+00,-849.895193E-03,-41.788704E-03
-2.250000E-03,+1.305439297E+00,+0.0E+00,-251.045823E-03,-38.087519E-03
-2.247500E-03,+1.338912100E+00,+0.0E+00,-250.174135E-03,-40.172595E-03
-2.245000E-03,+1.320475908E+00,+0.0E+00,-251.045823E-03,-38.885984E-03
-2.242500E-03,+1.335468934E+00,+0.0E+00,-182.182505E-03,-47.374478E-03
-2.240000E-03,+1.316989157E+00,-20.746164E-03,+187.413031E-03,-43.307184E-03
-2.237500E-03,+1.331982183E+00,+53.085773E-03,-781.903563E-03,-49.769876E-03
-2.235000E-03,+1.364321792E+00,+0.0E+00,-251.045823E-03,-42.522665E-03
-2.232500E-03,+1.305439297E+00,+0.0E+00,+210.076910E-03,-44.273014E-03
-2.230000E-03,+1.310015657E+00,+0.0E+00,-251.045823E-03,-39.377616E-03
-2.227500E-03,+1.338912100E+00,+0.0E+00,-251.045823E-03,-39.837867E-03
-2.225000E-03,+1.337822490E+00,-64.766386E-03,+396.618051E-03,-45.392261E-03
-2.222500E-03,+1.271966495E+00,-34.780334E-03,-251.045823E-03,-42.149583E-03
-2.220000E-03,+1.276760776E+00,+0.0E+00,-203.103007E-03,-40.455022E-03
-2.217500E-03,+1.305439297E+00,+0.0E+00,-668.584175E-03,-42.672595E-03
-2.215000E-03,+1.305439297E+00,+0.0E+00,-802.824065E-03,-42.609834E-03
-2.212500E-03,+1.305439297E+00,-18.218270E-03,-251.045823E-03,-37.608090E-03
-2.210000E-03,+1.296068656E+00,+0.0E+00,-63.632993E-03,-45.523014E-03
-2.207500E-03,+1.361140132E+00,+11.244770E-03,-138.598124E-03,-42.620294E-03
-2.205000E-03,+1.318296689E+00,+0.0E+00,-251.045823E-03,-40.167365E-03
-2.202500E-03,+1.334640830E+00,+62.674336E-03,-251.045823E-03,-44.013251E-03
-2.200000E-03,+1.304654778E+00,-32.688284E-03,-266.736201E-03,-41.412135E-03
-2.197500E-03,+1.306790413E+00,+0.0E+00,-224.023509E-03,-38.882498E-03
-2.195000E-03,+1.285608405E+00,-27.283821E-03,-523.884038E-03,-42.051954E-03
-2.192500E-03,+1.305439297E+00,-57.269873E-03,+418.410242E-03,-40.360880E-03
-2.190000E-03,+1.282121655E+00,-66.945605E-03,-251.045823E-03,-43.898188E-03
-2.187500E-03,+1.330587483E+00,-50.296373E-03,-84.553495E-03,-41.499304E-03
-2.185000E-03,+1.305439297E+00,+0.0E+00,-787.133687E-03,-38.828453E-03
-2.182500E-03,+1.295589228E+00,-43.322872E-03,-251.045823E-03,-37.017086E-03
-2.180000E-03,+1.305439297E+00,+6.363319E-03,-251.045823E-03,-40.294632E-03
-2.177500E-03,+1.287264611E+00,+30.596233E-03,+112.447900E-03,-39.555441E-03
-2.175000E-03,+1.305439297E+00,+0.0E+00,+1.081764494E+00,-44.147491E-03
-2.172500E-03,+1.305439297E+00,+0.0E+00,-251.045823E-03,-37.325664E-03
-2.170000E-03,+1.335120259E+00,-66.945605E-03,-175.209004E-03,-41.506277E-03
-2.167500E-03,+1.305439297E+00,-22.402370E-03,-696.478178E-03,-42.845190E-03
-2.165000E-03,+1.305439297E+00,-14.557182E-03,-774.930062E-03,-40.923990E-03
-2.162500E-03,+1.305439297E+00,+0.0E+00,-251.045823E-03,-43.462344E-03
-2.160000E-03,+1.305439297E+00,+0.0E+00,-251.045823E-03,-42.414576E-03
-2.157500E-03,+1.276194179E+00,-50.034866E-03,+333.856545E-03,-43.014297E-03
-2.155000E-03,+1.319691389E+00,-28.504183E-03,+418.410242E-03,-41.506277E-03
-2.152500E-03,+1.306180232E+00,+0.0E+00,-251.045823E-03,-36.239541E-03
-2.150000E-03,+1.303434416E+00,-31.467921E-03,+103.731023E-03,-41.506277E-03
-2.147500E-03,+1.336166284E+00,-61.453973E-03,+363.493925E-03,-41.176779E-03
-2.145000E-03,+1.317686507E+00,-24.494421E-03,+418.410242E-03,-47.482568E-03
-2.142500E-03,+1.311671863E+00,-66.945605E-03,-375.697147E-03,-43.685496E-03
-2.140000E-03,+1.280726955E+00,-49.424685E-03,-251.045823E-03,-42.494771E-03
-2.137500E-03,+1.315158613E+00,+38.877265E-03,-251.045823E-03,-40.167365E-03
-2.135000E-03,+1.367111192E+00,+10.547420E-03,+312.936043E-03,-40.094143E-03
-2.132500E-03,+1.264905825E+00,-26.412133E-03,+154.288904E-03,-43.091005E-03
-2.130000E-03,+1.365237064E+00,-3.573919E-03,-251.045823E-03,-44.184102E-03
-2.127500E-03,+1.322219283E+00,+0.0E+00,+84.553898E-03,-43.519876E-03
-2.125000E-03,+1.305439297E+00,-66.945605E-03,+418.410242E-03,-44.252093E-03
-2.122500E-03,+1.318732533E+00,+0.0E+00,+152.545528E-03,-40.955371E-03
-2.120000E-03,+1.310625838E+00,-56.572523E-03,-251.045823E-03,-42.128662E-03
-2.117500E-03,+1.319299129E+00,+27.719664E-03,-724.372181E-03,-39.220712E-03
-2.115000E-03,+1.330238808E+00,+0.0E+00,-251.045823E-03,-44.482219E-03
-2.112500E-03,+1.338912100E+00,-54.306135E-03,+418.410242E-03,-39.334032E-03
-2.110000E-03,+1.305439297E+00,-66.945605E-03,-7.844988E-03,-46.495817E-03
-2.107500E-03,+1.369551917E+00,-5.665969E-03,+361.750548E-03,-46.521968E-03
-2.105000E-03,+1.305439297E+00,-31.293583E-03,-563.981665E-03,-41.244771E-03
-2.102500E-03,+1.338912100E+00,+64.330542E-03,-251.045823E-03,-38.828453E-03
-2.100000E-03,+1.305439297E+00,-28.678521E-03,-346.931456E-03,-43.036961E-03
-2.097500E-03,+1.330631068E+00,-8.281032E-03,+335.599922E-03,-42.845190E-03
-2.095000E-03,+1.305439297E+00,+21.705020E-03,-468.096032E-03,-42.808579E-03
-2.092500E-03,+1.313066563E+00,-51.691073E-03,+418.410242E-03,-42.540099E-03
-2.090000E-03,+1.331546340E+00,-52.214085E-03,-251.045823E-03,-44.184102E-03
-2.087500E-03,+1.294325281E+00,+66.945605E-03,-698.221555E-03,-41.506277E-03
-2.085000E-03,+1.309318307E+00,-59.187586E-03,-173.465627E-03,-42.379708E-03
-2.082500E-03,+1.305439297E+00,+0.0E+00,+40.969517E-03,-39.412484E-03
-2.080000E-03,+1.305439297E+00,-66.161086E-03,-251.045823E-03,-38.859834E-03
-2.077500E-03,+1.287351780E+00,+0.0E+00,-251.045823E-03,-42.229778E-03
-2.075000E-03,+1.305439297E+00,-54.567642E-03,-312.935641E-03,-44.184102E-03
-2.072500E-03,+1.293540762E+00,+0.0E+00,-251.045823E-03,-40.078453E-03
-2.070000E-03,+1.338912100E+00,-13.162482E-03,+418.410242E-03,-40.190029E-03
-2.067500E-03,+1.313851082E+00,+0.0E+00,-752.266183E-03,-39.164924E-03
-2.065000E-03,+1.315507288E+00,-87.081588E-03,-49.685992E-03,-40.167365E-03
-2.062500E-03,+1.333987065E+00,+0.0E+00,-251.045823E-03,-41.506277E-03
-2.060000E-03,+1.305439297E+00,-27.109483E-03,-251.045823E-03,-42.590657E-03
-2.057500E-03,+1.271966495E+00,-2.876569E-03,-279.811514E-03,-40.167365E-03
-2.055000E-03,+1.321870608E+00,+32.862621E-03,-238.842199E-03,-40.824618E-03
-2.052500E-03,+1.307487763E+00,-58.751742E-03,-251.045823E-03,-40.167365E-03
-2.050000E-03,+1.325967539E+00,-25.889121E-03,+7.845390E-03,-41.506277E-03
-2.047500E-03,+1.305439297E+00,+0.0E+00,-140.341501E-03,-43.741284E-03
-2.045000E-03,+1.314897107E+00,+18.915620E-03,-440.202030E-03,-37.459904E-03
-2.042500E-03,+1.305439297E+00,+0.0E+00,-70.606494E-03,-39.550210E-03
-2.040000E-03,+1.277937554E+00,-11.942120E-03,-131.624623E-03,-40.550908E-03
-2.037500E-03,+1.351420816E+00,+0.0E+00,+418.410242E-03,-44.522317E-03
-2.035000E-03,+1.302954988E+00,-66.945605E-03,-201.359630E-03,-38.927825E-03
-2.032500E-03,+1.306921166E+00,+0.0E+00,+68.863519E-03,-42.845190E-03
-2.030000E-03,+1.305439297E+00,+0.0E+00,-271.094637E-03,-44.103906E-03
-2.027500E-03,+1.285957080E+00,+0.0E+00,+418.410242E-03,-48.200838E-03
-2.025000E-03,+1.305439297E+00,-57.967223E-03,-340.829643E-03,-42.306487E-03
-2.022500E-03,+1.303478000E+00,+0.0E+00,-40.969114E-03,-41.926431E-03
-2.020000E-03,+1.305439297E+00,+0.0E+00,-251.045823E-03,-45.523014E-03
-2.017500E-03,+1.305439297E+00,+0.0E+00,-251.045823E-03,-43.125873E-03
-2.015000E-03,+1.294891877E+00,-66.945605E-03,-21.791989E-03,-41.891563E-03
-2.012500E-03,+1.298378628E+00,-52.824266E-03,-251.045823E-03,-44.816947E-03
-2.010000E-03,+1.286915936E+00,-66.945605E-03,-251.045823E-03,-44.925036E-03
-2.007500E-03,+1.271966495E+00,-87.169E-06,-251.045823E-03,-41.513251E-03
-2.005000E-03,+1.290402687E+00,+0.0E+00,+49.686394E-03,-43.582637E-03
-2.002500E-03,+1.338912100E+00,-60.059273E-03,-782.775251E-03,-39.517086E-03
-2.000000E-03,+1.283516355E+00,+23.099721E-03,-251.045823E-03,-45.570085E-03
-1.997500E-03,+1.305439297E+00,-39.225941E-03,+279.811917E-03,-43.122386E-03
-1.995000E-03,+1.322785880E+00,-50.819385E-03,-251.045823E-03,-42.473851E-03
-1.992500E-03,+1.305439297E+00,-46.112272E-03,+210.076910E-03,-42.756277E-03
-1.990000E-03,+1.334335740E+00,+9.152720E-03,+509.937439E-03,-40.350420E-03
-1.987500E-03,+1.285869911E+00,+27.806833E-03,+140.341903E-03,-46.305789E-03
-1.985000E-03,+1.305439297E+00,+0.0E+00,-272.838014E-03,-41.593446E-03
-1.982500E-03,+1.305439297E+00,-2.615063E-03,-251.045823E-03,-44.131800E-03
-1.980000E-03,+1.303042156E+00,+0.0E+00,-251.045823E-03,-45.618900E-03
-1.977500E-03,+1.292843412E+00,+0.0E+00,+166.492529E-03,-41.506277E-03
-1.975000E-03,+1.277850386E+00,-55.177823E-03,-133.368000E-03,-38.430963E-03
-1.972500E-03,+1.305439297E+00,+0.0E+00,+236.227536E-03,-42.116459E-03
-1.970000E-03,+1.305439297E+00,+48.204322E-03,-63.632993E-03,-38.828453E-03
-1.967500E-03,+1.333289715E+00,+55.700835E-03,-695.606489E-03,-39.053348E-03
-1.965000E-03,+1.292581906E+00,+0.0E+00,-251.045823E-03,-43.049164E-03
-1.962500E-03,+1.305439297E+00,-4.271269E-03,-251.045823E-03,-45.608439E-03
-1.960000E-03,+1.321783439E+00,-32.688284E-03,-251.045823E-03,-39.482219E-03
-1.957500E-03,+1.274668726E+00,+0.0E+00,+391.387927E-03,-42.683056E-03
-1.955000E-03,+1.291797387E+00,-27.283821E-03,-251.045823E-03,-41.506277E-03
-1.952500E-03,+1.305439297E+00,-9.675732E-03,-444.560465E-03,-42.651675E-03
-1.950000E-03,+1.282121655E+00,+0.0E+00,-47.942615E-03,-41.385985E-03
-1.947500E-03,+1.338912100E+00,-50.296373E-03,+418.410242E-03,-41.846236E-03
-1.945000E-03,+1.332243690E+00,-66.945605E-03,-251.045823E-03,-40.972805E-03
-1.942500E-03,+1.262116425E+00,+0.0E+00,-448.047219E-03,-41.584729E-03
-1.940000E-03,+1.308620957E+00,-60.582286E-03,-314.679018E-03,-39.210252E-03
-1.937500E-03,+1.290141180E+00,+0.0E+00,+54.916518E-03,-43.572177E-03
-1.935000E-03,+1.305744388E+00,+0.0E+00,+412.308429E-03,-42.820782E-03
-1.932500E-03,+1.309536229E+00,+0.0E+00,+418.410242E-03,-44.020224E-03
-1.930000E-03,+1.309231138E+00,+0.0E+00,-251.045823E-03,-43.577407E-03
-1.927500E-03,+1.271966495E+00,-22.140864E-03,-251.045823E-03,-37.046724E-03
-1.925000E-03,+1.305439297E+00,+52.388423E-03,+418.410242E-03,-38.828453E-03
-1.922500E-03,+1.313153732E+00,+15.428870E-03,-251.045823E-03,-40.371340E-03
-1.920000E-03,+1.261201153E+00,+0.0E+00,-251.045823E-03,-44.278244E-03
-1.917500E-03,+1.305439297E+00,-58.490236E-03,+333.856545E-03,-41.675385E-03
-1.915000E-03,+1.310407916E+00,+38.441422E-03,-635.460049E-03,-42.845190E-03
-1.912500E-03,+1.305439297E+00,-65.463736E-03,+403.591552E-03,-38.947003E-03
-1.910000E-03,+1.271966495E+00,-31.467921E-03,-251.045823E-03,-42.055441E-03
-1.907500E-03,+1.336166284E+00,-5.491632E-03,-755.752937E-03,-44.973851E-03
-1.905000E-03,+1.305439297E+00,-24.494421E-03,+238.842601E-03,-42.845190E-03
-1.902500E-03,+1.292974165E+00,-54.480473E-03,-375.697147E-03,-41.007672E-03
-1.900000E-03,+1.354863982E+00,-17.520920E-03,+418.410242E-03,-44.534520E-03
-1.897500E-03,+1.305439297E+00,-19.438633E-03,-251.045823E-03,-43.017784E-03
-1.895000E-03,+1.338912100E+00,+10.547420E-03,-251.045823E-03,-41.506277E-03
-1.892500E-03,+1.305439297E+00,+0.0E+00,-251.045823E-03,-40.695608E-03
-1.890000E-03,+1.305439297E+00,+63.371686E-03,-251.045823E-03,-40.310322E-03
-1.887500E-03,+1.305439297E+00,+0.0E+00,-251.045823E-03,-40.845538E-03
-1.885000E-03,+1.337212309E+00,-3.399581E-03,+384.414427E-03,-48.064855E-03
-1.882500E-03,+1.251786928E+00,-40.359134E-03,-251.045823E-03,-41.250001E-03
-1.880000E-03,+1.300252756E+00,+0.0E+00,+314.679420E-03,-42.637728E-03
-1.877500E-03,+1.271966495E+00,-94.665269E-03,-251.045823E-03,-43.237449E-03
-1.875000E-03,+1.330238808E+00,+0.0E+00,-251.045823E-03,-44.184102E-03
-1.872500E-03,+1.311759032E+00,+0.0E+00,-124.651122E-03,-40.672944E-03
-1.870000E-03,+1.305439297E+00,-42.625522E-03,-677.301053E-03,-44.184102E-03
-1.867500E-03,+1.274799479E+00,+61.279636E-03,-807.182500E-03,-45.069736E-03
-1.865000E-03,+1.289792505E+00,-35.652021E-03,-251.045823E-03,-40.706068E-03
-1.862500E-03,+1.337604568E+00,+0.0E+00,-907.426575E-03,-40.245817E-03
-1.860000E-03,+1.319778558E+00,+0.0E+00,+35.739393E-03,-41.506277E-03
-1.857500E-03,+1.271966495E+00,-8.281032E-03,-837.691568E-03,-39.325315E-03
-1.855000E-03,+1.293671515E+00,+0.0E+00,-33.995614E-03,-41.940378E-03
-1.852500E-03,+1.271966495E+00,+0.0E+00,-251.045823E-03,-40.472456E-03
-1.850000E-03,+1.305439297E+00,-66.945605E-03,-103.730620E-03,-43.005580E-03
-1.847500E-03,+1.305439297E+00,-22.228033E-03,+418.410242E-03,-38.823223E-03
-1.845000E-03,+1.335033090E+00,+0.0E+00,-765.341496E-03,-41.195957E-03
-1.842500E-03,+1.305439297E+00,-37.744072E-03,+418.410242E-03,-43.087519E-03
-1.840000E-03,+1.305439297E+00,+0.0E+00,-251.045823E-03,-41.553349E-03
-1.837500E-03,+1.287351780E+00,-36.175034E-03,-251.045823E-03,-40.566598E-03
-1.835000E-03,+1.275060985E+00,-60.756623E-03,+418.410242E-03,-47.581940E-03
-1.832500E-03,+1.271966495E+00,+0.0E+00,-251.045823E-03,-37.489541E-03
-1.830000E-03,+1.305439297E+00,+0.0E+00,+286.785417E-03,-40.430615E-03
-1.827500E-03,+1.338912100E+00,+0.0E+00,-82.810118E-03,-38.491982E-03
-1.825000E-03,+1.292102477E+00,+20.135983E-03,-251.045823E-03,-40.700838E-03
-1.822500E-03,+1.305439297E+00,-57.095535E-03,-251.045823E-03,-42.451187E-03
-1.820000E-03,+1.285521236E+00,+39.836122E-03,-522.140661E-03,-44.980824E-03
-1.817500E-03,+1.273404779E+00,+0.0E+00,-251.045823E-03,-37.662135E-03
-1.815000E-03,+1.306049478E+00,-34.082984E-03,+77.580397E-03,-42.845190E-03
-1.812500E-03,+1.305439297E+00,+62.848674E-03,+377.440926E-03,-38.910392E-03
-1.810000E-03,+1.305439297E+00,+0.0E+00,+159.519028E-03,-40.470713E-03
-1.807500E-03,+1.338912100E+00,+0.0E+00,-251.045823E-03,-42.623781E-03
-1.805000E-03,+1.329454289E+00,-18.915620E-03,-251.045823E-03,-42.058927E-03
-1.802500E-03,+1.296417331E+00,+18.043933E-03,-251.045823E-03,-43.462344E-03
-1.800000E-03,+1.305439297E+00,+66.945605E-03,-131.624623E-03,-39.544980E-03
-1.797500E-03,+1.305439297E+00,+0.0E+00,+168.235906E-03,-41.005929E-03
-1.795000E-03,+1.305439297E+00,-4.968619E-03,+418.410242E-03,-43.985357E-03
-1.792500E-03,+1.271966495E+00,+0.0E+00,-251.045823E-03,-42.205371E-03
-1.790000E-03,+1.306441738E+00,-2.004881E-03,-271.094637E-03,-48.120643E-03
-1.787500E-03,+1.305439297E+00,-27.981171E-03,-251.045823E-03,-41.286612E-03
-1.785000E-03,+1.309928488E+00,+0.0E+00,-161.262003E-03,-45.343446E-03
-1.782500E-03,+1.315943132E+00,+0.0E+00,+208.333533E-03,-41.506277E-03
-1.780000E-03,+1.305439297E+00,-15.951882E-03,-251.045823E-03,-41.187240E-03
-1.777500E-03,+1.312456382E+00,+14.034170E-03,-251.045823E-03,-41.009415E-03
-1.775000E-03,+1.271966495E+00,+0.0E+00,+189.156408E-03,-43.267086E-03
-1.772500E-03,+1.305439297E+00,+0.0E+00,-849.895193E-03,-46.579499E-03
-1.770000E-03,+1.290489855E+00,-29.898883E-03,-251.045823E-03,-44.782079E-03
-1.767500E-03,+1.305482882E+00,+0.0E+00,-250.174135E-03,-48.192121E-03
-1.765000E-03,+1.305439297E+00,-30.073221E-03,-251.045823E-03,-40.439332E-03
-1.762500E-03,+1.332025768E+00,-53.172942E-03,-182.182505E-03,-38.178174E-03
-1.760000E-03,+1.250043552E+00,+0.0E+00,-251.045823E-03,-38.875524E-03
-1.757500E-03,+1.278896411E+00,-13.859832E-03,-251.045823E-03,-45.523014E-03
-1.755000E-03,+1.313502407E+00,-16.126220E-03,-89.783619E-03,-47.233265E-03
-1.752500E-03,+1.328495433E+00,+0.0E+00,-42.712491E-03,-39.572874E-03
-1.750000E-03,+1.271966495E+00,-57.792885E-03,-251.045823E-03,-37.489541E-03
-1.747500E-03,+1.319342714E+00,-27.806833E-03,-251.045823E-03,-42.062414E-03
-1.745000E-03,+1.337822490E+00,-2.179219E-03,-876.917507E-03,-40.385287E-03
-1.742500E-03,+1.289356661E+00,+0.0E+00,-251.045823E-03,-42.845190E-03
-1.740000E-03,+1.336514959E+00,+62.151323E-03,-251.045823E-03,-40.455022E-03
-1.737500E-03,+1.284562380E+00,-25.191771E-03,+871.890E-06,-42.845190E-03
-1.735000E-03,+1.293671515E+00,+0.0E+00,+852.510660E-03,-40.638077E-03
-1.732500E-03,+1.281075630E+00,-48.727335E-03,-433.228529E-03,-39.192818E-03
-1.730000E-03,+1.296068656E+00,+0.0E+00,+230.997412E-03,-39.203279E-03
-1.727500E-03,+1.271966495E+00,+0.0E+00,+305.962542E-03,-46.637031E-03
-1.725000E-03,+1.284823886E+00,-25.714783E-03,-508.193660E-03,-42.330894E-03
-1.722500E-03,+1.334640830E+00,-62.674336E-03,-251.045823E-03,-44.013251E-03
-1.720000E-03,+1.305439297E+00,-66.945605E-03,-577.928666E-03,-39.450838E-03
-1.717500E-03,+1.304088181E+00,-2.702231E-03,+418.410242E-03,-42.791145E-03
-1.715000E-03,+1.305439297E+00,+0.0E+00,+21.792392E-03,-41.753837E-03
-1.712500E-03,+1.338912100E+00,-47.594141E-03,-251.045823E-03,-45.135985E-03
-1.710000E-03,+1.305439297E+00,+0.0E+00,+418.410242E-03,-39.520573E-03
-1.707500E-03,+1.313763913E+00,+16.649232E-03,-251.045823E-03,-45.197003E-03
-1.705000E-03,+1.312107707E+00,+0.0E+00,-787.133686E-03,-42.578453E-03
-1.702500E-03,+1.317250664E+00,+0.0E+00,-251.045823E-03,-42.057184E-03
-1.700000E-03,+1.275148154E+00,+60.582286E-03,-856.868693E-03,-40.421898E-03
-1.697500E-03,+1.338912100E+00,-36.349372E-03,-251.045823E-03,-40.397491E-03
-1.695000E-03,+1.305134207E+00,-610.181E-06,+412.308429E-03,-41.494074E-03
-1.692500E-03,+1.267869563E+00,+8.193863E-03,-544.804540E-03,-43.104952E-03
-1.690000E-03,+1.305439297E+00,-126.307528E-03,-251.045823E-03,-43.729081E-03
-1.687500E-03,+1.316640482E+00,-22.402371E-03,-696.478178E-03,-44.178872E-03
-1.685000E-03,+1.290882115E+00,+0.0E+00,+272.838416E-03,-37.489541E-03
-1.682500E-03,+1.331197665E+00,+0.0E+00,-96.757120E-03,-42.536612E-03
-1.680000E-03,+1.316204638E+00,-45.414922E-03,-251.045823E-03,-43.322874E-03
-1.677500E-03,+1.305439297E+00,+50.034866E-03,-835.948191E-03,-40.843795E-03
-1.675000E-03,+1.310407916E+00,-38.441422E-03,-251.045823E-03,-43.614018E-03
-1.672500E-03,+1.271966495E+00,-65.463736E-03,+403.591552E-03,-48.082289E-03
-1.670000E-03,+1.287700455E+00,-66.945605E-03,-251.045823E-03,-39.457812E-03
-1.667500E-03,+1.305439297E+00,+0.0E+00,+418.410242E-03,-41.506277E-03
-1.665000E-03,+1.293192087E+00,+42.451184E-03,+418.410242E-03,-40.167365E-03
-1.662500E-03,+1.299206731E+00,-66.945605E-03,-251.045823E-03,-45.273711E-03
-1.660000E-03,+1.321391179E+00,-49.424685E-03,+243.201036E-03,-43.833683E-03
-1.657500E-03,+1.309754151E+00,-19.438633E-03,-56.659493E-03,-44.745469E-03
-1.655000E-03,+1.328364680E+00,-66.945605E-03,-145.571624E-03,-44.184102E-03
-1.652500E-03,+1.292233231E+00,-40.533472E-03,-1.061715278E+00,-41.752093E-03
-1.650000E-03,+1.337125140E+00,+0.0E+00,+418.410242E-03,-42.845190E-03
-1.647500E-03,+1.288659311E+00,-33.385634E-03,-251.045823E-03,-42.173990E-03
-1.645000E-03,+1.303739506E+00,+0.0E+00,-251.045823E-03,-48.268830E-03
-1.642500E-03,+1.285259730E+00,+26.586471E-03,-654.637174E-03,-45.542191E-03
-1.640000E-03,+1.295066215E+00,+0.0E+00,-251.045823E-03,-45.523014E-03
-1.637500E-03,+1.281772980E+00,+19.612970E-03,-251.045823E-03,-42.060671E-03
-1.635000E-03,+1.289313077E+00,+0.0E+00,-920.501888E-03,-41.159346E-03
-1.632500E-03,+1.271966495E+00,+54.306135E-03,+292.015541E-03,-44.942470E-03
-1.630000E-03,+1.293279256E+00,+0.0E+00,-251.045823E-03,-42.479081E-03
-1.627500E-03,+1.277632464E+00,+61.279636E-03,-251.045823E-03,-42.958509E-03
-1.625000E-03,+1.305439297E+00,-4.358438E-03,-563.981665E-03,-42.758021E-03
-1.622500E-03,+1.272620260E+00,-65.638074E-03,-237.970510E-03,-45.496863E-03
-1.620000E-03,+1.291100037E+00,-38.267084E-03,-251.045823E-03,-37.297770E-03
-1.617500E-03,+1.301298781E+00,+0.0E+00,+418.410242E-03,-46.033823E-03
-1.615000E-03,+1.317207079E+00,+45.240585E-03,-251.045823E-03,-43.315901E-03
-1.612500E-03,+1.305439297E+00,+0.0E+00,+265.864915E-03,-41.929918E-03
-1.610000E-03,+1.298073537E+00,-52.214085E-03,-773.186685E-03,-42.095538E-03
-1.607500E-03,+1.294325281E+00,+44.717572E-03,+196.129909E-03,-41.495817E-03
-1.605000E-03,+1.335033090E+00,-59.187586E-03,-920.501888E-03,-41.661438E-03
-1.602500E-03,+1.290838530E+00,+0.0E+00,-543.061163E-03,-42.090308E-03
-1.600000E-03,+1.305047038E+00,+0.0E+00,-243.200634E-03,-41.569039E-03
-1.597500E-03,+1.241195923E+00,+0.0E+00,+110.704523E-03,-42.121689E-03
-1.595000E-03,+1.302344806E+00,+6.188982E-03,+356.520424E-03,-39.199792E-03
-1.592500E-03,+1.283865030E+00,+0.0E+00,-251.045823E-03,-42.756277E-03
-1.590000E-03,+1.298858056E+00,-107.566246E-03,-251.045823E-03,-39.904116E-03
-1.587500E-03,+1.313676744E+00,+0.0E+00,-82.810118E-03,-41.506277E-03
-1.585000E-03,+1.305439297E+00,+0.0E+00,-251.045823E-03,-38.425733E-03
-1.582500E-03,+1.300514262E+00,+0.0E+00,-251.045823E-03,-44.578105E-03
-1.580000E-03,+1.338912100E+00,+39.836122E-03,+147.315404E-03,-43.641912E-03
-1.577500E-03,+1.274843064E+00,+0.0E+00,-251.045823E-03,-46.746863E-03
-1.575000E-03,+1.338912100E+00,-34.082984E-03,+89.784021E-03,-38.804046E-03
-1.572500E-03,+1.303390831E+00,+0.0E+00,+336.471611E-03,-38.828453E-03
-1.570000E-03,+1.338912100E+00,+0.0E+00,+159.519028E-03,-44.184102E-03
-1.567500E-03,+1.305439297E+00,-11.070432E-03,-251.045823E-03,-45.754883E-03
-1.565000E-03,+1.281424305E+00,-48.029985E-03,-731.345681E-03,-47.065901E-03
-1.562500E-03,+1.271966495E+00,-48.901672E-03,+237.970913E-03,-45.418411E-03
-1.560000E-03,+1.271966495E+00,-43.061366E-03,-251.045823E-03,-49.062066E-03
-1.557500E-03,+1.284475211E+00,-25.017433E-03,-871.487E-06,-39.490936E-03
-1.555000E-03,+1.305439297E+00,-4.968619E-03,-201.359630E-03,-44.084729E-03
-1.552500E-03,+1.289443830E+00,+0.0E+00,-251.045823E-03,-41.506277E-03
-1.550000E-03,+1.239496133E+00,-64.940724E-03,-251.045823E-03,-42.845190E-03
-1.547500E-03,+1.310930929E+00,+38.964434E-03,-251.045823E-03,-44.403767E-03
-1.545000E-03,+1.300950106E+00,+0.0E+00,+328.626421E-03,-44.543237E-03
-1.542500E-03,+1.292974165E+00,-21.007670E-03,+418.410242E-03,-41.506277E-03
-1.540000E-03,+1.271966495E+00,-50.993723E-03,-251.045823E-03,-41.825315E-03
-1.537500E-03,+1.305439297E+00,-52.911435E-03,-110.704121E-03,-44.184102E-03
-1.535000E-03,+1.305439297E+00,-44.020222E-03,+189.156408E-03,-43.762205E-03
-1.532500E-03,+1.271966495E+00,+0.0E+00,-779.288497E-03,-44.184102E-03
-1.530000E-03,+1.286915936E+00,-66.945605E-03,-621.513047E-03,-46.718969E-03
-1.527500E-03,+1.305439297E+00,+0.0E+00,-251.045823E-03,-45.514297E-03
-1.525000E-03,+1.287003105E+00,-36.872384E-03,+49.686394E-03,-41.778244E-03
-1.522500E-03,+1.301996131E+00,+0.0E+00,-251.045823E-03,-35.362623E-03
-1.520000E-03,+1.271966495E+00,+0.0E+00,-20.048612E-03,-40.261507E-03
-1.517500E-03,+1.271966495E+00,-53.085773E-03,-251.045823E-03,-42.615064E-03
-1.515000E-03,+1.297376187E+00,-16.126220E-03,+95.885833E-03,-44.877965E-03
-1.512500E-03,+1.305439297E+00,-92.224545E-03,-42.712491E-03,-43.678523E-03
-1.510000E-03,+1.305439297E+00,-66.945605E-03,-251.045823E-03,-44.001047E-03
-1.507500E-03,+1.271966495E+00,+27.806833E-03,-251.045823E-03,-41.609137E-03
-1.505000E-03,+1.240672911E+00,+0.0E+00,-229.253632E-03,-42.888774E-03
-1.502500E-03,+1.321521933E+00,+0.0E+00,+70.606897E-03,-38.880754E-03
-1.500000E-03,+1.274363635E+00,+0.0E+00,+370.467425E-03,-37.489541E-03
-1.497500E-03,+1.326316214E+00,+0.0E+00,+418.410242E-03,-41.002442E-03
-1.495000E-03,+1.277850386E+00,+0.0E+00,-133.368000E-03,-39.769876E-03
-1.492500E-03,+1.329802964E+00,+0.0E+00,+54.044829E-03,-39.921549E-03
-1.490000E-03,+1.290707777E+00,+66.945605E-03,-438.458653E-03,-42.255929E-03
-1.487500E-03,+1.249738462E+00,+0.0E+00,-138.598124E-03,-43.070085E-03
-1.485000E-03,+1.284823886E+00,+41.230822E-03,+6.102013E-03,-48.307184E-03
-1.482500E-03,+1.305439297E+00,+0.0E+00,-835.076502E-03,-36.577756E-03
-1.480000E-03,+1.288310636E+00,+32.688284E-03,-593.619045E-03,-42.254185E-03
-1.477500E-03,+1.273317610E+00,-61.541142E-03,-251.045823E-03,-41.398188E-03
-1.475000E-03,+1.291797387E+00,-39.661784E-03,+418.410242E-03,-44.184102E-03
-1.472500E-03,+1.300601431E+00,+0.0E+00,-251.045823E-03,-41.893307E-03
-1.470000E-03,+1.282121655E+00,+20.310320E-03,-251.045823E-03,-41.792191E-03
-1.467500E-03,+1.271966495E+00,-16.649232E-03,+251.917914E-03,-45.190029E-03
-1.465000E-03,+1.305439297E+00,-53.608785E-03,+551.778443E-03,-43.378662E-03
-1.462500E-03,+1.315289367E+00,-43.322872E-03,+418.410242E-03,-38.118899E-03
-1.460000E-03,+1.271966495E+00,-60.582286E-03,-251.045823E-03,-42.845190E-03
-1.457500E-03,+1.305439297E+00,-30.596233E-03,+54.916518E-03,-45.638077E-03
-1.455000E-03,+1.305439297E+00,+0.0E+00,+1.075662682E+00,-42.845190E-03
-1.452500E-03,+1.290751362E+00,+0.0E+00,+336.471611E-03,-46.698049E-03
-1.450000E-03,+1.305439297E+00,-51.778242E-03,-251.045823E-03,-39.131800E-03
-1.447500E-03,+1.305439297E+00,+0.0E+00,-251.045823E-03,-46.419109E-03
-1.445000E-03,+1.324354917E+00,+0.0E+00,-251.045823E-03,-41.971759E-03
-1.442500E-03,+1.331197665E+00,-66.945605E-03,-96.757120E-03,-44.492679E-03
-1.440000E-03,+1.294673956E+00,+0.0E+00,+418.410242E-03,-45.523014E-03
-1.437500E-03,+1.334684415E+00,+58.490235E-03,-251.045823E-03,-47.355301E-03
-1.435000E-03,+1.305439297E+00,-38.441422E-03,-251.045823E-03,-45.721759E-03
-1.432500E-03,+1.305439297E+00,+1.481869E-03,+403.591552E-03,-41.595190E-03
-1.430000E-03,+1.305439297E+00,+0.0E+00,-565.725042E-03,-41.426082E-03
-1.427500E-03,+1.305439297E+00,+55.962342E-03,-196.129506E-03,-46.532428E-03
-1.425000E-03,+1.293192087E+00,+0.0E+00,-251.045823E-03,-40.526501E-03
-1.422500E-03,+1.278199061E+00,+0.0E+00,-671.199241E-03,-47.203628E-03
-1.420000E-03,+1.289487415E+00,+0.0E+00,-251.045823E-03,-40.517784E-03
-1.417500E-03,+1.305439297E+00,-47.506972E-03,-251.045823E-03,-48.028244E-03
-1.415000E-03,+1.328364680E+00,+45.850766E-03,+312.936043E-03,-40.167365E-03
-1.412500E-03,+1.312499966E+00,+14.121339E-03,+13.075514E-03,-41.506277E-03
-1.410000E-03,+1.303652338E+00,+0.0E+00,-215.306631E-03,-34.954673E-03
-1.407500E-03,+1.288746480E+00,+0.0E+00,-251.045823E-03,-42.177477E-03
-1.405000E-03,+1.275366076E+00,-66.945605E-03,+384.414427E-03,-41.370294E-03
-1.402500E-03,+1.271966495E+00,-40.359134E-03,-388.772459E-03,-45.247561E-03
-1.400000E-03,+1.282339577E+00,-10.373082E-03,+314.679420E-03,-45.013948E-03
-1.397500E-03,+1.338912100E+00,-66.945605E-03,+418.410242E-03,-40.559625E-03
-1.395000E-03,+1.363711611E+00,-66.945605E-03,+418.410242E-03,-38.828453E-03
-1.392500E-03,+1.278286230E+00,-54.306135E-03,-124.651122E-03,-41.759067E-03
-1.390000E-03,+1.293279256E+00,+0.0E+00,-920.501888E-03,-41.872386E-03
-1.387500E-03,+1.369551917E+00,+0.0E+00,+418.410242E-03,-42.731870E-03
-1.385000E-03,+1.307618516E+00,+0.0E+00,+105.474400E-03,-43.383893E-03
-1.382500E-03,+1.338912100E+00,+0.0E+00,-237.970510E-03,-44.131800E-03
-1.380000E-03,+1.267172213E+00,-76.534168E-03,-441.945407E-03,-40.357393E-03
-1.377500E-03,+1.297158265E+00,+58.664573E-03,+418.410242E-03,-41.506277E-03
-1.375000E-03,+1.260198713E+00,+0.0E+00,+418.410242E-03,-41.506277E-03
-1.372500E-03,+1.331284833E+00,+0.0E+00,-403.591149E-03,-46.556835E-03
-1.370000E-03,+1.298073537E+00,+0.0E+00,-398.361026E-03,-42.255929E-03
-1.367500E-03,+1.283080511E+00,+0.0E+00,-251.045823E-03,-43.739541E-03
-1.365000E-03,+1.305439297E+00,-7.758019E-03,-173.465627E-03,-39.138774E-03
-1.362500E-03,+1.301168028E+00,+0.0E+00,-628.486548E-03,-39.996514E-03
-1.360000E-03,+1.272751014E+00,-784.519E-06,+402.719863E-03,-41.506277E-03
-1.357500E-03,+1.305439297E+00,+0.0E+00,+418.410242E-03,-42.013600E-03
-1.355000E-03,+1.271966495E+00,-6.188982E-03,-251.045823E-03,-41.506277E-03
-1.352500E-03,+1.317337832E+00,+23.797071E-03,-13.075112E-03,-43.708160E-03
-1.350000E-03,+1.298858056E+00,+0.0E+00,-251.045823E-03,-44.996515E-03
-1.347500E-03,+1.322088529E+00,-50.122035E-03,+81.938832E-03,-42.845190E-03
-1.345000E-03,+1.318776117E+00,+0.0E+00,+217.050411E-03,-40.972805E-03
-1.342500E-03,+1.310364332E+00,+0.0E+00,+319.909544E-03,-41.506277E-03
-1.340000E-03,+1.305439297E+00,-27.109483E-03,-649.407050E-03,-42.590657E-03
-1.337500E-03,+1.305439297E+00,-5.753138E-03,-222.280132E-03,-41.563809E-03
-1.335000E-03,+1.321870608E+00,+1.220362E-03,-579.672043E-03,-41.481870E-03
-1.332500E-03,+1.338912100E+00,-62.848674E-03,+1.046896991E+00,-42.681312E-03
-1.330000E-03,+1.284911055E+00,+0.0E+00,-251.045823E-03,-41.595190E-03
-1.327500E-03,+1.299904081E+00,-11.070432E-03,-251.045823E-03,-43.741284E-03
-1.325000E-03,+1.281424305E+00,+66.945605E-03,+229.254035E-03,-48.783126E-03
-1.322500E-03,+1.320868167E+00,-18.043932E-03,-70.606494E-03,-45.162135E-03
-1.320000E-03,+1.332941040E+00,-11.942120E-03,+298.989041E-03,-43.467575E-03
-1.317500E-03,+1.305439297E+00,-66.945605E-03,+249.302848E-03,-42.845190E-03
-1.315000E-03,+1.305439297E+00,+0.0E+00,-251.045823E-03,-42.547072E-03
-1.312500E-03,+1.271966495E+00,-31.990934E-03,-251.045823E-03,-40.048816E-03
-1.310000E-03,+1.306441738E+00,+62.935842E-03,-230.997010E-03,-45.523014E-03
-1.307500E-03,+1.310930929E+00,+0.0E+00,-251.045823E-03,-42.065901E-03
-1.305000E-03,+1.300950106E+00,-8.978382E-03,+328.626422E-03,-46.061717E-03
-1.302500E-03,+1.305439297E+00,-45.937935E-03,-920.501888E-03,-41.584729E-03
-1.300000E-03,+1.279942436E+00,+0.0E+00,-251.045823E-03,-44.503139E-03
-1.297500E-03,+1.252527862E+00,-105.822870E-03,+278.068539E-03,-37.489541E-03
-1.295000E-03,+1.327449408E+00,+0.0E+00,-251.045823E-03,-41.964785E-03
-1.292500E-03,+1.279027164E+00,+0.0E+00,-180.439128E-03,-42.845190E-03
-1.290000E-03,+1.320388739E+00,-37.046722E-03,+418.410242E-03,-44.041145E-03
-1.287500E-03,+1.338824931E+00,+0.0E+00,+417.538553E-03,-42.839959E-03
-1.285000E-03,+1.320475908E+00,+0.0E+00,-251.045823E-03,-42.981173E-03
-1.282500E-03,+1.245380024E+00,+0.0E+00,-319.909141E-03,-38.966180E-03
-1.280000E-03,+1.305439297E+00,-110.791489E-03,+418.410242E-03,-41.044283E-03
-1.277500E-03,+1.305439297E+00,+13.859832E-03,-643.305238E-03,-43.629708E-03
-1.275000E-03,+1.297376187E+00,+0.0E+00,-251.045823E-03,-43.910392E-03
-1.272500E-03,+1.295022631E+00,-46.112272E-03,-251.045823E-03,-40.584032E-03
-1.270000E-03,+1.281119214E+00,+0.0E+00,-159.518626E-03,-43.028244E-03
-1.267500E-03,+1.291535881E+00,-27.806833E-03,-529.114161E-03,-41.506277E-03
-1.265000E-03,+1.305439297E+00,-64.766386E-03,-876.917506E-03,-41.593446E-03
-1.262500E-03,+1.289356661E+00,-32.165271E-03,+70.606897E-03,-40.062763E-03
-1.260000E-03,+1.331720677E+00,-62.151323E-03,-298.988639E-03,-45.331243E-03
-1.257500E-03,+1.305439297E+00,-25.191771E-03,-251.045823E-03,-42.010113E-03
-1.255000E-03,+1.299555406E+00,+0.0E+00,-368.723646E-03,-42.447700E-03
-1.252500E-03,+1.290184765E+00,+0.0E+00,-433.228529E-03,-39.557184E-03
-1.250000E-03,+1.305439297E+00,-48.204322E-03,-251.045823E-03,-45.523014E-03
-1.247500E-03,+1.277588879E+00,+0.0E+00,-138.598124E-03,-38.389123E-03
-1.245000E-03,+1.305439297E+00,+0.0E+00,+161.262405E-03,-43.980127E-03
-1.242500E-03,+1.274102129E+00,+0.0E+00,-251.045823E-03,-46.520225E-03
-1.240000E-03,+1.305439297E+00,-1.569038E-03,-251.045823E-03,-43.498955E-03
-1.237500E-03,+1.273317610E+00,+2.702231E-03,+391.387928E-03,-40.329499E-03
-1.235000E-03,+1.265777513E+00,-54.567642E-03,-251.045823E-03,-41.753837E-03
-1.232500E-03,+1.281642226E+00,+0.0E+00,-251.045823E-03,-42.845190E-03
-1.230000E-03,+1.271966495E+00,+20.310320E-03,-251.045823E-03,-42.845190E-03
-1.227500E-03,+1.305439297E+00,-16.649232E-03,-251.045823E-03,-46.535915E-03
-1.225000E-03,+1.305439297E+00,-13.336820E-03,-117.677622E-03,-47.934102E-03
-1.222500E-03,+1.260155128E+00,-23.622733E-03,-251.045823E-03,-37.567993E-03
-1.220000E-03,+1.305439297E+00,+0.0E+00,-793.235498E-03,-40.549164E-03
-1.217500E-03,+1.271966495E+00,-30.596233E-03,+112.447901E-03,-40.282428E-03
-1.215000E-03,+1.271661404E+00,-66.945605E-03,-251.045823E-03,-44.159694E-03
-1.212500E-03,+1.257278559E+00,+37.569734E-03,-251.045823E-03,-42.585427E-03
-1.210000E-03,+1.305439297E+00,+0.0E+00,-175.209004E-03,-44.335775E-03
-1.207500E-03,+1.249694877E+00,+0.0E+00,-27.022113E-03,-43.282777E-03
-1.205000E-03,+1.331633508E+00,+0.0E+00,-251.045823E-03,-44.009764E-03
-1.202500E-03,+1.279680930E+00,+0.0E+00,-96.757120E-03,-44.701884E-03
-1.200000E-03,+1.271966495E+00,+0.0E+00,-251.045823E-03,-41.028593E-03
-1.197500E-03,+1.301211612E+00,+8.455369E-03,-251.045823E-03,-41.506277E-03
-1.195000E-03,+1.286218586E+00,+0.0E+00,+418.410242E-03,-44.184102E-03
-1.192500E-03,+1.273448364E+00,-1.481869E-03,-251.045823E-03,-41.535915E-03
-1.190000E-03,+1.323178139E+00,-35.477684E-03,-251.045823E-03,-40.006975E-03
-1.187500E-03,+1.274712310E+00,-5.491632E-03,-305.962140E-03,-39.267784E-03
-1.185000E-03,+1.296460915E+00,-24.494421E-03,-251.045823E-03,-42.486054E-03
-1.182500E-03,+1.317904429E+00,-54.480473E-03,-251.045823E-03,-45.024409E-03
-1.180000E-03,+1.296678837E+00,+49.424685E-03,-75.836618E-03,-40.868202E-03
-1.177500E-03,+1.319473467E+00,+28.068340E-03,-251.045823E-03,-45.523014E-03
-1.175000E-03,+1.277240204E+00,+56.398185E-03,+418.410242E-03,-44.679220E-03
-1.172500E-03,+1.305439297E+00,-26.412133E-03,+418.410242E-03,-42.034520E-03
-1.170000E-03,+1.275540414E+00,-63.371686E-03,-251.045823E-03,-40.024408E-03
-1.167500E-03,+1.322219283E+00,-67.119943E-03,-251.045823E-03,-41.513251E-03
-1.165000E-03,+1.307139088E+00,-66.945605E-03,-217.050008E-03,-42.777198E-03
-1.162500E-03,+1.265080163E+00,+0.0E+00,-251.045823E-03,-43.652372E-03
-1.160000E-03,+1.277153036E+00,+0.0E+00,-251.045823E-03,-38.620991E-03
-1.157500E-03,+1.329105614E+00,-19.612970E-03,+695.606891E-03,-40.559625E-03
-1.155000E-03,+1.296766006E+00,+0.0E+00,+244.944413E-03,-40.861229E-03
-1.152500E-03,+1.305439297E+00,+0.0E+00,-124.651122E-03,-40.747909E-03
-1.150000E-03,+1.293279256E+00,-42.625522E-03,-494.246658E-03,-41.506277E-03
-1.147500E-03,+1.269133510E+00,-5.665969E-03,-307.705517E-03,-40.620643E-03
-1.145000E-03,+1.269787276E+00,-66.945605E-03,-251.045823E-03,-40.967574E-03
-1.142500E-03,+1.305439297E+00,+0.0E+00,+418.410242E-03,-45.470713E-03
-1.140000E-03,+1.286305755E+00,-38.267084E-03,+35.739393E-03,-37.489541E-03
-1.137500E-03,+1.246774724E+00,+0.0E+00,-333.856142E-03,-42.845190E-03
-1.135000E-03,+1.294586787E+00,-45.240584E-03,-33.995613E-03,-37.416319E-03
-1.132500E-03,+1.305439297E+00,+51.691073E-03,-98.500497E-03,-44.184102E-03
-1.130000E-03,+1.264600735E+00,+0.0E+00,+418.410242E-03,-41.051256E-03
-1.127500E-03,+1.305439297E+00,-22.228033E-03,-251.045823E-03,-43.289750E-03
-1.125000E-03,+1.279724514E+00,+7.758019E-03,-251.045823E-03,-44.747212E-03
-1.122500E-03,+1.290838530E+00,-37.744072E-03,-628.486548E-03,-40.922247E-03
-1.120000E-03,+1.272358754E+00,-66.161086E-03,+410.565052E-03,-45.444562E-03
-1.117500E-03,+1.290054012E+00,+30.770571E-03,-197.001195E-03,-44.691424E-03
-1.115000E-03,+1.275060985E+00,-6.188982E-03,-251.045823E-03,-42.845190E-03
-1.112500E-03,+1.315115029E+00,+0.0E+00,-251.045823E-03,-46.773014E-03
-1.110000E-03,+1.271966495E+00,-13.162482E-03,+286.785418E-03,-42.032777E-03
-1.107500E-03,+1.297027512E+00,+0.0E+00,+250.174537E-03,-42.852163E-03
-1.105000E-03,+1.305439297E+00,-20.135983E-03,-49.685992E-03,-40.036612E-03
-1.102500E-03,+1.295589228E+00,-9.850070E-03,+418.410242E-03,-41.900280E-03
-1.100000E-03,+1.265603175E+00,-66.945605E-03,+418.410242E-03,-40.421898E-03
-1.097500E-03,+1.306877582E+00,+0.0E+00,-251.045823E-03,-44.184102E-03
-1.095000E-03,+1.338912100E+00,+0.0E+00,-251.045823E-03,-42.820782E-03
-1.092500E-03,+1.305439297E+00,-4.096931E-03,-210.076508E-03,-46.861926E-03
-1.090000E-03,+1.305439297E+00,-25.889121E-03,+418.410242E-03,-39.435148E-03
-1.087500E-03,+1.310974513E+00,+0.0E+00,+307.705920E-03,-44.637379E-03
-1.085000E-03,+1.305439297E+00,-48.029985E-03,+229.254035E-03,-39.963390E-03
-1.082500E-03,+1.314461263E+00,-66.945605E-03,+418.410242E-03,-50.052303E-03
-1.080000E-03,+1.299468237E+00,+0.0E+00,-801.080688E-03,-43.322874E-03
-1.077500E-03,+1.305439297E+00,-66.945605E-03,+418.410242E-03,-44.021968E-03
-1.075000E-03,+1.276935114E+00,+0.0E+00,-201.359630E-03,-45.026152E-03
-1.072500E-03,+1.322916633E+00,-34.954671E-03,-251.045823E-03,-44.823920E-03
-1.070000E-03,+1.271966495E+00,-66.945605E-03,-251.045823E-03,-41.506277E-03
-1.067500E-03,+1.285957080E+00,+0.0E+00,+418.410242E-03,-41.846236E-03
-1.065000E-03,+1.329933718E+00,+0.0E+00,+328.626422E-03,-41.685845E-03
-1.062500E-03,+1.305439297E+00,-66.945605E-03,+418.410242E-03,-42.004883E-03
-1.060000E-03,+1.279942436E+00,-50.993723E-03,+418.410242E-03,-41.506277E-03
-1.057500E-03,+1.291405127E+00,-66.945605E-03,-110.704121E-03,-38.547770E-03
-1.055000E-03,+1.305439297E+00,-44.020222E-03,-251.045823E-03,-43.762205E-03
-1.052500E-03,+1.279027164E+00,-7.060669E-03,-180.439128E-03,-42.421549E-03
-1.050000E-03,+1.290489855E+00,+0.0E+00,-179.567439E-03,-40.622386E-03
-1.047500E-03,+1.272010079E+00,-66.945605E-03,-251.045823E-03,-41.502791E-03
-1.045000E-03,+1.290402687E+00,-30.073221E-03,-183.054194E-03,-41.234311E-03
-1.042500E-03,+1.301996131E+00,+13.772663E-03,-251.045823E-03,-41.644004E-03
-1.040000E-03,+1.305439297E+00,-23.099721E-03,-20.048612E-03,-38.828453E-03
-1.037500E-03,+1.298509381E+00,+0.0E+00,-112.447498E-03,-42.290796E-03
-1.035000E-03,+1.338912100E+00,+0.0E+00,-251.045823E-03,-44.506626E-03
-1.032500E-03,+1.338912100E+00,+0.0E+00,+1.743579E-03,-42.428523E-03
-1.030000E-03,+1.310015657E+00,+0.0E+00,-251.045823E-03,-41.506277E-03
-1.027500E-03,+1.305439297E+00,+0.0E+00,+140.341903E-03,-39.940726E-03
-1.025000E-03,+1.305439297E+00,-64.766386E-03,+418.410242E-03,-40.254534E-03
-1.022500E-03,+1.254576328E+00,+0.0E+00,-277.196448E-03,-42.740587E-03
-1.020000E-03,+1.303042156E+00,+62.151323E-03,-251.045823E-03,-44.375873E-03
-1.017500E-03,+1.292843412E+00,-25.191771E-03,+166.492529E-03,-41.506277E-03
-1.015000E-03,+1.299555406E+00,+0.0E+00,+418.410242E-03,-45.685148E-03
-1.012500E-03,+1.305439297E+00,-66.945605E-03,-251.045823E-03,-40.413181E-03
-1.010000E-03,+1.271966495E+00,-18.741283E-03,-251.045823E-03,-45.523014E-03
-1.007500E-03,+1.283211264E+00,-11.244770E-03,-251.045823E-03,-43.519876E-03
-1.005000E-03,+1.279724514E+00,+0.0E+00,+6.102013E-03,-41.195957E-03
-1.002500E-03,+1.240629327E+00,-4.271269E-03,-251.045823E-03,-41.591703E-03
-1.000000E-03,+1.271966495E+00,+0.0E+00,-251.045823E-03,-45.491633E-03
-997.500E-06,+1.274668726E+00,+0.0E+00,-251.045823E-03,-44.346236E-03
-995.000E-06,+1.258324584E+00,+0.0E+00,-251.045823E-03,-42.299513E-03
-992.500E-06,+1.267128629E+00,-9.675732E-03,-251.045823E-03,-41.506277E-03
-990.000E-06,+1.341919422E+00,-20.310320E-03,-251.045823E-03,-40.573572E-03
-987.500E-06,+1.263641878E+00,-33.298465E-03,+418.410242E-03,-41.506277E-03
-985.000E-06,+1.271966495E+00,+13.336820E-03,+151.673838E-03,-48.206068E-03
-982.500E-06,+1.315289367E+00,-66.945605E-03,+418.410242E-03,-43.317644E-03
-980.000E-06,+1.305439297E+00,-60.582286E-03,-251.045823E-03,-41.760810E-03
-977.500E-06,+1.290141180E+00,-30.596233E-03,+112.447901E-03,-41.506277E-03
-975.000E-06,+1.338301918E+00,-65.725243E-03,-251.045823E-03,-44.184102E-03
-972.500E-06,+1.286654430E+00,-37.569734E-03,+42.712894E-03,-42.257672E-03
-970.000E-06,+1.305439297E+00,-59.361923E-03,+418.410242E-03,-46.558579E-03
-967.500E-06,+1.316509729E+00,+22.402371E-03,-251.045823E-03,-44.178872E-03
-965.000E-06,+1.305439297E+00,-37.831241E-03,-774.930062E-03,-46.570782E-03
-962.500E-06,+1.313153732E+00,+15.428870E-03,-251.045823E-03,-43.566947E-03
-960.000E-06,+1.271966495E+00,-45.414922E-03,-251.045823E-03,-42.461647E-03
-957.500E-06,+1.330456730E+00,-66.945605E-03,-81.938429E-03,-41.844492E-03
-955.000E-06,+1.324660008E+00,+28.504183E-03,+133.368403E-03,-43.242679E-03
-952.500E-06,+1.271966495E+00,+1.481869E-03,-251.045823E-03,-42.756277E-03
-950.000E-06,+1.289705337E+00,-35.477684E-03,-251.045823E-03,-45.763600E-03
-947.500E-06,+1.308185113E+00,+5.491632E-03,+418.410242E-03,-39.267784E-03
-945.000E-06,+1.284213705E+00,-66.945605E-03,-6.101611E-03,-41.996166E-03
-942.500E-06,+1.305439297E+00,+54.480473E-03,-251.045823E-03,-40.416668E-03
-940.000E-06,+1.305439297E+00,-17.520920E-03,-426.255029E-03,-43.833683E-03
-937.500E-06,+1.338912100E+00,+0.0E+00,-531.729228E-03,-42.629011E-03
-935.000E-06,+1.328364680E+00,-10.547420E-03,-251.045823E-03,-40.800210E-03
-932.500E-06,+1.345972769E+00,-26.412133E-03,+13.075514E-03,-42.845190E-03
-930.000E-06,+1.271966495E+00,+0.0E+00,+418.410242E-03,-39.185845E-03
-927.500E-06,+1.271966495E+00,+0.0E+00,+84.553898E-03,-42.170503E-03
-925.000E-06,+1.335512518E+00,+66.945605E-03,-920.501888E-03,-41.438286E-03
-922.500E-06,+1.318732533E+00,+26.586471E-03,-251.045823E-03,-48.732568E-03
-920.000E-06,+1.333725559E+00,+0.0E+00,-354.776644E-03,-45.108091E-03
-917.500E-06,+1.305439297E+00,+0.0E+00,-447.175531E-03,-40.559625E-03
-915.000E-06,+1.280639786E+00,+0.0E+00,-251.045823E-03,-41.902024E-03
-912.500E-06,+1.284605964E+00,-54.306135E-03,-794.107187E-03,-42.592400E-03
-910.000E-06,+1.271966495E+00,+0.0E+00,-251.045823E-03,-39.926779E-03
-907.500E-06,+1.269133510E+00,+0.0E+00,-251.045823E-03,-46.748607E-03
-905.000E-06,+1.321086089E+00,+4.358438E-03,+105.474400E-03,-43.645399E-03
-902.500E-06,+1.305439297E+00,-65.638074E-03,-251.045823E-03,-46.861926E-03
-900.000E-06,+1.286305755E+00,-38.267084E-03,+35.739393E-03,-40.550908E-03
-897.500E-06,+1.334771584E+00,+8.281032E-03,+335.599922E-03,-43.521619E-03
-895.000E-06,+1.271966495E+00,-21.705020E-03,-486.401468E-03,-40.601466E-03
-892.500E-06,+1.297812031E+00,-15.254532E-03,-920.501888E-03,-42.963739E-03
-890.000E-06,+1.279332255E+00,+0.0E+00,-920.501888E-03,-40.006975E-03
-887.500E-06,+1.305439297E+00,+0.0E+00,-251.045823E-03,-47.306487E-03
-885.000E-06,+1.301560287E+00,+0.0E+00,-328.626019E-03,-46.551605E-03
-882.500E-06,+1.305439297E+00,+37.744072E-03,-628.486548E-03,-43.087519E-03
-880.000E-06,+1.272358754E+00,+0.0E+00,+410.565052E-03,-41.553349E-03
-877.500E-06,+1.271966495E+00,-36.175034E-03,-612.796169E-03,-44.400280E-03
-875.000E-06,+1.335817609E+00,+0.0E+00,-251.045823E-03,-45.151675E-03
-872.500E-06,+1.327013564E+00,-43.148534E-03,-251.045823E-03,-48.200838E-03
-870.000E-06,+1.325749617E+00,+66.945605E-03,+286.785418E-03,-44.996515E-03
-867.500E-06,+1.305439297E+00,-16.823570E-03,-82.810118E-03,-46.525455E-03
-865.000E-06,+1.248561683E+00,-46.809622E-03,-719.142057E-03,-44.314855E-03
-862.500E-06,+1.305439297E+00,-57.095535E-03,-251.045823E-03,-41.703279E-03
-860.000E-06,+1.285521236E+00,+39.836122E-03,-378.312213E-03,-43.099722E-03
-857.500E-06,+1.304001013E+00,-64.069036E-03,+418.410242E-03,-45.350420E-03
-855.000E-06,+1.305439297E+00,+0.0E+00,-251.045823E-03,-46.204674E-03
-852.500E-06,+1.303390831E+00,+62.848674E-03,-879.532573E-03,-45.604953E-03
-850.000E-06,+1.325967539E+00,+0.0E+00,-251.045823E-03,-42.541842E-03
-847.500E-06,+1.333376884E+00,+0.0E+00,-140.341501E-03,-41.063460E-03
-845.000E-06,+1.314897107E+00,+0.0E+00,+607.566449E-03,-41.506277E-03
-842.500E-06,+1.338912100E+00,+0.0E+00,+237.970913E-03,-43.566947E-03
-840.000E-06,+1.299468237E+00,-55.003485E-03,-251.045823E-03,-41.267435E-03
-837.500E-06,+1.292930581E+00,-66.945605E-03,-670.327552E-03,-45.360880E-03
-835.000E-06,+1.336427790E+00,-66.945605E-03,+368.724048E-03,-40.067993E-03
-832.500E-06,+1.305439297E+00,-34.954671E-03,-251.045823E-03,-42.904464E-03
-830.000E-06,+1.239496133E+00,+64.940724E-03,-251.045823E-03,-40.167365E-03
-827.500E-06,+1.285957080E+00,+0.0E+00,+698.221957E-03,-42.625524E-03
-825.000E-06,+1.329933718E+00,+0.0E+00,-830.718068E-03,-41.326710E-03
-822.500E-06,+1.271966495E+00,+0.0E+00,-251.045823E-03,-42.425036E-03
-820.000E-06,+1.297463356E+00,+50.993723E-03,-251.045823E-03,-40.104604E-03
-817.500E-06,+1.286000665E+00,-14.034170E-03,+418.410242E-03,-42.283823E-03
-815.000E-06,+1.293976606E+00,+22.925383E-03,-21.791990E-03,-38.828453E-03
-812.500E-06,+1.301908962E+00,+0.0E+00,-180.439128E-03,-44.184102E-03
-810.000E-06,+1.305439297E+00,+37.046722E-03,-251.045823E-03,-42.533125E-03
-807.500E-06,+1.271966495E+00,+0.0E+00,+416.666864E-03,-46.861926E-03
-805.000E-06,+1.302039716E+00,+0.0E+00,+49.686395E-03,-39.565901E-03
-802.500E-06,+1.301996131E+00,-66.945605E-03,+418.410242E-03,-42.707463E-03
-800.000E-06,+1.283516355E+00,-23.099721E-03,-20.048612E-03,-42.430266E-03
-797.500E-06,+1.305439297E+00,+13.859832E-03,+279.811917E-03,-40.721759E-03
-795.000E-06,+1.297376187E+00,+0.0E+00,-251.045823E-03,-42.845190E-03
-792.500E-06,+1.315855963E+00,+0.0E+00,-920.501888E-03,-42.428523E-03
-790.000E-06,+1.271966495E+00,+0.0E+00,-251.045823E-03,-42.845190E-03
-787.500E-06,+1.285869911E+00,-39.138772E-03,-529.114161E-03,-41.279639E-03
-785.000E-06,+1.271966495E+00,+62.587167E-03,-876.917506E-03,-42.758021E-03
-782.500E-06,+1.288049130E+00,-34.780334E-03,-224.895198E-03,-44.775106E-03
-780.000E-06,+1.303042156E+00,+4.794281E-03,-203.103007E-03,-44.375873E-03
-777.500E-06,+1.305439297E+00,+0.0E+00,+871.890E-06,-46.861926E-03
-775.000E-06,+1.311323188E+00,-11.767782E-03,-133.368000E-03,-44.419457E-03
-772.500E-06,+1.314548432E+00,-48.727335E-03,-556.136475E-03,-43.701187E-03
-770.000E-06,+1.271966495E+00,+0.0E+00,+418.410242E-03,-43.434450E-03
-767.500E-06,+1.277588879E+00,+0.0E+00,+305.962542E-03,-41.281382E-03
-765.000E-06,+1.305439297E+00,-25.714783E-03,-251.045823E-03,-43.359485E-03
-762.500E-06,+1.307574932E+00,+58.403067E-03,-251.045823E-03,-46.605650E-03
-760.000E-06,+1.305439297E+00,-34.257321E-03,+75.837020E-03,-47.515692E-03
-757.500E-06,+1.274668726E+00,-2.702231E-03,-278.068137E-03,-45.577059E-03
-755.000E-06,+1.305439297E+00,-39.661784E-03,+145.572027E-03,-43.340308E-03
-752.500E-06,+1.329236368E+00,+0.0E+00,+321.652921E-03,-41.699792E-03
-750.000E-06,+1.338912100E+00,+46.635285E-03,-251.045823E-03,-40.287658E-03
-747.500E-06,+1.280291111E+00,+0.0E+00,+418.410242E-03,-42.519178E-03
-745.000E-06,+1.245162102E+00,+0.0E+00,-251.045823E-03,-43.111926E-03
-742.500E-06,+1.305439297E+00,+66.945605E-03,-54.044427E-03,-38.985357E-03
-740.000E-06,+1.275148154E+00,+0.0E+00,+418.410242E-03,-45.141215E-03
-737.500E-06,+1.308315866E+00,-36.349372E-03,-251.045823E-03,-41.009415E-03
-735.000E-06,+1.305134207E+00,+0.0E+00,+412.308430E-03,-46.825315E-03
-732.500E-06,+1.290751362E+00,+0.0E+00,-332.984454E-03,-43.009067E-03
-730.000E-06,+1.301647456E+00,+7.583682E-03,+266.736604E-03,-38.551256E-03
-727.500E-06,+1.283167680E+00,-22.402371E-03,-251.045823E-03,-40.162135E-03
-725.000E-06,+1.286523677E+00,+52.388423E-03,-251.045823E-03,-44.475245E-03
-722.500E-06,+1.271966495E+00,+0.0E+00,+264.121538E-03,-43.153767E-03
-720.000E-06,+1.271966495E+00,+0.0E+00,-35.738991E-03,-44.614715E-03
-717.500E-06,+1.271966495E+00,-8.455369E-03,+249.302848E-03,-42.676082E-03
-715.000E-06,+1.305439297E+00,+0.0E+00,-350.418210E-03,-43.043934E-03
-712.500E-06,+1.271966495E+00,+0.0E+00,-251.045823E-03,-41.506277E-03
-710.000E-06,+1.289705337E+00,-66.945605E-03,-251.045823E-03,-44.103906E-03
-707.500E-06,+1.274712310E+00,+5.491632E-03,+418.410242E-03,-44.184102E-03
-705.000E-06,+1.250740902E+00,+0.0E+00,-251.045823E-03,-41.637031E-03
-702.500E-06,+1.305439297E+00,+0.0E+00,+293.758918E-03,-37.397142E-03
-700.000E-06,+1.314199757E+00,+0.0E+00,-251.045823E-03,-44.246863E-03
-697.500E-06,+1.257932325E+00,+0.0E+00,-56.659493E-03,-38.267086E-03
-695.000E-06,+1.300165587E+00,-10.547420E-03,-251.045823E-03,-41.717226E-03
-692.500E-06,+1.271966495E+00,+0.0E+00,+418.410242E-03,-39.639123E-03
-690.000E-06,+1.335338180E+00,-3.573919E-03,+382.671049E-03,+92.027548E-03
-687.500E-06,+1.372384902E+00,-33.559971E-03,-252.789201E-03,+170.041846E-03
-685.000E-06,+1.502876531E+00,+63.546024E-03,-217.050009E-03,+170.041846E-03
-682.500E-06,+1.580108049E+00,+40.359134E-03,-251.045823E-03,+170.041846E-03
-680.000E-06,+1.678826665E+00,-10.373082E-03,-816.771066E-03,+154.182362E-03
-677.500E-06,+1.697306442E+00,+27.719664E-03,+418.410242E-03,+77.264647E-03
-675.000E-06,+1.673640124E+00,-17.346582E-03,-251.045823E-03,+31.738146E-03
-672.500E-06,+1.673640124E+00,-54.306135E-03,-251.045823E-03,+7.780684E-03
-670.000E-06,+1.673640124E+00,+0.0E+00,-251.045823E-03,-10.711297E-03
-667.500E-06,+1.704279942E+00,-61.279636E-03,+418.410242E-03,-11.823571E-03
-665.000E-06,+1.709292146E+00,-31.293583E-03,-251.045823E-03,-9.285216E-03
-662.500E-06,+1.738624433E+00,+65.638074E-03,-251.045823E-03,-4.016737E-03
-660.000E-06,+1.692773666E+00,+0.0E+00,-633.716671E-03,-6.502790E-03
-657.500E-06,+1.707112927E+00,+8.281032E-03,+418.410242E-03,-6.032078E-03
-655.000E-06,+1.717965437E+00,+66.945605E-03,+201.360032E-03,-4.884937E-03
-652.500E-06,+1.681267391E+00,+15.254532E-03,-98.500497E-03,-5.474198E-03
-650.000E-06,+1.725854210E+00,-52.214085E-03,-398.361026E-03,-13.094491E-03
-647.500E-06,+1.707112927E+00,-22.228033E-03,-475.941222E-03,-8.483264E-03
-645.000E-06,+1.681398144E+00,+0.0E+00,+340.830045E-03,-10.556137E-03
-642.500E-06,+1.725984963E+00,+0.0E+00,-628.486548E-03,-4.600767E-03
-640.000E-06,+1.707112927E+00,+66.161086E-03,-251.045823E-03,-2.693515E-03
-637.500E-06,+1.707112927E+00,-36.175034E-03,-251.045823E-03,-4.232915E-03
-635.000E-06,+1.679829106E+00,+0.0E+00,-189.156006E-03,-247.559E-06
-632.500E-06,+1.707112927E+00,-19.351464E-03,-57.531182E-03,-1.427824E-03
-630.000E-06,+1.707112927E+00,+0.0E+00,-382.670647E-03,-3.204324E-03
-627.500E-06,+1.707112927E+00,+0.0E+00,+250.174537E-03,+1.345886E-03
-625.000E-06,+1.740585729E+00,+0.0E+00,+418.410242E-03,+3.614017E-03
-622.500E-06,+1.740585729E+00,+0.0E+00,+319.909543E-03,+5.552650E-03
-620.000E-06,+1.746949049E+00,+39.836122E-03,+20.049014E-03,+3.186890E-03
-617.500E-06,+1.742024014E+00,-64.069036E-03,-251.045823E-03,+6.867155E-03
-615.000E-06,+1.757017040E+00,-34.082984E-03,+89.784021E-03,+4.649582E-03
-612.500E-06,+1.769961601E+00,+0.0E+00,-251.045823E-03,+3.934798E-03
-610.000E-06,+1.753530290E+00,-41.056484E-03,-99.372186E-03,+10.193515E-03
-607.500E-06,+1.746120945E+00,+0.0E+00,-251.045823E-03,+10.268480E-03
-605.000E-06,+1.764600722E+00,+0.0E+00,+229.254035E-03,+5.733961E-03
-602.500E-06,+1.765036566E+00,+48.901673E-03,-70.606494E-03,+6.694561E-03
-600.000E-06,+1.780029592E+00,+0.0E+00,+298.989041E-03,+11.811367E-03
-597.500E-06,+1.795022618E+00,+0.0E+00,-251.045823E-03,+5.193515E-03
-595.000E-06,+1.805047025E+00,+61.976986E-03,+418.410242E-03,+1.637029E-03
-592.500E-06,+1.807531334E+00,+0.0E+00,+98.500899E-03,+1.398187E-03
-590.000E-06,+1.776063413E+00,+2.004881E-03,-251.045823E-03,+1.379010E-03
-587.500E-06,+1.788049117E+00,-27.981171E-03,-251.045823E-03,+439.331E-06
-585.000E-06,+1.778547723E+00,+0.0E+00,-340.829643E-03,+2.139121E-03
-582.500E-06,+1.819996467E+00,-42.015341E-03,+628.486951E-03,-341.702E-06
-580.000E-06,+1.807531334E+00,+15.951882E-03,+258.891415E-03,-4.016737E-03
-577.500E-06,+1.781075617E+00,-66.945605E-03,-251.045823E-03,-2.397141E-03
-575.000E-06,+1.841004137E+00,-44.020222E-03,-480.299657E-03,-4.475244E-03
-572.500E-06,+1.837473802E+00,-7.060669E-03,+277.196851E-03,-6.626569E-03
-570.000E-06,+1.789007974E+00,-66.945605E-03,+47.943017E-03,-8.176430E-03
-567.500E-06,+1.807574919E+00,+87.169E-06,-251.917512E-03,-10.711297E-03
-565.000E-06,+1.810930916E+00,-66.945605E-03,-551.778041E-03,-6.558578E-03
-562.500E-06,+1.807531334E+00,-6.886332E-03,-182.182505E-03,-8.959205E-03
-560.000E-06,+1.807531334E+00,+0.0E+00,-482.043034E-03,-8.495467E-03
-557.500E-06,+1.827144305E+00,-13.859832E-03,-251.045823E-03,-11.265691E-03
-555.000E-06,+1.782121642E+00,-50.819385E-03,-251.045823E-03,-11.405161E-03
-552.500E-06,+1.817948001E+00,-66.945605E-03,-251.045823E-03,-16.066946E-03
-550.000E-06,+1.807531334E+00,-66.945605E-03,+326.883044E-03,-13.023013E-03
-547.500E-06,+1.807531334E+00,-39.138772E-03,+27.022515E-03,-18.188634E-03
-545.000E-06,+1.839914527E+00,+0.0E+00,-251.045823E-03,-12.050210E-03
-542.500E-06,+1.807531334E+00,-32.165271E-03,-277.196448E-03,-13.441423E-03
-540.000E-06,+1.812325616E+00,+0.0E+00,-824.616256E-03,-10.615412E-03
-537.500E-06,+1.828408252E+00,-41.753834E-03,+418.410242E-03,-14.728034E-03
-535.000E-06,+1.841004137E+00,-11.767782E-03,-920.501888E-03,-19.612971E-03
-532.500E-06,+1.807531334E+00,-115.672940E-03,-68.863117E-03,-17.524408E-03
-530.000E-06,+1.798160693E+00,-66.945605E-03,+230.997412E-03,-14.728034E-03
-527.500E-06,+1.829759367E+00,+11.244770E-03,-251.045823E-03,-14.063808E-03
-525.000E-06,+1.828146745E+00,+0.0E+00,-251.045823E-03,-16.581242E-03
-522.500E-06,+1.809666969E+00,-62.674336E-03,-877.789195E-03,-18.488494E-03
-520.000E-06,+1.808315853E+00,-1.569038E-03,-251.045823E-03,-18.713390E-03
-517.500E-06,+1.841004137E+00,-64.243374E-03,-278.068137E-03,-20.191772E-03
-515.000E-06,+1.827362226E+00,+0.0E+00,-251.045823E-03,-18.941772E-03
-512.500E-06,+1.778896398E+00,+0.0E+00,+418.410242E-03,-18.551256E-03
-510.000E-06,+1.807531334E+00,-40.620641E-03,-47.942615E-03,-15.946653E-03
-507.500E-06,+1.807531334E+00,+0.0E+00,-251.045823E-03,-15.394003E-03
-505.000E-06,+1.807531334E+00,-13.336820E-03,-117.677622E-03,-19.550210E-03
-502.500E-06,+1.807531334E+00,-66.945605E-03,-448.047220E-03,-18.823222E-03
-500.000E-06,+1.777240192E+00,-60.582286E-03,-251.045823E-03,-19.701883E-03
-497.500E-06,+1.789356649E+00,-66.945605E-03,-251.045823E-03,-15.951883E-03
-495.000E-06,+1.774058532E+00,-66.335424E-03,-914.400076E-03,-16.079150E-03
-492.500E-06,+1.788746467E+00,+37.569734E-03,+418.410242E-03,-14.891911E-03
-490.000E-06,+1.785434055E+00,+0.0E+00,-251.045823E-03,-16.521967E-03
-487.500E-06,+1.796460903E+00,-22.402371E-03,+418.410242E-03,-17.405858E-03
-485.000E-06,+1.781337123E+00,+0.0E+00,-251.045823E-03,-19.501395E-03
-482.500E-06,+1.799816899E+00,-36.087865E-03,-251.045823E-03,-18.849373E-03
-480.000E-06,+1.807531334E+00,-66.945605E-03,-251.045823E-03,-16.019875E-03
-477.500E-06,+1.774058532E+00,+58.490235E-03,+333.856545E-03,-14.897141E-03
-475.000E-06,+1.788310624E+00,+0.0E+00,+33.996016E-03,-14.529289E-03
-472.500E-06,+1.774799466E+00,+0.0E+00,-890.864508E-03,-21.363320E-03
-470.000E-06,+1.774058532E+00,+0.0E+00,-251.045823E-03,-17.486054E-03
-467.500E-06,+1.807531334E+00,+0.0E+00,-251.045823E-03,-18.964436E-03
-465.000E-06,+1.774058532E+00,+0.0E+00,+418.410242E-03,-17.536611E-03
-462.500E-06,+1.807531334E+00,-66.945605E-03,+169.107595E-03,-15.069735E-03
-460.000E-06,+1.782818992E+00,-31.903765E-03,+67.991830E-03,-18.394352E-03
-457.500E-06,+1.760024362E+00,-47.506972E-03,-251.045823E-03,-17.967225E-03
-455.000E-06,+1.751133149E+00,-66.945605E-03,-251.045823E-03,-17.827755E-03
-452.500E-06,+1.781119201E+00,+0.0E+00,+418.410242E-03,-17.724896E-03
-450.000E-06,+1.710686846E+00,-3.573919E-03,-251.045823E-03,-16.209903E-03
-447.500E-06,+1.757278546E+00,-33.559971E-03,-586.645544E-03,-12.714436E-03
-445.000E-06,+1.774058532E+00,-63.546024E-03,-251.045823E-03,-17.133892E-03
-442.500E-06,+1.787351767E+00,-26.586471E-03,-251.045823E-03,-14.471758E-03
-440.000E-06,+1.774058532E+00,-56.572523E-03,-147.315002E-03,-16.783473E-03
-437.500E-06,+1.807531334E+00,+0.0E+00,+222.280534E-03,-14.173641E-03
-435.000E-06,+1.798858043E+00,-66.945605E-03,+71.478585E-03,-16.711995E-03
-432.500E-06,+1.822044932E+00,+12.639470E-03,+292.015541E-03,-8.614017E-03
-430.000E-06,+1.764905812E+00,+0.0E+00,-251.045823E-03,-11.563808E-03
-427.500E-06,+1.776891517E+00,+5.665969E-03,-251.045823E-03,-11.823571E-03
-425.000E-06,+1.789705324E+00,-4.358438E-03,-563.981665E-03,-12.676081E-03
-422.500E-06,+1.775366063E+00,-65.638074E-03,-907.426575E-03,-11.919456E-03
-420.000E-06,+1.788397792E+00,+0.0E+00,-633.716671E-03,-8.033473E-03
-417.500E-06,+1.774058532E+00,-8.281032E-03,-251.045823E-03,-3.174686E-03
-415.000E-06,+1.830151627E+00,-21.705020E-03,-251.045823E-03,-4.848327E-03
-412.500E-06,+1.815158601E+00,-51.691073E-03,+265.864916E-03,-5.355649E-03
-410.000E-06,+1.774058532E+00,+0.0E+00,-251.045823E-03,-8.007322E-03
-407.500E-06,+1.785172548E+00,-44.717572E-03,-28.765490E-03,-6.250000E-03
-405.000E-06,+1.807531334E+00,-59.187586E-03,-842.921692E-03,-11.429568E-03
-402.500E-06,+1.826403370E+00,-37.744072E-03,+40.969516E-03,-3.845886E-03
-400.000E-06,+1.840611877E+00,-66.945605E-03,-258.891013E-03,-6.694561E-03
-397.500E-06,+1.807531334E+00,-5.404463E-03,+110.704523E-03,-6.079149E-03
-395.000E-06,+1.804436844E+00,+0.0E+00,-189.156006E-03,-7.909693E-03
-392.500E-06,+1.819429870E+00,+0.0E+00,+180.439530E-03,-5.742678E-03
-390.000E-06,+1.814112576E+00,-53.783123E-03,-382.670647E-03,-9.349721E-03
-387.500E-06,+1.824180567E+00,+0.0E+00,-584.030478E-03,-13.052650E-03
-385.000E-06,+1.807531334E+00,-20.135983E-03,-251.045823E-03,-8.164226E-03
-382.500E-06,+1.807531334E+00,+0.0E+00,+319.909543E-03,-4.213738E-03
-380.000E-06,+1.874476939E+00,+12.726639E-03,+20.049014E-03,-8.575663E-03
-377.500E-06,+1.839565852E+00,+0.0E+00,+1.030334923E+00,-5.470711E-03
-375.000E-06,+1.841004137E+00,-32.862621E-03,-251.045823E-03,-7.351813E-03
-372.500E-06,+1.776106998E+00,+0.0E+00,-251.045823E-03,-9.536262E-03
-370.000E-06,+1.861532379E+00,+0.0E+00,+7.845391E-03,-8.033473E-03
-367.500E-06,+1.807531334E+00,-11.070432E-03,-140.341501E-03,-3.342050E-03
-365.000E-06,+1.798073524E+00,+0.0E+00,-251.045823E-03,-5.151674E-03
-362.500E-06,+1.865454973E+00,+0.0E+00,-70.606494E-03,-6.077406E-03
-360.000E-06,+1.835033077E+00,-11.942120E-03,+418.410242E-03,-7.649931E-03
-357.500E-06,+1.799075965E+00,+0.0E+00,-251.045823E-03,-9.210251E-03
-355.000E-06,+1.841004137E+00,+0.0E+00,-201.359630E-03,-9.173640E-03
-352.500E-06,+1.839522268E+00,-34.954671E-03,-600.592546E-03,-10.711297E-03
-350.000E-06,+1.841004137E+00,+0.0E+00,+418.410242E-03,-9.171897E-03
-347.500E-06,+1.827013551E+00,-38.964434E-03,-251.045823E-03,-4.576360E-03
-345.000E-06,+1.865498558E+00,-57.967223E-03,-251.045823E-03,-8.213041E-03
-342.500E-06,+1.830500302E+00,+0.0E+00,-461.122532E-03,-11.630056E-03
-340.000E-06,+1.841004137E+00,+50.993723E-03,+418.410242E-03,-13.070084E-03
-337.500E-06,+1.833987052E+00,+0.0E+00,+278.068539E-03,-11.488843E-03
-335.000E-06,+1.841004137E+00,-44.020222E-03,+189.156408E-03,-6.236053E-03
-332.500E-06,+1.844534472E+00,+59.884936E-03,-321.652519E-03,-14.163180E-03
-330.000E-06,+1.841004137E+00,+0.0E+00,+119.421401E-03,-8.774408E-03
-327.500E-06,+1.841004137E+00,-66.945605E-03,+418.410242E-03,-9.372385E-03
-325.000E-06,+1.859440329E+00,-30.073221E-03,-551.778041E-03,-10.575314E-03
-322.500E-06,+1.877920105E+00,+0.0E+00,+349.546924E-03,-10.573571E-03
-320.000E-06,+1.829454277E+00,+0.0E+00,+187.413031E-03,-9.787309E-03
-317.500E-06,+1.841004137E+00,+0.0E+00,-251.045823E-03,-9.372385E-03
-315.000E-06,+1.874476939E+00,-50.819385E-03,+257.148037E-03,-12.372734E-03
-312.500E-06,+1.841004137E+00,+0.0E+00,-251.045823E-03,-10.800210E-03
-310.000E-06,+1.869900580E+00,+0.0E+00,-251.045823E-03,-15.700837E-03
-307.500E-06,+1.841004137E+00,-27.806833E-03,-251.045823E-03,-10.711297E-03
-305.000E-06,+1.841004137E+00,+0.0E+00,+418.410242E-03,-10.624129E-03
-302.500E-06,+1.857086773E+00,+0.0E+00,-920.501888E-03,-11.354603E-03
-300.000E-06,+1.807531334E+00,-62.151323E-03,+370.467426E-03,-9.276500E-03
-297.500E-06,+1.861881054E+00,+0.0E+00,-251.045823E-03,-15.563111E-03
-295.000E-06,+1.862709157E+00,+0.0E+00,-368.723646E-03,-10.946653E-03
-292.500E-06,+1.898840607E+00,+18.218270E-03,-251.045823E-03,-18.143306E-03
-290.000E-06,+1.898579101E+00,+29.463040E-03,-63.632994E-03,-11.460949E-03
-287.500E-06,+1.857871292E+00,-111.401671E-03,-251.045823E-03,-14.492678E-03
-285.000E-06,+1.882234959E+00,-25.714783E-03,-251.045823E-03,-9.682706E-03
-282.500E-06,+1.845275406E+00,-4.271269E-03,-251.045823E-03,-15.810670E-03
-280.000E-06,+1.874476939E+00,-32.688284E-03,+402.719863E-03,-9.372385E-03
-277.500E-06,+1.906598626E+00,-64.243374E-03,-251.045823E-03,-17.189680E-03
-275.000E-06,+1.868287958E+00,-39.661784E-03,-251.045823E-03,-9.619944E-03
-272.500E-06,+1.874476939E+00,-9.675732E-03,-154.288502E-03,-13.776151E-03
-270.000E-06,+1.874476939E+00,-20.310320E-03,-47.942615E-03,-8.439679E-03
-267.500E-06,+1.866152323E+00,+0.0E+00,+418.410242E-03,-12.383194E-03
-265.000E-06,+1.874476939E+00,-13.336820E-03,-251.045823E-03,-14.194561E-03
-262.500E-06,+1.874476939E+00,+0.0E+00,-14.818489E-03,-12.444212E-03
-260.000E-06,+1.844185797E+00,-54.218966E-03,-187.412628E-03,-13.516388E-03
-257.500E-06,+1.877353509E+00,-30.596233E-03,+112.447901E-03,-9.984310E-03
-255.000E-06,+1.841309228E+00,-610.181E-06,-908.298264E-03,-13.364714E-03
-252.500E-06,+1.893261806E+00,+0.0E+00,+42.712894E-03,-11.039052E-03
-250.000E-06,+1.844795978E+00,-7.583682E-03,-844.665069E-03,-14.147490E-03
-247.500E-06,+1.841004137E+00,+0.0E+00,-251.045823E-03,-12.050210E-03
-245.000E-06,+1.874476939E+00,+0.0E+00,-105.473998E-03,-13.680265E-03
-242.500E-06,+1.900235307E+00,+51.516735E-03,+264.121538E-03,-15.862971E-03
-240.000E-06,+1.918715083E+00,+0.0E+00,+203.103409E-03,-6.647490E-03
-237.500E-06,+1.874476939E+00,+0.0E+00,-251.045823E-03,-10.880405E-03
-235.000E-06,+1.888729031E+00,+28.504183E-03,-350.418210E-03,-10.141214E-03
-232.500E-06,+1.907208807E+00,-65.463736E-03,-890.864508E-03,-12.079847E-03
-230.000E-06,+1.892215781E+00,+31.467921E-03,-565.725042E-03,-16.066946E-03
-227.500E-06,+1.905203926E+00,+0.0E+00,-196.129506E-03,-15.627616E-03
-225.000E-06,+1.895702532E+00,+0.0E+00,+173.466029E-03,-11.919456E-03
-222.500E-06,+1.922724846E+00,+0.0E+00,-251.045823E-03,-14.478731E-03
-220.000E-06,+1.858525057E+00,-17.520920E-03,-251.045823E-03,-10.073222E-03
-217.500E-06,+1.907949742E+00,-28.068340E-03,+29.637581E-03,-11.661437E-03
-215.000E-06,+1.874476939E+00,+0.0E+00,-145.571624E-03,-13.178173E-03
-212.500E-06,+1.841004137E+00,-26.412133E-03,-251.045823E-03,-11.767783E-03
-210.000E-06,+1.874476939E+00,-66.945605E-03,-849.023504E-03,-20.012204E-03
-207.500E-06,+1.874476939E+00,-33.385634E-03,+82.810520E-03,-10.043585E-03
-205.000E-06,+1.842703928E+00,-60.146442E-03,-251.045823E-03,-11.982218E-03
-202.500E-06,+1.854297372E+00,+0.0E+00,-654.637173E-03,-11.499303E-03
-200.000E-06,+1.925862922E+00,+0.0E+00,-251.045823E-03,-13.389122E-03
-197.500E-06,+1.888336772E+00,-66.945605E-03,-251.045823E-03,-17.960252E-03
-195.000E-06,+1.874476939E+00,-17.346582E-03,-747.036060E-03,-12.397141E-03
-192.500E-06,+1.874476939E+00,+66.945605E-03,-251.045823E-03,-12.630754E-03
-190.000E-06,+1.874476939E+00,-18.305439E-03,-494.246658E-03,-13.509415E-03
-187.500E-06,+1.874476939E+00,+0.0E+00,+418.410242E-03,-9.712343E-03
-185.000E-06,+1.892302950E+00,+0.0E+00,-251.045823E-03,-11.963041E-03
-182.500E-06,+1.874476939E+00,-65.638074E-03,+418.410242E-03,-12.050210E-03
-180.000E-06,+1.874476939E+00,+0.0E+00,+35.739393E-03,-15.876918E-03
-177.500E-06,+1.907949742E+00,-58.664573E-03,-837.691568E-03,-10.034868E-03
-175.000E-06,+1.862709157E+00,-21.705020E-03,-33.995613E-03,-11.652720E-03
-172.500E-06,+1.848631403E+00,-51.691073E-03,-251.045823E-03,-10.406207E-03
-170.000E-06,+1.881842699E+00,+0.0E+00,+271.095039E-03,-11.300558E-03
-167.500E-06,+1.885590956E+00,+22.489539E-03,+196.129909E-03,-9.372385E-03
-165.000E-06,+1.878355949E+00,-59.187586E-03,+418.410242E-03,-10.711297E-03
-162.500E-06,+1.893348975E+00,-66.945605E-03,+418.410242E-03,-12.634240E-03
-160.000E-06,+1.907557482E+00,+0.0E+00,-251.045823E-03,-10.726988E-03
-157.500E-06,+1.889862225E+00,-30.770571E-03,-305.090451E-03,-5.679916E-03
-155.000E-06,+1.901760760E+00,+0.0E+00,+356.520424E-03,-11.678871E-03
-152.500E-06,+1.874476939E+00,+0.0E+00,-489.016535E-03,-9.848327E-03
-150.000E-06,+1.941422544E+00,-13.162482E-03,-251.045823E-03,-12.576709E-03
-147.500E-06,+1.882888725E+00,+0.0E+00,+418.410242E-03,-9.372385E-03
-145.000E-06,+1.874476939E+00,-46.809622E-03,-251.045823E-03,-11.244770E-03
-142.500E-06,+1.931572475E+00,+0.0E+00,-251.045823E-03,-9.175384E-03
-140.000E-06,+1.874476939E+00,+0.0E+00,-522.140661E-03,-7.458159E-03
-137.500E-06,+1.938545975E+00,-61.192467E-03,-251.045823E-03,-6.752092E-03
-135.000E-06,+1.857435448E+00,+0.0E+00,-251.045823E-03,-11.392957E-03
-132.500E-06,+1.909998208E+00,+0.0E+00,-879.532573E-03,-6.612622E-03
-130.000E-06,+1.874476939E+00,+0.0E+00,-251.045823E-03,-10.407950E-03
-127.500E-06,+1.935887328E+00,+0.0E+00,-140.341501E-03,-10.268480E-03
-125.000E-06,+1.917407552E+00,-48.029985E-03,+40.097828E-03,-10.915272E-03
-122.500E-06,+1.883498906E+00,-18.043932E-03,-70.606494E-03,-8.033473E-03
-120.000E-06,+1.901978682E+00,+0.0E+00,-251.045823E-03,-10.327755E-03
-117.500E-06,+1.899494372E+00,-66.945605E-03,-251.045823E-03,-9.710600E-03
-115.000E-06,+1.910434052E+00,+4.968619E-03,-251.045823E-03,-12.149582E-03
-112.500E-06,+1.875958808E+00,+0.0E+00,-251.045823E-03,-9.372385E-03
-110.000E-06,+1.907949742E+00,+0.0E+00,+398.361428E-03,-8.073571E-03
-107.500E-06,+1.927431959E+00,-38.964434E-03,+418.410242E-03,-9.032427E-03
-105.000E-06,+1.878966130E+00,+0.0E+00,+418.410242E-03,-12.850419E-03
-102.500E-06,+1.930918709E+00,+66.945605E-03,+418.410242E-03,-14.806486E-03
-100.000E-06,+1.933446603E+00,-15.951882E-03,-251.045823E-03,-10.329498E-03
-97.500E-06,+1.900932657E+00,+0.0E+00,+278.068539E-03,-12.050210E-03
-95.000E-06,+1.929959853E+00,-22.925383E-03,-21.791990E-03,-11.555091E-03
-92.500E-06,+1.907949742E+00,+0.0E+00,+347.803546E-03,-5.779289E-03
-90.000E-06,+1.926473103E+00,+37.046722E-03,+47.943017E-03,-9.658299E-03
-87.500E-06,+1.907949742E+00,-66.945605E-03,-251.045823E-03,-10.709554E-03
-85.000E-06,+1.922986352E+00,-30.073221E-03,-251.045823E-03,-14.728034E-03
-82.500E-06,+1.881363271E+00,-6.886332E-03,-251.045823E-03,-10.573571E-03
-80.000E-06,+1.929872684E+00,-43.845884E-03,-43.584180E-03,-16.066946E-03
-77.500E-06,+1.941422544E+00,-13.859832E-03,-251.045823E-03,-8.865063E-03
-75.000E-06,+1.882540049E+00,-50.819385E-03,-759.239684E-03,-12.372734E-03
-72.500E-06,+1.895310272E+00,-20.833333E-03,-459.379155E-03,-10.622385E-03
-70.000E-06,+1.936846185E+00,-57.792885E-03,-251.045823E-03,-10.894352E-03
-67.500E-06,+1.888380356E+00,-27.806833E-03,-251.045823E-03,-15.284171E-03
-65.000E-06,+1.940332935E+00,+0.0E+00,-251.045823E-03,-8.120642E-03
-62.500E-06,+1.925339909E+00,-34.780334E-03,-546.547918E-03,-12.102511E-03
-60.000E-06,+1.876874080E+00,+0.0E+00,-203.103007E-03,-8.417016E-03
-57.500E-06,+1.962299462E+00,+0.0E+00,-251.045823E-03,-8.537308E-03
-55.000E-06,+1.913833633E+00,-11.767782E-03,-251.045823E-03,-9.137030E-03
-52.500E-06,+1.932313409E+00,+0.0E+00,-251.045823E-03,-11.075663E-03
-50.000E-06,+1.941422544E+00,+0.0E+00,-545.676229E-03,-12.799861E-03
-47.500E-06,+1.907949742E+00,+0.0E+00,+193.514842E-03,-11.375523E-03
-45.000E-06,+1.928565153E+00,-25.714783E-03,+161.262405E-03,-9.372385E-03
-42.500E-06,+1.905814107E+00,+0.0E+00,-877.789195E-03,-14.557183E-03
-40.000E-06,+1.891605600E+00,-34.257321E-03,+418.410242E-03,-10.711297E-03
-37.500E-06,+1.940071429E+00,+0.0E+00,-251.045823E-03,-12.158299E-03
-35.000E-06,+1.941422544E+00,+0.0E+00,+21.792392E-03,-13.934798E-03
-32.500E-06,+1.931746813E+00,+57.269873E-03,-154.288502E-03,-13.389122E-03
-30.000E-06,+1.931267384E+00,-20.310320E-03,-251.045823E-03,-5.641562E-03
-27.500E-06,+1.916274358E+00,+0.0E+00,-84.553496E-03,-9.032427E-03
-25.000E-06,+1.914618152E+00,+0.0E+00,-251.045823E-03,-7.228034E-03
-22.500E-06,+1.919761108E+00,-23.622733E-03,-251.045823E-03,-12.050210E-03
-20.000E-06,+1.941422544E+00,+0.0E+00,-856.868693E-03,-10.838564E-03
-17.500E-06,+1.956720661E+00,+0.0E+00,-193.514440E-03,-12.777197E-03
-15.000E-06,+1.941422544E+00,-66.945605E-03,-244.944011E-03,-9.408996E-03
-12.500E-06,+1.937325613E+00,-29.375871E-03,+418.410242E-03,-13.061367E-03
-10.000E-06,+1.911741583E+00,+0.0E+00,-251.045823E-03,-8.462343E-03
-7.500E-06,+1.919150927E+00,-22.402371E-03,+418.410242E-03,-12.946304E-03
-5.000E-06,+1.948701136E+00,-14.557182E-03,+272.838416E-03,-13.097978E-03
-2.500E-06,+1.933708109E+00,-36.087865E-03,+264.121538E-03,-12.771967E-03
-0.0E+00,+1.941422544E+00,+0.0E+00,-251.045823E-03,-10.280684E-03
+2.500E-06,+1.907949742E+00,-116.980471E-03,+333.856545E-03,-6.370293E-03
+5.000E-06,+1.922201834E+00,+0.0E+00,+418.410242E-03,-13.216528E-03
+7.500E-06,+1.908690676E+00,+0.0E+00,-236.227133E-03,-14.757671E-03
+10.000E-06,+1.923683703E+00,+35.477684E-03,+63.633396E-03,-12.130405E-03
+12.500E-06,+1.941422544E+00,+0.0E+00,+308.577608E-03,-18.195607E-03
+15.000E-06,+1.916928124E+00,+0.0E+00,-495.990035E-03,-10.613668E-03
+17.500E-06,+1.914182308E+00,+0.0E+00,-671.199241E-03,-12.641214E-03
+20.000E-06,+1.974895347E+00,+0.0E+00,-570.083477E-03,-10.360879E-03
+22.500E-06,+1.965176031E+00,+0.0E+00,-445.432153E-03,-14.511855E-03
+25.000E-06,+1.941422544E+00,-56.398185E-03,-251.045823E-03,-10.500349E-03
+27.500E-06,+1.954628611E+00,+0.0E+00,+418.410242E-03,-16.349373E-03
+30.000E-06,+1.909736701E+00,-66.945605E-03,-286.785015E-03,-13.460600E-03
+32.500E-06,+1.907949742E+00,+0.0E+00,-586.645544E-03,-15.395747E-03
+35.000E-06,+1.911349323E+00,+0.0E+00,+418.410242E-03,-8.169456E-03
+37.500E-06,+1.941422544E+00,-26.586471E-03,-251.045823E-03,-11.243027E-03
+40.000E-06,+1.974895347E+00,-66.945605E-03,-251.045823E-03,-11.126221E-03
+42.500E-06,+1.965088862E+00,+0.0E+00,-251.045823E-03,-13.781381E-03
+45.000E-06,+1.966222056E+00,+0.0E+00,+244.944414E-03,-12.099024E-03
+47.500E-06,+1.941422544E+00,-12.639470E-03,-377.440524E-03,-9.297420E-03
+50.000E-06,+1.953582586E+00,+24.320083E-03,-251.045823E-03,-12.416318E-03
+52.500E-06,+1.941422544E+00,-61.279636E-03,-251.045823E-03,-9.599024E-03
+55.000E-06,+1.990542139E+00,+31.293583E-03,-251.045823E-03,-7.946304E-03
+57.500E-06,+1.974241581E+00,+64.330543E-03,-907.426575E-03,-9.476988E-03
+60.000E-06,+1.941422544E+00,-38.267084E-03,-537.831040E-03,-9.945956E-03
+62.500E-06,+1.941422544E+00,-58.664573E-03,+418.410242E-03,-11.373780E-03
+65.000E-06,+1.975810619E+00,+45.240584E-03,-251.045823E-03,-12.557532E-03
+67.500E-06,+1.967268081E+00,+0.0E+00,+418.410242E-03,-11.202929E-03
+70.000E-06,+1.956154064E+00,+0.0E+00,-251.045823E-03,-9.077755E-03
+72.500E-06,+1.974895347E+00,-44.717572E-03,-28.765490E-03,-9.367155E-03
+75.000E-06,+1.937543535E+00,+59.187586E-03,-251.045823E-03,-10.556137E-03
+77.500E-06,+1.941422544E+00,-29.201533E-03,+126.394902E-03,-10.127267E-03
+80.000E-06,+1.941422544E+00,+0.0E+00,-243.200634E-03,-13.373431E-03
+82.500E-06,+1.974895347E+00,-36.175034E-03,-251.045823E-03,-10.603208E-03
+85.000E-06,+1.947611526E+00,+0.0E+00,+356.520424E-03,-6.818341E-03
+87.500E-06,+1.965219615E+00,+0.0E+00,+180.439530E-03,-9.937239E-03
+90.000E-06,+1.974895347E+00,+13.162482E-03,+418.410242E-03,-12.336123E-03
+92.500E-06,+1.958071777E+00,-50.122035E-03,-82.810118E-03,-12.393654E-03
+95.000E-06,+1.918017733E+00,+46.809622E-03,-251.045823E-03,-12.855649E-03
+97.500E-06,+1.912874777E+00,-9.850070E-03,-54.044427E-03,-5.552650E-03
+100.000E-06,+1.941422544E+00,+0.0E+00,-649.407050E-03,-9.914575E-03
+102.500E-06,+1.942860829E+00,+0.0E+00,+418.410242E-03,-8.206067E-03
+105.000E-06,+1.991326658E+00,+32.862621E-03,-579.672044E-03,-15.360879E-03
+107.500E-06,+1.970798415E+00,+0.0E+00,-210.076508E-03,-13.389122E-03
+110.000E-06,+1.954367105E+00,-41.056484E-03,+159.519028E-03,-16.281381E-03
+112.500E-06,+1.997297717E+00,+0.0E+00,+307.705920E-03,-9.815203E-03
+115.000E-06,+1.950880355E+00,+0.0E+00,-61.889616E-03,-13.389122E-03
+117.500E-06,+1.974895347E+00,+18.043932E-03,-70.606494E-03,-9.372385E-03
+120.000E-06,+1.968924287E+00,+0.0E+00,-131.624623E-03,-16.689331E-03
+122.500E-06,+1.987404063E+00,+0.0E+00,-251.045823E-03,-12.888773E-03
+125.000E-06,+1.977379657E+00,-61.976986E-03,-251.045823E-03,-14.728034E-03
+127.500E-06,+1.958899880E+00,+0.0E+00,+418.410242E-03,-13.969666E-03
+130.000E-06,+1.943427426E+00,+0.0E+00,-251.045823E-03,-13.308926E-03
+132.500E-06,+1.974895347E+00,-66.945605E-03,+418.410242E-03,-7.473850E-03
+135.000E-06,+1.970406156E+00,-57.967223E-03,-161.262003E-03,-11.691074E-03
+137.500E-06,+2.020833281E+00,+21.007670E-03,-251.045823E-03,-14.307880E-03
+140.000E-06,+1.941422544E+00,+0.0E+00,-251.045823E-03,-14.728034E-03
+142.500E-06,+2.001351064E+00,+0.0E+00,+278.068539E-03,-12.050210E-03
+145.000E-06,+1.974895347E+00,-22.925383E-03,+189.156408E-03,-16.452232E-03
+147.500E-06,+1.974895347E+00,-59.884936E-03,+347.803546E-03,-13.880754E-03
+150.000E-06,+1.959945905E+00,-66.945605E-03,-251.045823E-03,-10.997211E-03
+152.500E-06,+1.974938931E+00,+87.169E-06,-250.174134E-03,-12.051953E-03
+155.000E-06,+1.978294928E+00,+36.872384E-03,+418.410242E-03,-15.000000E-03
+157.500E-06,+1.914836074E+00,+0.0E+00,-251.045823E-03,-10.986751E-03
+160.000E-06,+1.986445207E+00,+0.0E+00,-251.045823E-03,-12.974198E-03
+162.500E-06,+1.974895347E+00,+0.0E+00,-251.045823E-03,-9.926779E-03
+165.000E-06,+1.974895347E+00,-16.126220E-03,-251.045823E-03,-9.001046E-03
+167.500E-06,+1.954062014E+00,+46.112272E-03,+1.743579E-03,-7.200140E-03
+170.000E-06,+1.974895347E+00,-57.792885E-03,-828.974690E-03,-13.629708E-03
+172.500E-06,+1.988798764E+00,+27.806833E-03,+140.341903E-03,-10.484659E-03
+175.000E-06,+1.974895347E+00,+0.0E+00,-251.045823E-03,-9.546723E-03
+177.500E-06,+2.007060618E+00,+0.0E+00,-277.196448E-03,-10.815900E-03
+180.000E-06,+2.008368149E+00,+0.0E+00,+370.467426E-03,-10.615412E-03
+182.500E-06,+1.987491232E+00,+0.0E+00,+418.410242E-03,-7.198396E-03
+185.000E-06,+2.002484258E+00,+0.0E+00,-251.045823E-03,-8.504184E-03
+187.500E-06,+1.999259014E+00,+0.0E+00,+236.227535E-03,-10.711297E-03
+190.000E-06,+1.974895347E+00,-18.741283E-03,-251.045823E-03,-8.783124E-03
+192.500E-06,+1.980517732E+00,-66.945605E-03,-920.501888E-03,-11.825314E-03
+195.000E-06,+1.995510758E+00,-25.714783E-03,+161.262405E-03,-10.711297E-03
+197.500E-06,+1.977030982E+00,+62.674336E-03,-293.758516E-03,-15.554394E-03
+200.000E-06,+1.991239489E+00,-68.514643E-03,+91.527399E-03,-9.403766E-03
+202.500E-06,+1.941422544E+00,+0.0E+00,-251.045823E-03,-5.625872E-03
+205.000E-06,+1.974895347E+00,-39.661784E-03,+21.792392E-03,-9.968620E-03
+207.500E-06,+1.951098276E+00,-9.675732E-03,-154.288502E-03,-12.243724E-03
+210.000E-06,+2.008368149E+00,-46.635285E-03,-251.045823E-03,-9.372385E-03
+212.500E-06,+1.991544579E+00,+50.296373E-03,-84.553496E-03,-10.045328E-03
+215.000E-06,+1.981563757E+00,-53.608785E-03,-787.133686E-03,-6.694561E-03
+217.500E-06,+1.998518080E+00,-23.622733E-03,-251.045823E-03,-11.577755E-03
+220.000E-06,+2.011549809E+00,-6.363319E-03,-187.412628E-03,-12.177476E-03
+222.500E-06,+1.974895347E+00,-30.596233E-03,-614.539547E-03,-10.826360E-03
+225.000E-06,+2.008368149E+00,+0.0E+00,-244.944011E-03,-8.033473E-03
+227.500E-06,+2.012465081E+00,+0.0E+00,-251.045823E-03,-10.547420E-03
+230.000E-06,+2.038049111E+00,-66.945605E-03,-251.045823E-03,-9.524059E-03
+232.500E-06,+1.997297717E+00,+0.0E+00,-251.045823E-03,-15.170851E-03
+235.000E-06,+1.974895347E+00,-37.831241E-03,-251.045823E-03,-15.193515E-03
+237.500E-06,+1.982609782E+00,-66.945605E-03,-96.757120E-03,-10.298117E-03
+240.000E-06,+1.962953227E+00,+0.0E+00,-251.045823E-03,-12.097281E-03
+242.500E-06,+1.979123032E+00,-58.490235E-03,+333.856545E-03,-13.882497E-03
+245.000E-06,+1.974895347E+00,+0.0E+00,-635.460049E-03,-6.694561E-03
+247.500E-06,+2.039618148E+00,+0.0E+00,-251.045823E-03,-15.948397E-03
+250.000E-06,+1.990629308E+00,-35.477684E-03,+103.731023E-03,-14.728034E-03
+252.500E-06,+2.036349320E+00,+0.0E+00,-251.045823E-03,-18.634938E-03
+255.000E-06,+2.020615360E+00,+66.945605E-03,-495.990035E-03,-11.331939E-03
+257.500E-06,+2.002135583E+00,+0.0E+00,-251.045823E-03,-9.870991E-03
+260.000E-06,+2.008368149E+00,+0.0E+00,-251.045823E-03,-10.711297E-03
+262.500E-06,+1.984614663E+00,+0.0E+00,-445.432153E-03,-9.588564E-03
+265.000E-06,+1.974895347E+00,+0.0E+00,-356.520022E-03,-13.673292E-03
+267.500E-06,+2.001307480E+00,+0.0E+00,-251.045823E-03,-12.578452E-03
+270.000E-06,+2.038267033E+00,-3.573919E-03,-251.045823E-03,-17.477337E-03
+272.500E-06,+1.958115361E+00,+0.0E+00,-251.045823E-03,-16.066946E-03
+275.000E-06,+2.038441371E+00,+0.0E+00,+384.414427E-03,-10.779289E-03
+277.500E-06,+2.015254481E+00,-66.945605E-03,-251.045823E-03,-9.353208E-03
+280.000E-06,+2.003181608E+00,-56.572523E-03,+418.410242E-03,-13.389122E-03
+282.500E-06,+1.965088862E+00,+0.0E+00,+418.410242E-03,-15.444561E-03
+285.000E-06,+2.008368149E+00,-49.599023E-03,-251.045823E-03,-11.107044E-03
+287.500E-06,+1.981215082E+00,+0.0E+00,-251.045823E-03,-16.647490E-03
+290.000E-06,+1.996208108E+00,-24.320083E-03,-677.301053E-03,-10.831590E-03
+292.500E-06,+1.980561316E+00,+0.0E+00,-194.386129E-03,-9.485705E-03
+295.000E-06,+2.008368149E+00,-35.652022E-03,+105.474400E-03,-9.372385E-03
+297.500E-06,+2.007714384E+00,+0.0E+00,-251.045823E-03,-12.076360E-03
+300.000E-06,+1.974895347E+00,+0.0E+00,-251.045823E-03,-13.007323E-03
+302.500E-06,+1.974895347E+00,-8.281032E-03,-251.045823E-03,-11.042539E-03
+305.000E-06,+1.974895347E+00,-21.705020E-03,-920.501888E-03,-9.335774E-03
+307.500E-06,+2.008368149E+00,+0.0E+00,-767.956562E-03,-11.745119E-03
+310.000E-06,+2.015733909E+00,-52.214085E-03,-773.186685E-03,-8.033473E-03
+312.500E-06,+2.008368149E+00,-22.489539E-03,-473.326156E-03,-8.917364E-03
+315.000E-06,+2.012247159E+00,-7.758019E-03,+340.830045E-03,-14.262553E-03
+317.500E-06,+1.989496114E+00,+0.0E+00,-251.045823E-03,-11.295328E-03
+320.000E-06,+1.975287606E+00,+0.0E+00,+410.565052E-03,-12.018829E-03
+322.500E-06,+2.023753435E+00,-30.770571E-03,+56.659895E-03,-11.434798E-03
+325.000E-06,+2.038746461E+00,+0.0E+00,+418.410242E-03,-11.678871E-03
+327.500E-06,+2.008368149E+00,-86.297069E-03,+418.410242E-03,-11.752092E-03
+330.000E-06,+2.001786908E+00,-53.783123E-03,-251.045823E-03,-11.523710E-03
+332.500E-06,+2.016779934E+00,-50.122035E-03,-251.045823E-03,-8.040447E-03
+335.000E-06,+1.995031330E+00,+46.809622E-03,-251.045823E-03,-11.375523E-03
+337.500E-06,+2.003443115E+00,+57.095535E-03,-822.001190E-03,-11.656207E-03
+340.000E-06,+1.988450088E+00,+0.0E+00,-378.312213E-03,-10.169108E-03
+342.500E-06,+2.006929865E+00,+0.0E+00,-251.045823E-03,-11.992678E-03
+345.000E-06,+2.008978331E+00,+0.0E+00,+89.784021E-03,-10.005230E-03
+347.500E-06,+2.073265289E+00,+0.0E+00,-210.076508E-03,-10.547420E-03
+350.000E-06,+1.995423589E+00,-25.889121E-03,-661.610674E-03,-9.372385E-03
+352.500E-06,+2.030770520E+00,+0.0E+00,-140.341501E-03,-8.476290E-03
+355.000E-06,+2.008368149E+00,+0.0E+00,-440.202030E-03,-10.915272E-03
+357.500E-06,+1.974895347E+00,+0.0E+00,-251.045823E-03,-7.777197E-03
+360.000E-06,+2.035869892E+00,+0.0E+00,-251.045823E-03,-12.527894E-03
+362.500E-06,+2.020876866E+00,-25.017433E-03,-251.045823E-03,-10.373083E-03
+365.000E-06,+2.010852459E+00,+0.0E+00,+368.724048E-03,-16.066946E-03
+367.500E-06,+2.008368149E+00,+0.0E+00,-251.045823E-03,-12.050210E-03
+370.000E-06,+2.007365709E+00,+0.0E+00,+398.361428E-03,-12.050210E-03
+372.500E-06,+2.022358735E+00,-27.981171E-03,-360.878456E-03,-9.712343E-03
+375.000E-06,+2.041840952E+00,+8.978382E-03,-1.410390313E+00,-10.890865E-03
+377.500E-06,+2.020833281E+00,-21.007670E-03,-461.122532E-03,-14.386332E-03
+380.000E-06,+2.049816893E+00,+0.0E+00,-251.045823E-03,-18.488494E-03
+382.500E-06,+2.041840952E+00,+0.0E+00,+418.410242E-03,-14.166667E-03
+385.000E-06,+2.008368149E+00,+0.0E+00,-21.791990E-03,-16.066946E-03
+387.500E-06,+2.041840952E+00,-59.884936E-03,+277.196851E-03,-13.739540E-03
+390.000E-06,+1.993418708E+00,-37.046722E-03,-251.045823E-03,-10.256276E-03
+392.500E-06,+2.041797367E+00,-87.169E-06,-251.045823E-03,-10.706067E-03
+395.000E-06,+2.023404760E+00,-30.073221E-03,-251.045823E-03,-11.914226E-03
+397.500E-06,+2.041840952E+00,-66.945605E-03,-782.775252E-03,-10.849024E-03
+400.000E-06,+2.075313754E+00,+0.0E+00,-251.045823E-03,-10.758369E-03
+402.500E-06,+2.008368149E+00,+0.0E+00,+279.811917E-03,-10.203975E-03
+405.000E-06,+2.041840952E+00,-50.819385E-03,-251.045823E-03,-12.372734E-03
+407.500E-06,+1.985312013E+00,+25.278940E-03,-503.835225E-03,-8.450140E-03
+410.000E-06,+2.012944509E+00,-9.152720E-03,+326.883044E-03,-15.883892E-03
+412.500E-06,+2.041840952E+00,+11.331939E-03,+27.022515E-03,-10.937936E-03
+415.000E-06,+2.040751342E+00,-66.945605E-03,-251.045823E-03,-14.466528E-03
+417.500E-06,+2.008368149E+00,-34.780334E-03,+418.410242E-03,-12.102511E-03
+420.000E-06,+2.039443811E+00,-62.151323E-03,-872.559072E-03,-9.755928E-03
+422.500E-06,+2.020964035E+00,-41.753834E-03,-251.045823E-03,-8.868550E-03
+425.000E-06,+2.008368149E+00,+0.0E+00,-368.723646E-03,-9.137030E-03
+427.500E-06,+2.050950087E+00,-48.727335E-03,+723.500894E-03,-10.101116E-03
+430.000E-06,+2.017738791E+00,+0.0E+00,+230.997412E-03,-13.014296E-03
+432.500E-06,+2.008368149E+00,-11.244770E-03,-251.045823E-03,-10.047071E-03
+435.000E-06,+1.987752738E+00,+0.0E+00,+6.102013E-03,-13.699443E-03
+437.500E-06,+2.073178120E+00,+62.674336E-03,-293.758516E-03,-12.221060E-03
+440.000E-06,+2.041840952E+00,-32.688284E-03,-251.045823E-03,-9.309624E-03
+442.500E-06,+2.072611523E+00,-2.702231E-03,+418.410242E-03,-14.457811E-03
+445.000E-06,+1.988537257E+00,-39.661784E-03,-251.045823E-03,-11.802650E-03
+447.500E-06,+2.046678818E+00,-47.594141E-03,-823.744567E-03,-13.002092E-03
+450.000E-06,+2.041840952E+00,-46.635285E-03,+418.410242E-03,-14.728034E-03
+452.500E-06,+2.033341998E+00,+0.0E+00,-920.501888E-03,-11.717225E-03
+455.000E-06,+2.021704969E+00,+0.0E+00,-251.045823E-03,-12.850419E-03
+457.500E-06,+2.041840952E+00,+0.0E+00,-251.045823E-03,-10.238843E-03
+460.000E-06,+2.038659292E+00,-66.945605E-03,+354.777047E-03,-12.432009E-03
+462.500E-06,+2.026542835E+00,+0.0E+00,-251.045823E-03,-11.438285E-03
+465.000E-06,+2.041535861E+00,+0.0E+00,-244.944011E-03,-17.357044E-03
+467.500E-06,+2.060625819E+00,-66.945605E-03,+42.712894E-03,-11.134938E-03
+470.000E-06,+2.015951831E+00,-66.945605E-03,-251.045823E-03,-12.782427E-03
+472.500E-06,+2.064112569E+00,+44.543234E-03,-27.022113E-03,-11.159345E-03
+475.000E-06,+2.049119543E+00,+37.831241E-03,+272.838416E-03,-12.806834E-03
+477.500E-06,+2.034126517E+00,+51.516735E-03,+264.121538E-03,-15.036611E-03
+480.000E-06,+2.075313754E+00,-88.476288E-03,-35.738991E-03,-14.297420E-03
+482.500E-06,+2.046068637E+00,+0.0E+00,-251.045823E-03,-13.558229E-03
+485.000E-06,+2.027588860E+00,-66.945605E-03,+517.782629E-03,-11.281381E-03
+487.500E-06,+2.074572820E+00,+0.0E+00,-251.045823E-03,-11.961297E-03
+490.000E-06,+2.043845833E+00,+0.0E+00,-251.045823E-03,-12.839959E-03
+492.500E-06,+2.069822123E+00,+0.0E+00,-305.962140E-03,-15.737448E-03
+495.000E-06,+2.054088162E+00,+0.0E+00,-675.557675E-03,-16.556835E-03
+497.500E-06,+2.041840952E+00,-54.480473E-03,-795.850564E-03,-12.548815E-03
+500.000E-06,+2.066553294E+00,-49.424685E-03,-745.292682E-03,-13.676779E-03
+502.500E-06,+2.051560268E+00,+0.0E+00,+224.023911E-03,-7.688285E-03
+505.000E-06,+2.047114662E+00,+0.0E+00,+418.410242E-03,-7.327406E-03
+507.500E-06,+1.995162083E+00,+0.0E+00,-251.045823E-03,-15.256277E-03
+510.000E-06,+2.105212638E+00,+0.0E+00,+382.671049E-03,-14.370642E-03
+512.500E-06,+2.041753783E+00,+0.0E+00,-251.045823E-03,-13.392608E-03
+515.000E-06,+2.071914173E+00,-3.399581E-03,-251.045823E-03,-10.643306E-03
+517.500E-06,+2.028547716E+00,+13.772663E-03,-251.045823E-03,-10.160391E-03
+520.000E-06,+2.036654411E+00,-56.572523E-03,-251.045823E-03,-8.240935E-03
+522.500E-06,+2.051647437E+00,+47.332635E-03,-447.175531E-03,-10.156904E-03
+525.000E-06,+2.075313754E+00,+49.599023E-03,-747.036060E-03,-11.703278E-03
+527.500E-06,+2.081633489E+00,-54.306135E-03,-377.440524E-03,-14.802999E-03
+530.000E-06,+2.054000993E+00,-24.320083E-03,-677.301053E-03,-9.858787E-03
+532.500E-06,+2.044673937E+00,+61.279636E-03,-251.045823E-03,-11.710251E-03
+535.000E-06,+2.041840952E+00,+0.0E+00,-251.045823E-03,-6.868898E-03
+537.500E-06,+2.041187186E+00,-1.307531E-03,-251.045823E-03,-10.711297E-03
+540.000E-06,+2.056180212E+00,-28.678521E-03,-251.045823E-03,-12.050210E-03
+542.500E-06,+2.075313754E+00,-8.281032E-03,-333.856142E-03,-16.743376E-03
+545.000E-06,+2.075313754E+00,-45.240584E-03,+183.054596E-03,-9.372385E-03
+547.500E-06,+2.060059222E+00,-51.691073E-03,+265.864916E-03,-12.355300E-03
+550.000E-06,+2.049206712E+00,-14.731520E-03,-103.730620E-03,-9.667016E-03
+552.500E-06,+2.075313754E+00,+0.0E+00,-475.941222E-03,-9.372385E-03
+555.000E-06,+2.045719962E+00,+0.0E+00,-251.045823E-03,-14.417713E-03
+557.500E-06,+2.041840952E+00,-37.744072E-03,+126.394902E-03,-12.050210E-03
+560.000E-06,+2.009152668E+00,+784.519E-06,-258.891013E-03,-12.065900E-03
+562.500E-06,+2.023753435E+00,-30.770571E-03,-251.045823E-03,-10.819387E-03
+565.000E-06,+2.102597575E+00,-60.756623E-03,+964.086672E-03,-5.603208E-03
+567.500E-06,+2.029942417E+00,-19.351464E-03,-251.045823E-03,-8.598327E-03
+570.000E-06,+2.068732513E+00,+13.162482E-03,-251.045823E-03,-7.770223E-03
+572.500E-06,+2.058664522E+00,+0.0E+00,-251.045823E-03,-15.730475E-03
+575.000E-06,+2.051908943E+00,+20.135983E-03,-719.142057E-03,-11.516737E-03
+577.500E-06,+2.041840952E+00,-9.850070E-03,-251.045823E-03,-17.011855E-03
+580.000E-06,+2.055395693E+00,-39.836122E-03,-251.045823E-03,-10.744422E-03
+582.500E-06,+2.075313754E+00,+0.0E+00,+418.410242E-03,-10.826360E-03
+585.000E-06,+2.058272263E+00,-32.862621E-03,+89.784021E-03,-12.001395E-03
+587.500E-06,+2.104689625E+00,-4.096931E-03,-879.532573E-03,-14.728034E-03
+590.000E-06,+2.054785512E+00,+0.0E+00,+7.845391E-03,-12.871339E-03
+592.500E-06,+2.075313754E+00,-66.945605E-03,-809.797566E-03,-15.170851E-03
+595.000E-06,+2.089870937E+00,-18.915620E-03,-61.889616E-03,-14.728034E-03
+597.500E-06,+2.050862918E+00,+97.803345E-03,+109.832834E-03,-13.028243E-03
